channel,window_s,state,freq_hz,psd_median_uv2_per_hz,n_epochs
C3-P3,2,ictal,0.5,340.16483205663246,39
C3-P3,2,ictal,1.0,694.8516373327814,39
C3-P3,2,ictal,1.5,572.4046414603082,39
C3-P3,2,ictal,2.0,616.7605088611944,39
C3-P3,2,ictal,2.5,618.8859358013895,39
C3-P3,2,ictal,3.0,573.4236549953981,39
C3-P3,2,ictal,3.5,256.57537477351013,39
C3-P3,2,ictal,4.0,156.65960939421404,39
C3-P3,2,ictal,4.5,97.53048439208682,39
C3-P3,2,ictal,5.0,50.681864351579364,39
C3-P3,2,ictal,5.5,66.17332649127471,39
C3-P3,2,ictal,6.0,64.86828531925589,39
C3-P3,2,ictal,6.5,53.74858484747625,39
C3-P3,2,ictal,7.0,20.050636681816115,39
C3-P3,2,ictal,7.5,32.56468543863876,39
C3-P3,2,ictal,8.0,20.062553517780902,39
C3-P3,2,ictal,8.5,15.057764221993395,39
C3-P3,2,ictal,9.0,17.86214843439328,39
C3-P3,2,ictal,9.5,9.570891635896526,39
C3-P3,2,ictal,10.0,9.075558408396123,39
C3-P3,2,ictal,10.5,7.095535828365324,39
C3-P3,2,ictal,11.0,5.880740618324458,39
C3-P3,2,ictal,11.5,5.616620766756004,39
C3-P3,2,ictal,12.0,3.983514553244617,39
C3-P3,2,ictal,12.5,4.033733366819151,39
C3-P3,2,ictal,13.0,4.322419871267554,39
C3-P3,2,ictal,13.5,2.779521931840415,39
C3-P3,2,ictal,14.0,1.8574686981606838,39
C3-P3,2,ictal,14.5,2.5134114840358155,39
C3-P3,2,ictal,15.0,1.4815636286818132,39
C3-P3,2,ictal,15.5,3.827198250823911,39
C3-P3,2,ictal,16.0,8.885751951880316,39
C3-P3,2,ictal,16.5,2.8552053195461355,39
C3-P3,2,ictal,17.0,0.8750440247336206,39
C3-P3,2,ictal,17.5,1.2244382846278066,39
C3-P3,2,ictal,18.0,1.2788969418909453,39
C3-P3,2,ictal,18.5,1.2129776499015872,39
C3-P3,2,ictal,19.0,1.5072236089481352,39
C3-P3,2,ictal,19.5,1.366977638549074,39
C3-P3,2,ictal,20.0,1.1287657878418578,39
C3-P3,2,ictal,20.5,1.1847560838781561,39
C3-P3,2,ictal,21.0,0.9511046502932495,39
C3-P3,2,ictal,21.5,1.0230192089733097,39
C3-P3,2,ictal,22.0,0.7429223027413795,39
C3-P3,2,ictal,22.5,0.6086756742739395,39
C3-P3,2,ictal,23.0,0.36928918607667927,39
C3-P3,2,ictal,23.5,0.5414925797099724,39
C3-P3,2,ictal,24.0,0.8689514565171091,39
C3-P3,2,ictal,24.5,0.6096157087367313,39
C3-P3,2,ictal,25.0,0.4198742856443047,39
C3-P3,2,ictal,25.5,0.4065749606342042,39
C3-P3,2,ictal,26.0,0.4682805919043214,39
C3-P3,2,ictal,26.5,0.47723043253632963,39
C3-P3,2,ictal,27.0,0.4507223674921146,39
C3-P3,2,ictal,27.5,0.3125826993917093,39
C3-P3,2,ictal,28.0,0.4201712865474218,39
C3-P3,2,ictal,28.5,0.24162550035810454,39
C3-P3,2,ictal,29.0,0.2857074908257288,39
C3-P3,2,ictal,29.5,0.37571059887386304,39
C3-P3,2,ictal,30.0,0.3024242010182254,39
C3-P3,2,ictal,30.5,0.22112995413412076,39
C3-P3,2,ictal,31.0,0.18634700694747608,39
C3-P3,2,ictal,31.5,1.4248135508178015,39
C3-P3,2,ictal,32.0,5.88091416812752,39
C3-P3,2,ictal,32.5,1.8083104875091487,39
C3-P3,2,ictal,33.0,0.21791199248698367,39
C3-P3,2,ictal,33.5,0.2333024966014524,39
C3-P3,2,ictal,34.0,0.21988877042300142,39
C3-P3,2,ictal,34.5,0.2201595658851425,39
C3-P3,2,ictal,35.0,0.1510642803381353,39
C3-P3,2,ictal,35.5,0.15191597144437857,39
C3-P3,2,ictal,36.0,0.1546441391303657,39
C3-P3,2,ictal,36.5,0.06608592900910905,39
C3-P3,2,ictal,37.0,0.0748631436502476,39
C3-P3,2,ictal,37.5,0.09450457910191881,39
C3-P3,2,ictal,38.0,0.11723651502851455,39
C3-P3,2,ictal,38.5,0.08036765581902694,39
C3-P3,2,ictal,39.0,0.061385086816514514,39
C3-P3,2,ictal,39.5,0.050270083695443404,39
C3-P3,2,ictal,40.0,0.07657270866822578,39
C3-P3,2,sin_crisis_anotada,0.5,56.5968976487679,238
C3-P3,2,sin_crisis_anotada,1.0,127.30333920796782,238
C3-P3,2,sin_crisis_anotada,1.5,136.4532319489888,238
C3-P3,2,sin_crisis_anotada,2.0,99.31320081102191,238
C3-P3,2,sin_crisis_anotada,2.5,57.7540434677926,238
C3-P3,2,sin_crisis_anotada,3.0,34.64269300006998,238
C3-P3,2,sin_crisis_anotada,3.5,29.491064331334528,238
C3-P3,2,sin_crisis_anotada,4.0,21.244205825439344,238
C3-P3,2,sin_crisis_anotada,4.5,16.81225734901244,238
C3-P3,2,sin_crisis_anotada,5.0,12.991260871852258,238
C3-P3,2,sin_crisis_anotada,5.5,13.437191588180001,238
C3-P3,2,sin_crisis_anotada,6.0,14.702175422542958,238
C3-P3,2,sin_crisis_anotada,6.5,12.02920459051429,238
C3-P3,2,sin_crisis_anotada,7.0,9.914112010513847,238
C3-P3,2,sin_crisis_anotada,7.5,7.369791309341824,238
C3-P3,2,sin_crisis_anotada,8.0,5.809342371509283,238
C3-P3,2,sin_crisis_anotada,8.5,4.920114943934278,238
C3-P3,2,sin_crisis_anotada,9.0,5.0913556650811245,238
C3-P3,2,sin_crisis_anotada,9.5,4.054369800857511,238
C3-P3,2,sin_crisis_anotada,10.0,3.558220158422362,238
C3-P3,2,sin_crisis_anotada,10.5,3.406779925648763,238
C3-P3,2,sin_crisis_anotada,11.0,3.0153212371422455,238
C3-P3,2,sin_crisis_anotada,11.5,2.644581132422661,238
C3-P3,2,sin_crisis_anotada,12.0,2.436079341677025,238
C3-P3,2,sin_crisis_anotada,12.5,2.318684506210448,238
C3-P3,2,sin_crisis_anotada,13.0,2.6346802657197834,238
C3-P3,2,sin_crisis_anotada,13.5,2.4169580051315855,238
C3-P3,2,sin_crisis_anotada,14.0,1.8720687951318373,238
C3-P3,2,sin_crisis_anotada,14.5,1.1344278209216487,238
C3-P3,2,sin_crisis_anotada,15.0,0.9195508628189553,238
C3-P3,2,sin_crisis_anotada,15.5,3.1893766451503973,238
C3-P3,2,sin_crisis_anotada,16.0,10.548512148338876,238
C3-P3,2,sin_crisis_anotada,16.5,2.85461363649605,238
C3-P3,2,sin_crisis_anotada,17.0,0.40366652074349435,238
C3-P3,2,sin_crisis_anotada,17.5,0.43100062276782913,238
C3-P3,2,sin_crisis_anotada,18.0,0.41025448913677737,238
C3-P3,2,sin_crisis_anotada,18.5,0.3715803744642694,238
C3-P3,2,sin_crisis_anotada,19.0,0.33986408563778187,238
C3-P3,2,sin_crisis_anotada,19.5,0.31026647172368477,238
C3-P3,2,sin_crisis_anotada,20.0,0.30496595264842924,238
C3-P3,2,sin_crisis_anotada,20.5,0.2215576206207656,238
C3-P3,2,sin_crisis_anotada,21.0,0.2148947190929711,238
C3-P3,2,sin_crisis_anotada,21.5,0.21231927089189812,238
C3-P3,2,sin_crisis_anotada,22.0,0.2246781277251744,238
C3-P3,2,sin_crisis_anotada,22.5,0.2220572207715545,238
C3-P3,2,sin_crisis_anotada,23.0,0.20473591785603446,238
C3-P3,2,sin_crisis_anotada,23.5,0.19468010321963142,238
C3-P3,2,sin_crisis_anotada,24.0,0.19808653129479142,238
C3-P3,2,sin_crisis_anotada,24.5,0.17001819301572513,238
C3-P3,2,sin_crisis_anotada,25.0,0.16238802933256324,238
C3-P3,2,sin_crisis_anotada,25.5,0.14486251779774428,238
C3-P3,2,sin_crisis_anotada,26.0,0.1372196897164441,238
C3-P3,2,sin_crisis_anotada,26.5,0.13841055164148464,238
C3-P3,2,sin_crisis_anotada,27.0,0.1134431564927755,238
C3-P3,2,sin_crisis_anotada,27.5,0.12773427554742456,238
C3-P3,2,sin_crisis_anotada,28.0,0.15402121121277382,238
C3-P3,2,sin_crisis_anotada,28.5,0.12894190235874387,238
C3-P3,2,sin_crisis_anotada,29.0,0.09287150350713427,238
C3-P3,2,sin_crisis_anotada,29.5,0.08879984294637053,238
C3-P3,2,sin_crisis_anotada,30.0,0.07575462094353073,238
C3-P3,2,sin_crisis_anotada,30.5,0.08121262296324433,238
C3-P3,2,sin_crisis_anotada,31.0,0.06806560742823747,238
C3-P3,2,sin_crisis_anotada,31.5,1.8231118444175203,238
C3-P3,2,sin_crisis_anotada,32.0,5.84290855659483,238
C3-P3,2,sin_crisis_anotada,32.5,1.8411930929660483,238
C3-P3,2,sin_crisis_anotada,33.0,0.061737749122713514,238
C3-P3,2,sin_crisis_anotada,33.5,0.05407239912223155,238
C3-P3,2,sin_crisis_anotada,34.0,0.04423922463912123,238
C3-P3,2,sin_crisis_anotada,34.5,0.04165583855348505,238
C3-P3,2,sin_crisis_anotada,35.0,0.043911688985299374,238
C3-P3,2,sin_crisis_anotada,35.5,0.04663079722434838,238
C3-P3,2,sin_crisis_anotada,36.0,0.05551723684516803,238
C3-P3,2,sin_crisis_anotada,36.5,0.03594669153663672,238
C3-P3,2,sin_crisis_anotada,37.0,0.028123975868066343,238
C3-P3,2,sin_crisis_anotada,37.5,0.02080946179949752,238
C3-P3,2,sin_crisis_anotada,38.0,0.022879003324897534,238
C3-P3,2,sin_crisis_anotada,38.5,0.017422638664900708,238
C3-P3,2,sin_crisis_anotada,39.0,0.017378383371031834,238
C3-P3,2,sin_crisis_anotada,39.5,0.01589058412932037,238
C3-P3,2,sin_crisis_anotada,40.0,0.016290968461543417,238
C3-P3,2,transicion,0.5,493.89006389862016,2
C3-P3,2,transicion,1.0,424.47632374572265,2
C3-P3,2,transicion,1.5,435.76825177280006,2
C3-P3,2,transicion,2.0,732.4423389266834,2
C3-P3,2,transicion,2.5,231.47110178980432,2
C3-P3,2,transicion,3.0,232.12432381238708,2
C3-P3,2,transicion,3.5,136.7158630459027,2
C3-P3,2,transicion,4.0,39.28804897077635,2
C3-P3,2,transicion,4.5,24.459739978982157,2
C3-P3,2,transicion,5.0,29.638850987917618,2
C3-P3,2,transicion,5.5,22.31405572731269,2
C3-P3,2,transicion,6.0,16.72192159345481,2
C3-P3,2,transicion,6.5,13.716737648320517,2
C3-P3,2,transicion,7.0,8.289419929376722,2
C3-P3,2,transicion,7.5,6.392391236675909,2
C3-P3,2,transicion,8.0,10.16873102403156,2
C3-P3,2,transicion,8.5,9.796816826603681,2
C3-P3,2,transicion,9.0,4.30520667725082,2
C3-P3,2,transicion,9.5,5.0232116414735835,2
C3-P3,2,transicion,10.0,28.68359278437733,2
C3-P3,2,transicion,10.5,50.94421176028757,2
C3-P3,2,transicion,11.0,23.6354609441699,2
C3-P3,2,transicion,11.5,7.988264645346505,2
C3-P3,2,transicion,12.0,2.7660619205374513,2
C3-P3,2,transicion,12.5,17.574270472056636,2
C3-P3,2,transicion,13.0,31.92764771110912,2
C3-P3,2,transicion,13.5,8.997092513013772,2
C3-P3,2,transicion,14.0,6.740450768839876,2
C3-P3,2,transicion,14.5,16.62194697470059,2
C3-P3,2,transicion,15.0,4.766646796456136,2
C3-P3,2,transicion,15.5,3.92754974078751,2
C3-P3,2,transicion,16.0,11.474482909169618,2
C3-P3,2,transicion,16.5,3.6602244745062285,2
C3-P3,2,transicion,17.0,2.1844093253989953,2
C3-P3,2,transicion,17.5,1.2615530884100368,2
C3-P3,2,transicion,18.0,1.1764392834922113,2
C3-P3,2,transicion,18.5,1.0226632545947756,2
C3-P3,2,transicion,19.0,1.1281260984810941,2
C3-P3,2,transicion,19.5,2.0193348693328566,2
C3-P3,2,transicion,20.0,2.0607925464426606,2
C3-P3,2,transicion,20.5,1.2237424965562194,2
C3-P3,2,transicion,21.0,0.5663696424370991,2
C3-P3,2,transicion,21.5,0.3206499157954833,2
C3-P3,2,transicion,22.0,0.9101893589000059,2
C3-P3,2,transicion,22.5,0.589306521403107,2
C3-P3,2,transicion,23.0,0.10504930240895213,2
C3-P3,2,transicion,23.5,0.4259892928831962,2
C3-P3,2,transicion,24.0,0.5615920094671488,2
C3-P3,2,transicion,24.5,0.09436159665600731,2
C3-P3,2,transicion,25.0,0.10755918737526261,2
C3-P3,2,transicion,25.5,0.13161083293247663,2
C3-P3,2,transicion,26.0,0.2948717186852853,2
C3-P3,2,transicion,26.5,0.13007269175945127,2
C3-P3,2,transicion,27.0,0.18094346660877217,2
C3-P3,2,transicion,27.5,0.45998999617988134,2
C3-P3,2,transicion,28.0,0.23308720223675433,2
C3-P3,2,transicion,28.5,0.5045885030488735,2
C3-P3,2,transicion,29.0,0.6957697698578604,2
C3-P3,2,transicion,29.5,0.48987475273203923,2
C3-P3,2,transicion,30.0,0.3796822506485206,2
C3-P3,2,transicion,30.5,0.203521741215593,2
C3-P3,2,transicion,31.0,0.2626283086679875,2
C3-P3,2,transicion,31.5,1.6987849272249598,2
C3-P3,2,transicion,32.0,9.937053066935299,2
C3-P3,2,transicion,32.5,3.9258061975775584,2
C3-P3,2,transicion,33.0,0.15746711781976033,2
C3-P3,2,transicion,33.5,0.21604289108239946,2
C3-P3,2,transicion,34.0,0.2850787500781168,2
C3-P3,2,transicion,34.5,0.1768362030090786,2
C3-P3,2,transicion,35.0,0.07845599610872318,2
C3-P3,2,transicion,35.5,0.09694729873985744,2
C3-P3,2,transicion,36.0,0.28038233013918873,2
C3-P3,2,transicion,36.5,0.24242460803958737,2
C3-P3,2,transicion,37.0,0.12856968678408873,2
C3-P3,2,transicion,37.5,0.07962788276216556,2
C3-P3,2,transicion,38.0,0.2504733450804078,2
C3-P3,2,transicion,38.5,0.19147456665740936,2
C3-P3,2,transicion,39.0,0.17628037973625307,2
C3-P3,2,transicion,39.5,0.21345331950390822,2
C3-P3,2,transicion,40.0,0.03174963860591101,2
C3-P3,4,ictal,0.5,431.3557785552386,19
C3-P3,4,ictal,1.0,1236.5289132727382,19
C3-P3,4,ictal,1.5,1120.9058895180226,19
C3-P3,4,ictal,2.0,876.0356315111779,19
C3-P3,4,ictal,2.5,968.9450189425057,19
C3-P3,4,ictal,3.0,765.5992596074365,19
C3-P3,4,ictal,3.5,274.83870785338405,19
C3-P3,4,ictal,4.0,174.0328696512444,19
C3-P3,4,ictal,4.5,101.42582601947389,19
C3-P3,4,ictal,5.0,74.460571903072,19
C3-P3,4,ictal,5.5,67.24938354738786,19
C3-P3,4,ictal,6.0,66.87860626955045,19
C3-P3,4,ictal,6.5,42.61701778348546,19
C3-P3,4,ictal,7.0,27.896343420037212,19
C3-P3,4,ictal,7.5,39.31910254648998,19
C3-P3,4,ictal,8.0,32.618618220060426,19
C3-P3,4,ictal,8.5,18.564595505051873,19
C3-P3,4,ictal,9.0,17.079062380046818,19
C3-P3,4,ictal,9.5,10.720633238244185,19
C3-P3,4,ictal,10.0,8.640539028292062,19
C3-P3,4,ictal,10.5,8.779517552133555,19
C3-P3,4,ictal,11.0,6.4481190836872635,19
C3-P3,4,ictal,11.5,8.765371005802196,19
C3-P3,4,ictal,12.0,5.004523009444768,19
C3-P3,4,ictal,12.5,4.9137502802625415,19
C3-P3,4,ictal,13.0,5.024692934751399,19
C3-P3,4,ictal,13.5,2.673144193792815,19
C3-P3,4,ictal,14.0,2.585780498266099,19
C3-P3,4,ictal,14.5,2.767356079827137,19
C3-P3,4,ictal,15.0,1.917270966336563,19
C3-P3,4,ictal,15.5,4.489338960866447,19
C3-P3,4,ictal,16.0,7.120126417234833,19
C3-P3,4,ictal,16.5,2.918164329924489,19
C3-P3,4,ictal,17.0,1.1361023007684727,19
C3-P3,4,ictal,17.5,1.6896394874372287,19
C3-P3,4,ictal,18.0,1.7969956135312302,19
C3-P3,4,ictal,18.5,1.4038259802257376,19
C3-P3,4,ictal,19.0,1.8926023548510766,19
C3-P3,4,ictal,19.5,1.8788557259976792,19
C3-P3,4,ictal,20.0,1.5594586755282993,19
C3-P3,4,ictal,20.5,1.1739134671755576,19
C3-P3,4,ictal,21.0,1.4140813122517575,19
C3-P3,4,ictal,21.5,1.2330907157819349,19
C3-P3,4,ictal,22.0,1.2164432920835504,19
C3-P3,4,ictal,22.5,0.9311083839788562,19
C3-P3,4,ictal,23.0,0.6820246520535992,19
C3-P3,4,ictal,23.5,0.6199756248795866,19
C3-P3,4,ictal,24.0,0.9795808385207713,19
C3-P3,4,ictal,24.5,0.6583350133843395,19
C3-P3,4,ictal,25.0,0.4793546987147948,19
C3-P3,4,ictal,25.5,0.539777237248947,19
C3-P3,4,ictal,26.0,0.6691701853298081,19
C3-P3,4,ictal,26.5,0.5076250908886569,19
C3-P3,4,ictal,27.0,0.5700372146343899,19
C3-P3,4,ictal,27.5,0.49916643013914325,19
C3-P3,4,ictal,28.0,0.43300062207802154,19
C3-P3,4,ictal,28.5,0.3589954050441844,19
C3-P3,4,ictal,29.0,0.35125565168134437,19
C3-P3,4,ictal,29.5,0.38225124115009973,19
C3-P3,4,ictal,30.0,0.36602397226510114,19
C3-P3,4,ictal,30.5,0.40117371296046606,19
C3-P3,4,ictal,31.0,0.39188958382990546,19
C3-P3,4,ictal,31.5,1.4568511004643092,19
C3-P3,4,ictal,32.0,5.801878324151859,19
C3-P3,4,ictal,32.5,1.818863066404,19
C3-P3,4,ictal,33.0,0.2967617462183895,19
C3-P3,4,ictal,33.5,0.4629976167063565,19
C3-P3,4,ictal,34.0,0.3718213705321924,19
C3-P3,4,ictal,34.5,0.210270297729328,19
C3-P3,4,ictal,35.0,0.194949769945308,19
C3-P3,4,ictal,35.5,0.19656309201441066,19
C3-P3,4,ictal,36.0,0.1943216776875314,19
C3-P3,4,ictal,36.5,0.23247121879713276,19
C3-P3,4,ictal,37.0,0.14836433613041744,19
C3-P3,4,ictal,37.5,0.1438607844395949,19
C3-P3,4,ictal,38.0,0.18508787243444683,19
C3-P3,4,ictal,38.5,0.11141002023620172,19
C3-P3,4,ictal,39.0,0.1048252131995145,19
C3-P3,4,ictal,39.5,0.06276974159220432,19
C3-P3,4,ictal,40.0,0.07384874126063246,19
C3-P3,4,sin_crisis_anotada,0.5,70.2643373228693,118
C3-P3,4,sin_crisis_anotada,1.0,181.5996198380576,118
C3-P3,4,sin_crisis_anotada,1.5,175.68445735416174,118
C3-P3,4,sin_crisis_anotada,2.0,105.52196678838183,118
C3-P3,4,sin_crisis_anotada,2.5,61.753827143664665,118
C3-P3,4,sin_crisis_anotada,3.0,47.1808558899621,118
C3-P3,4,sin_crisis_anotada,3.5,42.35753480793852,118
C3-P3,4,sin_crisis_anotada,4.0,30.52656079907547,118
C3-P3,4,sin_crisis_anotada,4.5,22.533594137823226,118
C3-P3,4,sin_crisis_anotada,5.0,19.493435981374198,118
C3-P3,4,sin_crisis_anotada,5.5,19.813825302069333,118
C3-P3,4,sin_crisis_anotada,6.0,21.181712422936627,118
C3-P3,4,sin_crisis_anotada,6.5,15.090455414367394,118
C3-P3,4,sin_crisis_anotada,7.0,12.421771257694587,118
C3-P3,4,sin_crisis_anotada,7.5,10.351508188444367,118
C3-P3,4,sin_crisis_anotada,8.0,7.781808143889389,118
C3-P3,4,sin_crisis_anotada,8.5,7.688691144928631,118
C3-P3,4,sin_crisis_anotada,9.0,6.3072813193312465,118
C3-P3,4,sin_crisis_anotada,9.5,6.2479574504703725,118
C3-P3,4,sin_crisis_anotada,10.0,5.213976412485022,118
C3-P3,4,sin_crisis_anotada,10.5,5.029435467120218,118
C3-P3,4,sin_crisis_anotada,11.0,4.827684128727755,118
C3-P3,4,sin_crisis_anotada,11.5,3.8409141289145525,118
C3-P3,4,sin_crisis_anotada,12.0,3.702578189720863,118
C3-P3,4,sin_crisis_anotada,12.5,3.9284156682913185,118
C3-P3,4,sin_crisis_anotada,13.0,3.997479379552183,118
C3-P3,4,sin_crisis_anotada,13.5,3.9028411118020205,118
C3-P3,4,sin_crisis_anotada,14.0,2.7468709606525605,118
C3-P3,4,sin_crisis_anotada,14.5,1.7618400443207511,118
C3-P3,4,sin_crisis_anotada,15.0,1.3405822363693425,118
C3-P3,4,sin_crisis_anotada,15.5,3.4125655143527647,118
C3-P3,4,sin_crisis_anotada,16.0,9.790892258911054,118
C3-P3,4,sin_crisis_anotada,16.5,3.1277112572915846,118
C3-P3,4,sin_crisis_anotada,17.0,0.5684380094466809,118
C3-P3,4,sin_crisis_anotada,17.5,0.5530927474729206,118
C3-P3,4,sin_crisis_anotada,18.0,0.5062964160138042,118
C3-P3,4,sin_crisis_anotada,18.5,0.4599778039748236,118
C3-P3,4,sin_crisis_anotada,19.0,0.3708123675264341,118
C3-P3,4,sin_crisis_anotada,19.5,0.3591976887037569,118
C3-P3,4,sin_crisis_anotada,20.0,0.4161150229404269,118
C3-P3,4,sin_crisis_anotada,20.5,0.3037538994604714,118
C3-P3,4,sin_crisis_anotada,21.0,0.3112093108549998,118
C3-P3,4,sin_crisis_anotada,21.5,0.2679289394708251,118
C3-P3,4,sin_crisis_anotada,22.0,0.31289146700451675,118
C3-P3,4,sin_crisis_anotada,22.5,0.30980428932789517,118
C3-P3,4,sin_crisis_anotada,23.0,0.2846780259923929,118
C3-P3,4,sin_crisis_anotada,23.5,0.2775748726930951,118
C3-P3,4,sin_crisis_anotada,24.0,0.28517469295983267,118
C3-P3,4,sin_crisis_anotada,24.5,0.22319017316340745,118
C3-P3,4,sin_crisis_anotada,25.0,0.18988998081869124,118
C3-P3,4,sin_crisis_anotada,25.5,0.16029069726417622,118
C3-P3,4,sin_crisis_anotada,26.0,0.17345212414687733,118
C3-P3,4,sin_crisis_anotada,26.5,0.18094617890372705,118
C3-P3,4,sin_crisis_anotada,27.0,0.14354875764218766,118
C3-P3,4,sin_crisis_anotada,27.5,0.1715453502999133,118
C3-P3,4,sin_crisis_anotada,28.0,0.18257476472729472,118
C3-P3,4,sin_crisis_anotada,28.5,0.1324181146057452,118
C3-P3,4,sin_crisis_anotada,29.0,0.11627745885483753,118
C3-P3,4,sin_crisis_anotada,29.5,0.10707052210760676,118
C3-P3,4,sin_crisis_anotada,30.0,0.10436509280843577,118
C3-P3,4,sin_crisis_anotada,30.5,0.10163535569915702,118
C3-P3,4,sin_crisis_anotada,31.0,0.0803996355295924,118
C3-P3,4,sin_crisis_anotada,31.5,2.1394703044654992,118
C3-P3,4,sin_crisis_anotada,32.0,6.219964421022807,118
C3-P3,4,sin_crisis_anotada,32.5,1.9860721156820502,118
C3-P3,4,sin_crisis_anotada,33.0,0.07916215039179403,118
C3-P3,4,sin_crisis_anotada,33.5,0.061893675669787006,118
C3-P3,4,sin_crisis_anotada,34.0,0.05227417056381466,118
C3-P3,4,sin_crisis_anotada,34.5,0.05140981235971602,118
C3-P3,4,sin_crisis_anotada,35.0,0.049949662911688966,118
C3-P3,4,sin_crisis_anotada,35.5,0.053666234880491326,118
C3-P3,4,sin_crisis_anotada,36.0,0.06572804750843522,118
C3-P3,4,sin_crisis_anotada,36.5,0.045967987533675966,118
C3-P3,4,sin_crisis_anotada,37.0,0.03570694780521387,118
C3-P3,4,sin_crisis_anotada,37.5,0.026183238507421477,118
C3-P3,4,sin_crisis_anotada,38.0,0.026402133138061876,118
C3-P3,4,sin_crisis_anotada,38.5,0.025066801128867534,118
C3-P3,4,sin_crisis_anotada,39.0,0.02257070185655459,118
C3-P3,4,sin_crisis_anotada,39.5,0.02052433929071064,118
C3-P3,4,sin_crisis_anotada,40.0,0.02254995862787719,118
C3-P3,4,transicion,0.5,318.47945480089476,2
C3-P3,4,transicion,1.0,348.1267457118083,2
C3-P3,4,transicion,1.5,462.0062094914039,2
C3-P3,4,transicion,2.0,508.3623943193562,2
C3-P3,4,transicion,2.5,212.26874105112805,2
C3-P3,4,transicion,3.0,319.30948094567725,2
C3-P3,4,transicion,3.5,206.6701530234727,2
C3-P3,4,transicion,4.0,89.15464139851278,2
C3-P3,4,transicion,4.5,39.66156989117979,2
C3-P3,4,transicion,5.0,29.367595402361317,2
C3-P3,4,transicion,5.5,43.920022443991115,2
C3-P3,4,transicion,6.0,28.24469844469257,2
C3-P3,4,transicion,6.5,14.111650719859295,2
C3-P3,4,transicion,7.0,8.878338051760231,2
C3-P3,4,transicion,7.5,12.291307700184394,2
C3-P3,4,transicion,8.0,8.109978227252656,2
C3-P3,4,transicion,8.5,11.447270728332024,2
C3-P3,4,transicion,9.0,9.48381329879713,2
C3-P3,4,transicion,9.5,12.21055050397173,2
C3-P3,4,transicion,10.0,29.788724736611012,2
C3-P3,4,transicion,10.5,22.17962465725622,2
C3-P3,4,transicion,11.0,18.972256972669978,2
C3-P3,4,transicion,11.5,5.915277836655793,2
C3-P3,4,transicion,12.0,6.866093427282799,2
C3-P3,4,transicion,12.5,11.63617159882687,2
C3-P3,4,transicion,13.0,13.837154185553599,2
C3-P3,4,transicion,13.5,3.9896296295320552,2
C3-P3,4,transicion,14.0,3.7074065335636255,2
C3-P3,4,transicion,14.5,7.3110512451031955,2
C3-P3,4,transicion,15.0,2.995396580553305,2
C3-P3,4,transicion,15.5,5.163806534906717,2
C3-P3,4,transicion,16.0,11.859238153149164,2
C3-P3,4,transicion,16.5,3.3144590779142593,2
C3-P3,4,transicion,17.0,1.574993339088496,2
C3-P3,4,transicion,17.5,0.717142200823677,2
C3-P3,4,transicion,18.0,2.388415936622609,2
C3-P3,4,transicion,18.5,2.251735998652387,2
C3-P3,4,transicion,19.0,1.0882310684198737,2
C3-P3,4,transicion,19.5,2.165932188184592,2
C3-P3,4,transicion,20.0,2.047812603473113,2
C3-P3,4,transicion,20.5,1.4711024183014354,2
C3-P3,4,transicion,21.0,0.8159860572268337,2
C3-P3,4,transicion,21.5,0.7436221823225657,2
C3-P3,4,transicion,22.0,0.6293439408237549,2
C3-P3,4,transicion,22.5,0.48535377457433587,2
C3-P3,4,transicion,23.0,0.46258606134757335,2
C3-P3,4,transicion,23.5,0.5510142257606337,2
C3-P3,4,transicion,24.0,0.44385584891928165,2
C3-P3,4,transicion,24.5,0.25702581359251214,2
C3-P3,4,transicion,25.0,0.18981773358047138,2
C3-P3,4,transicion,25.5,0.42590453827879265,2
C3-P3,4,transicion,26.0,0.4345446873316175,2
C3-P3,4,transicion,26.5,0.28377776640538704,2
C3-P3,4,transicion,27.0,0.22896891035540434,2
C3-P3,4,transicion,27.5,0.21716699198294742,2
C3-P3,4,transicion,28.0,0.26790933830236513,2
C3-P3,4,transicion,28.5,0.346641547722151,2
C3-P3,4,transicion,29.0,0.4195435541667931,2
C3-P3,4,transicion,29.5,0.270578166346271,2
C3-P3,4,transicion,30.0,0.2714844809934248,2
C3-P3,4,transicion,30.5,0.23283239384609394,2
C3-P3,4,transicion,31.0,0.11458821455204866,2
C3-P3,4,transicion,31.5,2.243284308360853,2
C3-P3,4,transicion,32.0,9.222642598183947,2
C3-P3,4,transicion,32.5,2.443026342805681,2
C3-P3,4,transicion,33.0,0.20984954193904232,2
C3-P3,4,transicion,33.5,0.19628243560668637,2
C3-P3,4,transicion,34.0,0.1730641444059184,2
C3-P3,4,transicion,34.5,0.096136649680938,2
C3-P3,4,transicion,35.0,0.07561430946990039,2
C3-P3,4,transicion,35.5,0.09950131153495126,2
C3-P3,4,transicion,36.0,0.13162169558543457,2
C3-P3,4,transicion,36.5,0.09796365396981514,2
C3-P3,4,transicion,37.0,0.09076847345333214,2
C3-P3,4,transicion,37.5,0.06897582568124966,2
C3-P3,4,transicion,38.0,0.10526430406908335,2
C3-P3,4,transicion,38.5,0.11089143994197845,2
C3-P3,4,transicion,39.0,0.09749949959665187,2
C3-P3,4,transicion,39.5,0.08415609960749212,2
C3-P3,4,transicion,40.0,0.015449099638874015,2
C3-P3,8,ictal,0.5,432.5334136477031,9
C3-P3,8,ictal,1.0,1079.1991135242845,9
C3-P3,8,ictal,1.5,1307.9164661020222,9
C3-P3,8,ictal,2.0,1259.5253793188863,9
C3-P3,8,ictal,2.5,809.3607831560914,9
C3-P3,8,ictal,3.0,596.1132608582154,9
C3-P3,8,ictal,3.5,341.7283159248264,9
C3-P3,8,ictal,4.0,157.75617621586042,9
C3-P3,8,ictal,4.5,111.1389741286805,9
C3-P3,8,ictal,5.0,81.31546650206984,9
C3-P3,8,ictal,5.5,69.52830216023135,9
C3-P3,8,ictal,6.0,83.51934610368689,9
C3-P3,8,ictal,6.5,42.22787923561213,9
C3-P3,8,ictal,7.0,26.638263096568938,9
C3-P3,8,ictal,7.5,36.33186788989399,9
C3-P3,8,ictal,8.0,30.736910720682847,9
C3-P3,8,ictal,8.5,18.483176648228202,9
C3-P3,8,ictal,9.0,18.121924485236683,9
C3-P3,8,ictal,9.5,12.373439620180564,9
C3-P3,8,ictal,10.0,10.970378347186355,9
C3-P3,8,ictal,10.5,9.280526392326067,9
C3-P3,8,ictal,11.0,8.467445384593438,9
C3-P3,8,ictal,11.5,6.871473551113942,9
C3-P3,8,ictal,12.0,6.875383009270822,9
C3-P3,8,ictal,12.5,6.869895458450417,9
C3-P3,8,ictal,13.0,5.297905282162256,9
C3-P3,8,ictal,13.5,3.2772315483858523,9
C3-P3,8,ictal,14.0,3.288238853003185,9
C3-P3,8,ictal,14.5,2.76624501469285,9
C3-P3,8,ictal,15.0,1.841936605860077,9
C3-P3,8,ictal,15.5,4.184374937389484,9
C3-P3,8,ictal,16.0,7.1353391217241215,9
C3-P3,8,ictal,16.5,2.4407482275161594,9
C3-P3,8,ictal,17.0,1.432537473623388,9
C3-P3,8,ictal,17.5,2.0314415706230853,9
C3-P3,8,ictal,18.0,2.5522635971574936,9
C3-P3,8,ictal,18.5,1.9404230203337274,9
C3-P3,8,ictal,19.0,1.67885128700361,9
C3-P3,8,ictal,19.5,1.7952171054444943,9
C3-P3,8,ictal,20.0,1.611302293319558,9
C3-P3,8,ictal,20.5,1.8457225298965754,9
C3-P3,8,ictal,21.0,2.345170268351229,9
C3-P3,8,ictal,21.5,1.7427426216422195,9
C3-P3,8,ictal,22.0,0.9397752294652112,9
C3-P3,8,ictal,22.5,1.0627261744747345,9
C3-P3,8,ictal,23.0,0.6657817857171493,9
C3-P3,8,ictal,23.5,0.7918456786620917,9
C3-P3,8,ictal,24.0,1.0372457980221392,9
C3-P3,8,ictal,24.5,0.8609383931008248,9
C3-P3,8,ictal,25.0,0.4875230314921061,9
C3-P3,8,ictal,25.5,0.5450052841449181,9
C3-P3,8,ictal,26.0,0.7724263916504517,9
C3-P3,8,ictal,26.5,0.8423728594073677,9
C3-P3,8,ictal,27.0,0.74432131647143,9
C3-P3,8,ictal,27.5,0.7807009950647286,9
C3-P3,8,ictal,28.0,0.8645134674115068,9
C3-P3,8,ictal,28.5,0.43847565531056404,9
C3-P3,8,ictal,29.0,0.37436239730015036,9
C3-P3,8,ictal,29.5,0.49978836800981924,9
C3-P3,8,ictal,30.0,0.5103444271365049,9
C3-P3,8,ictal,30.5,0.47173219408089484,9
C3-P3,8,ictal,31.0,0.3942917363935791,9
C3-P3,8,ictal,31.5,2.13722113619435,9
C3-P3,8,ictal,32.0,6.382282788326072,9
C3-P3,8,ictal,32.5,1.8115584906211393,9
C3-P3,8,ictal,33.0,0.3823056124415259,9
C3-P3,8,ictal,33.5,0.6420734188472329,9
C3-P3,8,ictal,34.0,0.7128182752489352,9
C3-P3,8,ictal,34.5,0.4585958204341772,9
C3-P3,8,ictal,35.0,0.4185200006077788,9
C3-P3,8,ictal,35.5,0.19050045373624536,9
C3-P3,8,ictal,36.0,0.2552100348904273,9
C3-P3,8,ictal,36.5,0.22990230900736927,9
C3-P3,8,ictal,37.0,0.2592825960478308,9
C3-P3,8,ictal,37.5,0.16894575251095054,9
C3-P3,8,ictal,38.0,0.3132419129184224,9
C3-P3,8,ictal,38.5,0.3121976632157527,9
C3-P3,8,ictal,39.0,0.13560086095419288,9
C3-P3,8,ictal,39.5,0.13028818618343285,9
C3-P3,8,ictal,40.0,0.21481213576841401,9
C3-P3,8,sin_crisis_anotada,0.5,74.83966761631501,58
C3-P3,8,sin_crisis_anotada,1.0,182.845730903208,58
C3-P3,8,sin_crisis_anotada,1.5,179.57847634528,58
C3-P3,8,sin_crisis_anotada,2.0,108.85164819297023,58
C3-P3,8,sin_crisis_anotada,2.5,60.873348976935034,58
C3-P3,8,sin_crisis_anotada,3.0,41.760259788382015,58
C3-P3,8,sin_crisis_anotada,3.5,42.662028810868435,58
C3-P3,8,sin_crisis_anotada,4.0,30.28746797045824,58
C3-P3,8,sin_crisis_anotada,4.5,24.880395940293525,58
C3-P3,8,sin_crisis_anotada,5.0,20.51388484113457,58
C3-P3,8,sin_crisis_anotada,5.5,24.08176824055273,58
C3-P3,8,sin_crisis_anotada,6.0,23.667928909851994,58
C3-P3,8,sin_crisis_anotada,6.5,18.115638618920705,58
C3-P3,8,sin_crisis_anotada,7.0,13.637363143132921,58
C3-P3,8,sin_crisis_anotada,7.5,10.73206474780065,58
C3-P3,8,sin_crisis_anotada,8.0,8.164857410179733,58
C3-P3,8,sin_crisis_anotada,8.5,8.25191703873821,58
C3-P3,8,sin_crisis_anotada,9.0,6.908131265870095,58
C3-P3,8,sin_crisis_anotada,9.5,6.191715877426369,58
C3-P3,8,sin_crisis_anotada,10.0,5.8510404183140565,58
C3-P3,8,sin_crisis_anotada,10.5,5.1688413358077,58
C3-P3,8,sin_crisis_anotada,11.0,5.631239103076664,58
C3-P3,8,sin_crisis_anotada,11.5,5.953404653299781,58
C3-P3,8,sin_crisis_anotada,12.0,4.423263496391737,58
C3-P3,8,sin_crisis_anotada,12.5,5.397990429730955,58
C3-P3,8,sin_crisis_anotada,13.0,5.790232289289067,58
C3-P3,8,sin_crisis_anotada,13.5,5.726886124319758,58
C3-P3,8,sin_crisis_anotada,14.0,3.203811924017272,58
C3-P3,8,sin_crisis_anotada,14.5,2.0592098283828904,58
C3-P3,8,sin_crisis_anotada,15.0,1.5051288957419575,58
C3-P3,8,sin_crisis_anotada,15.5,3.9136395350544952,58
C3-P3,8,sin_crisis_anotada,16.0,9.700335053249965,58
C3-P3,8,sin_crisis_anotada,16.5,3.2752405226246033,58
C3-P3,8,sin_crisis_anotada,17.0,0.7143634168385293,58
C3-P3,8,sin_crisis_anotada,17.5,0.5453859798706138,58
C3-P3,8,sin_crisis_anotada,18.0,0.6170880306754616,58
C3-P3,8,sin_crisis_anotada,18.5,0.515706557656217,58
C3-P3,8,sin_crisis_anotada,19.0,0.41983336757155376,58
C3-P3,8,sin_crisis_anotada,19.5,0.4068884714143277,58
C3-P3,8,sin_crisis_anotada,20.0,0.4622777465880018,58
C3-P3,8,sin_crisis_anotada,20.5,0.38170546414976997,58
C3-P3,8,sin_crisis_anotada,21.0,0.37370666573047145,58
C3-P3,8,sin_crisis_anotada,21.5,0.3371650437812624,58
C3-P3,8,sin_crisis_anotada,22.0,0.3705485573797195,58
C3-P3,8,sin_crisis_anotada,22.5,0.34723487928593066,58
C3-P3,8,sin_crisis_anotada,23.0,0.3463953559756086,58
C3-P3,8,sin_crisis_anotada,23.5,0.31427745680922037,58
C3-P3,8,sin_crisis_anotada,24.0,0.31872315976211824,58
C3-P3,8,sin_crisis_anotada,24.5,0.245028730883231,58
C3-P3,8,sin_crisis_anotada,25.0,0.2151416466191176,58
C3-P3,8,sin_crisis_anotada,25.5,0.20417471678091648,58
C3-P3,8,sin_crisis_anotada,26.0,0.21459082101764615,58
C3-P3,8,sin_crisis_anotada,26.5,0.20937458894581312,58
C3-P3,8,sin_crisis_anotada,27.0,0.20050401976954701,58
C3-P3,8,sin_crisis_anotada,27.5,0.17624729520198956,58
C3-P3,8,sin_crisis_anotada,28.0,0.19625167027141655,58
C3-P3,8,sin_crisis_anotada,28.5,0.16914709829173563,58
C3-P3,8,sin_crisis_anotada,29.0,0.13661830363916969,58
C3-P3,8,sin_crisis_anotada,29.5,0.11914323626235757,58
C3-P3,8,sin_crisis_anotada,30.0,0.11981282034550526,58
C3-P3,8,sin_crisis_anotada,30.5,0.1115500789823955,58
C3-P3,8,sin_crisis_anotada,31.0,0.0899350664436172,58
C3-P3,8,sin_crisis_anotada,31.5,2.175387705415647,58
C3-P3,8,sin_crisis_anotada,32.0,7.574845316295308,58
C3-P3,8,sin_crisis_anotada,32.5,2.1604995675613763,58
C3-P3,8,sin_crisis_anotada,33.0,0.0866165723544072,58
C3-P3,8,sin_crisis_anotada,33.5,0.06938165531434261,58
C3-P3,8,sin_crisis_anotada,34.0,0.05854800985871736,58
C3-P3,8,sin_crisis_anotada,34.5,0.05940125734190403,58
C3-P3,8,sin_crisis_anotada,35.0,0.059311265609608574,58
C3-P3,8,sin_crisis_anotada,35.5,0.06010646715312998,58
C3-P3,8,sin_crisis_anotada,36.0,0.07422795332038302,58
C3-P3,8,sin_crisis_anotada,36.5,0.04806377189945578,58
C3-P3,8,sin_crisis_anotada,37.0,0.03412348805966409,58
C3-P3,8,sin_crisis_anotada,37.5,0.027356225113815406,58
C3-P3,8,sin_crisis_anotada,38.0,0.02889750667689056,58
C3-P3,8,sin_crisis_anotada,38.5,0.02630700857022552,58
C3-P3,8,sin_crisis_anotada,39.0,0.022535454505295916,58
C3-P3,8,sin_crisis_anotada,39.5,0.02023732566794537,58
C3-P3,8,sin_crisis_anotada,40.0,0.02683012239553969,58
C3-P3,8,transicion,0.5,241.1384046834501,2
C3-P3,8,transicion,1.0,508.8990562147579,2
C3-P3,8,transicion,1.5,407.3062881680087,2
C3-P3,8,transicion,2.0,542.5817911715885,2
C3-P3,8,transicion,2.5,501.05079995407584,2
C3-P3,8,transicion,3.0,337.16685242094314,2
C3-P3,8,transicion,3.5,209.19870297739396,2
C3-P3,8,transicion,4.0,118.55080268791697,2
C3-P3,8,transicion,4.5,60.962784512664925,2
C3-P3,8,transicion,5.0,27.440507018331807,2
C3-P3,8,transicion,5.5,39.94639124654712,2
C3-P3,8,transicion,6.0,30.252781332880822,2
C3-P3,8,transicion,6.5,20.07455422665238,2
C3-P3,8,transicion,7.0,7.291911210905309,2
C3-P3,8,transicion,7.5,13.88748239784055,2
C3-P3,8,transicion,8.0,17.281246696578847,2
C3-P3,8,transicion,8.5,8.653796361781993,2
C3-P3,8,transicion,9.0,9.736714369214369,2
C3-P3,8,transicion,9.5,13.932199830307708,2
C3-P3,8,transicion,10.0,19.72146762474884,2
C3-P3,8,transicion,10.5,15.413514775270375,2
C3-P3,8,transicion,11.0,12.435142640103127,2
C3-P3,8,transicion,11.5,6.974202511291688,2
C3-P3,8,transicion,12.0,9.09087137813275,2
C3-P3,8,transicion,12.5,7.977734423261766,2
C3-P3,8,transicion,13.0,10.16670474356813,2
C3-P3,8,transicion,13.5,5.832246772083364,2
C3-P3,8,transicion,14.0,3.590777940105812,2
C3-P3,8,transicion,14.5,4.324915188570668,2
C3-P3,8,transicion,15.0,2.6536021240792196,2
C3-P3,8,transicion,15.5,5.776239283952295,2
C3-P3,8,transicion,16.0,13.78476786634568,2
C3-P3,8,transicion,16.5,4.085277612108456,2
C3-P3,8,transicion,17.0,1.6695862639067633,2
C3-P3,8,transicion,17.5,1.4597410546967855,2
C3-P3,8,transicion,18.0,1.6017067418203574,2
C3-P3,8,transicion,18.5,1.4839260718371718,2
C3-P3,8,transicion,19.0,1.2759110011610577,2
C3-P3,8,transicion,19.5,1.6452007857584987,2
C3-P3,8,transicion,20.0,1.4734661265858926,2
C3-P3,8,transicion,20.5,1.342756414404164,2
C3-P3,8,transicion,21.0,0.7842449012988233,2
C3-P3,8,transicion,21.5,0.7056207112665992,2
C3-P3,8,transicion,22.0,0.4582619143181942,2
C3-P3,8,transicion,22.5,0.6427565960153709,2
C3-P3,8,transicion,23.0,0.5368075974560976,2
C3-P3,8,transicion,23.5,0.42835291477805115,2
C3-P3,8,transicion,24.0,0.4588214997231518,2
C3-P3,8,transicion,24.5,0.2768492858084709,2
C3-P3,8,transicion,25.0,0.23446117022417062,2
C3-P3,8,transicion,25.5,0.3570805655980853,2
C3-P3,8,transicion,26.0,0.3563793718484811,2
C3-P3,8,transicion,26.5,0.3484563846466964,2
C3-P3,8,transicion,27.0,0.2248677802352648,2
C3-P3,8,transicion,27.5,0.22400270019630902,2
C3-P3,8,transicion,28.0,0.38396900037686743,2
C3-P3,8,transicion,28.5,0.3175156021880676,2
C3-P3,8,transicion,29.0,0.2363417159421396,2
C3-P3,8,transicion,29.5,0.19934140425230623,2
C3-P3,8,transicion,30.0,0.218176388573849,2
C3-P3,8,transicion,30.5,0.15872494179130944,2
C3-P3,8,transicion,31.0,0.10357346215341631,2
C3-P3,8,transicion,31.5,2.2964354527570134,2
C3-P3,8,transicion,32.0,8.994694987807204,2
C3-P3,8,transicion,32.5,2.4081675150598567,2
C3-P3,8,transicion,33.0,0.1741534167894672,2
C3-P3,8,transicion,33.5,0.1781258447283367,2
C3-P3,8,transicion,34.0,0.17761311562120166,2
C3-P3,8,transicion,34.5,0.1040589691435435,2
C3-P3,8,transicion,35.0,0.10235084131125805,2
C3-P3,8,transicion,35.5,0.1192399331924772,2
C3-P3,8,transicion,36.0,0.11028932196520301,2
C3-P3,8,transicion,36.5,0.07509858789687952,2
C3-P3,8,transicion,37.0,0.061466480879957215,2
C3-P3,8,transicion,37.5,0.06235560593289864,2
C3-P3,8,transicion,38.0,0.0738529273532238,2
C3-P3,8,transicion,38.5,0.06319692768952158,2
C3-P3,8,transicion,39.0,0.0523381963851622,2
C3-P3,8,transicion,39.5,0.056459315592930534,2
C3-P3,8,transicion,40.0,0.04246050375308159,2
C4-P4,2,ictal,0.5,437.60040444746744,39
C4-P4,2,ictal,1.0,783.9284316029756,39
C4-P4,2,ictal,1.5,1394.3713180653021,39
C4-P4,2,ictal,2.0,1346.5543550807738,39
C4-P4,2,ictal,2.5,1165.9416221748777,39
C4-P4,2,ictal,3.0,1069.0165023785178,39
C4-P4,2,ictal,3.5,551.6600530144449,39
C4-P4,2,ictal,4.0,289.220675878085,39
C4-P4,2,ictal,4.5,136.34286574913105,39
C4-P4,2,ictal,5.0,91.222562713717,39
C4-P4,2,ictal,5.5,80.6444963989079,39
C4-P4,2,ictal,6.0,57.489569975465024,39
C4-P4,2,ictal,6.5,89.99774592566607,39
C4-P4,2,ictal,7.0,42.843106789154774,39
C4-P4,2,ictal,7.5,24.797922915832665,39
C4-P4,2,ictal,8.0,30.221312635927564,39
C4-P4,2,ictal,8.5,21.609085615550967,39
C4-P4,2,ictal,9.0,13.328135439408221,39
C4-P4,2,ictal,9.5,8.197350790618573,39
C4-P4,2,ictal,10.0,8.448635354149452,39
C4-P4,2,ictal,10.5,12.817126590861037,39
C4-P4,2,ictal,11.0,8.829715120713555,39
C4-P4,2,ictal,11.5,9.768694480801159,39
C4-P4,2,ictal,12.0,6.790928223930081,39
C4-P4,2,ictal,12.5,8.068957858353762,39
C4-P4,2,ictal,13.0,7.74601389220416,39
C4-P4,2,ictal,13.5,5.173248835553846,39
C4-P4,2,ictal,14.0,4.03417170329523,39
C4-P4,2,ictal,14.5,4.107415840859806,39
C4-P4,2,ictal,15.0,3.6029426303912713,39
C4-P4,2,ictal,15.5,7.632165716453406,39
C4-P4,2,ictal,16.0,17.009008952867408,39
C4-P4,2,ictal,16.5,7.31016800451507,39
C4-P4,2,ictal,17.0,2.513634154830681,39
C4-P4,2,ictal,17.5,2.4470709928835412,39
C4-P4,2,ictal,18.0,2.269914817094736,39
C4-P4,2,ictal,18.5,1.840474705734932,39
C4-P4,2,ictal,19.0,1.806441368982822,39
C4-P4,2,ictal,19.5,2.6660679161203507,39
C4-P4,2,ictal,20.0,1.9141338123997356,39
C4-P4,2,ictal,20.5,2.8267990855234135,39
C4-P4,2,ictal,21.0,2.212556882343306,39
C4-P4,2,ictal,21.5,1.587415361984894,39
C4-P4,2,ictal,22.0,1.9304669497372509,39
C4-P4,2,ictal,22.5,1.876877237975377,39
C4-P4,2,ictal,23.0,1.5470661193869863,39
C4-P4,2,ictal,23.5,2.0446568342408105,39
C4-P4,2,ictal,24.0,1.5714495250671814,39
C4-P4,2,ictal,24.5,1.6129808691286576,39
C4-P4,2,ictal,25.0,1.3735474707234712,39
C4-P4,2,ictal,25.5,2.564846661247535,39
C4-P4,2,ictal,26.0,2.3186241353740487,39
C4-P4,2,ictal,26.5,1.3701791394588196,39
C4-P4,2,ictal,27.0,1.1372859409759666,39
C4-P4,2,ictal,27.5,1.0163748624327524,39
C4-P4,2,ictal,28.0,1.710495223169809,39
C4-P4,2,ictal,28.5,1.0631805823745883,39
C4-P4,2,ictal,29.0,1.2362364065459468,39
C4-P4,2,ictal,29.5,1.393864664381749,39
C4-P4,2,ictal,30.0,1.2431840269118004,39
C4-P4,2,ictal,30.5,1.1475185116387412,39
C4-P4,2,ictal,31.0,0.9275719939250218,39
C4-P4,2,ictal,31.5,3.796125796519102,39
C4-P4,2,ictal,32.0,7.78309807933719,39
C4-P4,2,ictal,32.5,2.933077407713195,39
C4-P4,2,ictal,33.0,0.9341076872272631,39
C4-P4,2,ictal,33.5,0.743237852932626,39
C4-P4,2,ictal,34.0,1.052374027860592,39
C4-P4,2,ictal,34.5,0.7809525061098743,39
C4-P4,2,ictal,35.0,0.8324214082177266,39
C4-P4,2,ictal,35.5,0.8074623229371136,39
C4-P4,2,ictal,36.0,0.5855544908772593,39
C4-P4,2,ictal,36.5,0.6571099973869617,39
C4-P4,2,ictal,37.0,0.32179751744524326,39
C4-P4,2,ictal,37.5,0.7009660586747122,39
C4-P4,2,ictal,38.0,0.5100728787630905,39
C4-P4,2,ictal,38.5,0.3270460623562054,39
C4-P4,2,ictal,39.0,0.42796136967632903,39
C4-P4,2,ictal,39.5,0.34949648168349284,39
C4-P4,2,ictal,40.0,0.45732961388737814,39
C4-P4,2,sin_crisis_anotada,0.5,54.805668040709435,238
C4-P4,2,sin_crisis_anotada,1.0,130.41812814689754,238
C4-P4,2,sin_crisis_anotada,1.5,149.339480841791,238
C4-P4,2,sin_crisis_anotada,2.0,99.84216710975446,238
C4-P4,2,sin_crisis_anotada,2.5,59.04824206412613,238
C4-P4,2,sin_crisis_anotada,3.0,41.75642761573438,238
C4-P4,2,sin_crisis_anotada,3.5,44.75183202759523,238
C4-P4,2,sin_crisis_anotada,4.0,32.668498111123775,238
C4-P4,2,sin_crisis_anotada,4.5,21.66218833634096,238
C4-P4,2,sin_crisis_anotada,5.0,18.211538787387,238
C4-P4,2,sin_crisis_anotada,5.5,16.943070890082225,238
C4-P4,2,sin_crisis_anotada,6.0,16.732914375614165,238
C4-P4,2,sin_crisis_anotada,6.5,12.504881883276493,238
C4-P4,2,sin_crisis_anotada,7.0,10.316115842070086,238
C4-P4,2,sin_crisis_anotada,7.5,8.560562788833186,238
C4-P4,2,sin_crisis_anotada,8.0,6.727081130234449,238
C4-P4,2,sin_crisis_anotada,8.5,6.5763788018172615,238
C4-P4,2,sin_crisis_anotada,9.0,5.546716493245709,238
C4-P4,2,sin_crisis_anotada,9.5,5.219906788113979,238
C4-P4,2,sin_crisis_anotada,10.0,4.180432808417158,238
C4-P4,2,sin_crisis_anotada,10.5,3.968024690372192,238
C4-P4,2,sin_crisis_anotada,11.0,3.354803541917736,238
C4-P4,2,sin_crisis_anotada,11.5,3.988506640738545,238
C4-P4,2,sin_crisis_anotada,12.0,3.215097495662987,238
C4-P4,2,sin_crisis_anotada,12.5,2.587872369389757,238
C4-P4,2,sin_crisis_anotada,13.0,2.916154323805865,238
C4-P4,2,sin_crisis_anotada,13.5,2.4329592577213623,238
C4-P4,2,sin_crisis_anotada,14.0,2.3873764411583194,238
C4-P4,2,sin_crisis_anotada,14.5,1.7203566632376517,238
C4-P4,2,sin_crisis_anotada,15.0,1.295318872978823,238
C4-P4,2,sin_crisis_anotada,15.5,9.792283121182042,238
C4-P4,2,sin_crisis_anotada,16.0,34.87354488128206,238
C4-P4,2,sin_crisis_anotada,16.5,7.616624287226038,238
C4-P4,2,sin_crisis_anotada,17.0,0.473741222344878,238
C4-P4,2,sin_crisis_anotada,17.5,0.5304702596387207,238
C4-P4,2,sin_crisis_anotada,18.0,0.47620278905880653,238
C4-P4,2,sin_crisis_anotada,18.5,0.41795250251264127,238
C4-P4,2,sin_crisis_anotada,19.0,0.39716853278670095,238
C4-P4,2,sin_crisis_anotada,19.5,0.3952162502915413,238
C4-P4,2,sin_crisis_anotada,20.0,0.3016577376672702,238
C4-P4,2,sin_crisis_anotada,20.5,0.2946403000377601,238
C4-P4,2,sin_crisis_anotada,21.0,0.2957259383890948,238
C4-P4,2,sin_crisis_anotada,21.5,0.2269782207050469,238
C4-P4,2,sin_crisis_anotada,22.0,0.24691940161919476,238
C4-P4,2,sin_crisis_anotada,22.5,0.2552761391146523,238
C4-P4,2,sin_crisis_anotada,23.0,0.23861905989146787,238
C4-P4,2,sin_crisis_anotada,23.5,0.2323636563779584,238
C4-P4,2,sin_crisis_anotada,24.0,0.25864908194350866,238
C4-P4,2,sin_crisis_anotada,24.5,0.24916481762826448,238
C4-P4,2,sin_crisis_anotada,25.0,0.20275215611143027,238
C4-P4,2,sin_crisis_anotada,25.5,0.19590270752895902,238
C4-P4,2,sin_crisis_anotada,26.0,0.16933710211657046,238
C4-P4,2,sin_crisis_anotada,26.5,0.14132860749145576,238
C4-P4,2,sin_crisis_anotada,27.0,0.13975781531878598,238
C4-P4,2,sin_crisis_anotada,27.5,0.12448673781995072,238
C4-P4,2,sin_crisis_anotada,28.0,0.16485824566145768,238
C4-P4,2,sin_crisis_anotada,28.5,0.13262858986094106,238
C4-P4,2,sin_crisis_anotada,29.0,0.1102403414100015,238
C4-P4,2,sin_crisis_anotada,29.5,0.1010197974997184,238
C4-P4,2,sin_crisis_anotada,30.0,0.09263056256815823,238
C4-P4,2,sin_crisis_anotada,30.5,0.0909240449540602,238
C4-P4,2,sin_crisis_anotada,31.0,0.09581523645425183,238
C4-P4,2,sin_crisis_anotada,31.5,4.836467073134402,238
C4-P4,2,sin_crisis_anotada,32.0,9.633921985171936,238
C4-P4,2,sin_crisis_anotada,32.5,4.415643878935627,238
C4-P4,2,sin_crisis_anotada,33.0,0.0816090351310855,238
C4-P4,2,sin_crisis_anotada,33.5,0.05949825875843217,238
C4-P4,2,sin_crisis_anotada,34.0,0.06355958157327414,238
C4-P4,2,sin_crisis_anotada,34.5,0.04318838299350371,238
C4-P4,2,sin_crisis_anotada,35.0,0.04155887913816387,238
C4-P4,2,sin_crisis_anotada,35.5,0.04028486139402266,238
C4-P4,2,sin_crisis_anotada,36.0,0.037133973913412686,238
C4-P4,2,sin_crisis_anotada,36.5,0.039032953793923714,238
C4-P4,2,sin_crisis_anotada,37.0,0.03581807337316961,238
C4-P4,2,sin_crisis_anotada,37.5,0.028926305412098806,238
C4-P4,2,sin_crisis_anotada,38.0,0.02480361574760026,238
C4-P4,2,sin_crisis_anotada,38.5,0.019303381285678385,238
C4-P4,2,sin_crisis_anotada,39.0,0.01920319018771776,238
C4-P4,2,sin_crisis_anotada,39.5,0.020863407033012864,238
C4-P4,2,sin_crisis_anotada,40.0,0.018620282390585954,238
C4-P4,2,transicion,0.5,105.38699998962952,2
C4-P4,2,transicion,1.0,139.01435763559442,2
C4-P4,2,transicion,1.5,240.9178310157331,2
C4-P4,2,transicion,2.0,412.27799594881856,2
C4-P4,2,transicion,2.5,532.3695882190092,2
C4-P4,2,transicion,3.0,236.052099338584,2
C4-P4,2,transicion,3.5,31.73148916889211,2
C4-P4,2,transicion,4.0,10.110966810121878,2
C4-P4,2,transicion,4.5,30.783289859302496,2
C4-P4,2,transicion,5.0,100.7476313574541,2
C4-P4,2,transicion,5.5,42.33651771344804,2
C4-P4,2,transicion,6.0,22.18910082523059,2
C4-P4,2,transicion,6.5,8.839698160443564,2
C4-P4,2,transicion,7.0,20.85423582508915,2
C4-P4,2,transicion,7.5,50.76198618589666,2
C4-P4,2,transicion,8.0,47.89778124693699,2
C4-P4,2,transicion,8.5,8.868259099734718,2
C4-P4,2,transicion,9.0,7.1963868297584845,2
C4-P4,2,transicion,9.5,13.283085058025936,2
C4-P4,2,transicion,10.0,34.5314071366421,2
C4-P4,2,transicion,10.5,32.841979441864105,2
C4-P4,2,transicion,11.0,13.402951426730565,2
C4-P4,2,transicion,11.5,23.885028706717932,2
C4-P4,2,transicion,12.0,13.901491458457883,2
C4-P4,2,transicion,12.5,7.292477984919428,2
C4-P4,2,transicion,13.0,7.302646486040602,2
C4-P4,2,transicion,13.5,3.4364844123901497,2
C4-P4,2,transicion,14.0,1.5678419078326826,2
C4-P4,2,transicion,14.5,1.757092329041162,2
C4-P4,2,transicion,15.0,4.2378373791488855,2
C4-P4,2,transicion,15.5,7.7990634841688795,2
C4-P4,2,transicion,16.0,27.64771990440865,2
C4-P4,2,transicion,16.5,7.471192387877892,2
C4-P4,2,transicion,17.0,1.2673490688408053,2
C4-P4,2,transicion,17.5,0.9427497493716838,2
C4-P4,2,transicion,18.0,0.5107217874304928,2
C4-P4,2,transicion,18.5,0.12438267665110761,2
C4-P4,2,transicion,19.0,0.3486566383872154,2
C4-P4,2,transicion,19.5,1.6939854431678492,2
C4-P4,2,transicion,20.0,3.5202410611143122,2
C4-P4,2,transicion,20.5,1.8777073965307514,2
C4-P4,2,transicion,21.0,0.3330547552484092,2
C4-P4,2,transicion,21.5,0.5797543364910073,2
C4-P4,2,transicion,22.0,1.2518828723379374,2
C4-P4,2,transicion,22.5,0.30152255098112,2
C4-P4,2,transicion,23.0,0.6890862535594433,2
C4-P4,2,transicion,23.5,0.8153702999808616,2
C4-P4,2,transicion,24.0,1.2988170741192921,2
C4-P4,2,transicion,24.5,1.1599956202885788,2
C4-P4,2,transicion,25.0,2.0418782758330205,2
C4-P4,2,transicion,25.5,1.2424118322330913,2
C4-P4,2,transicion,26.0,0.1991323037940928,2
C4-P4,2,transicion,26.5,0.3959134956447913,2
C4-P4,2,transicion,27.0,0.7049957717208499,2
C4-P4,2,transicion,27.5,0.565015180626934,2
C4-P4,2,transicion,28.0,0.23680060924287072,2
C4-P4,2,transicion,28.5,0.2864210722769682,2
C4-P4,2,transicion,29.0,0.6809926596526004,2
C4-P4,2,transicion,29.5,0.17729880898778583,2
C4-P4,2,transicion,30.0,0.028056009305955185,2
C4-P4,2,transicion,30.5,0.11158068586023753,2
C4-P4,2,transicion,31.0,0.34810086952857466,2
C4-P4,2,transicion,31.5,5.66493674131398,2
C4-P4,2,transicion,32.0,23.9316776631644,2
C4-P4,2,transicion,32.5,6.699773060394805,2
C4-P4,2,transicion,33.0,0.15577019216246207,2
C4-P4,2,transicion,33.5,0.24646874197361895,2
C4-P4,2,transicion,34.0,0.0910431973728081,2
C4-P4,2,transicion,34.5,0.1205641977896731,2
C4-P4,2,transicion,35.0,0.08024824201298647,2
C4-P4,2,transicion,35.5,0.5141447878558684,2
C4-P4,2,transicion,36.0,1.4356708359883217,2
C4-P4,2,transicion,36.5,1.074485816365909,2
C4-P4,2,transicion,37.0,0.48608488480302614,2
C4-P4,2,transicion,37.5,0.6162816182838,2
C4-P4,2,transicion,38.0,0.884425056521919,2
C4-P4,2,transicion,38.5,0.34323117997730074,2
C4-P4,2,transicion,39.0,0.09465740524047724,2
C4-P4,2,transicion,39.5,0.08468455010581817,2
C4-P4,2,transicion,40.0,0.15298382989761464,2
C4-P4,4,ictal,0.5,691.6010669194733,19
C4-P4,4,ictal,1.0,1514.3963903607291,19
C4-P4,4,ictal,1.5,1377.7731354566938,19
C4-P4,4,ictal,2.0,1639.3629674470249,19
C4-P4,4,ictal,2.5,1173.3608395420536,19
C4-P4,4,ictal,3.0,1517.9243272890365,19
C4-P4,4,ictal,3.5,573.0386031234226,19
C4-P4,4,ictal,4.0,275.2902911469583,19
C4-P4,4,ictal,4.5,176.6966553256947,19
C4-P4,4,ictal,5.0,130.22706323039696,19
C4-P4,4,ictal,5.5,123.89377587188146,19
C4-P4,4,ictal,6.0,94.97713563750521,19
C4-P4,4,ictal,6.5,112.35298770982867,19
C4-P4,4,ictal,7.0,55.253353546795175,19
C4-P4,4,ictal,7.5,43.65565377381162,19
C4-P4,4,ictal,8.0,37.27416499010315,19
C4-P4,4,ictal,8.5,31.078012967193388,19
C4-P4,4,ictal,9.0,13.895401891245521,19
C4-P4,4,ictal,9.5,13.005684901858075,19
C4-P4,4,ictal,10.0,11.850407790109605,19
C4-P4,4,ictal,10.5,16.607436217561133,19
C4-P4,4,ictal,11.0,11.33669200006545,19
C4-P4,4,ictal,11.5,9.345180725142589,19
C4-P4,4,ictal,12.0,10.857008999697479,19
C4-P4,4,ictal,12.5,9.39056979485193,19
C4-P4,4,ictal,13.0,10.23106081368234,19
C4-P4,4,ictal,13.5,5.248934698264532,19
C4-P4,4,ictal,14.0,4.306520539234845,19
C4-P4,4,ictal,14.5,6.185078937515184,19
C4-P4,4,ictal,15.0,5.184459810122482,19
C4-P4,4,ictal,15.5,5.8939762803309295,19
C4-P4,4,ictal,16.0,15.537756067670509,19
C4-P4,4,ictal,16.5,6.015354653330021,19
C4-P4,4,ictal,17.0,2.9683950826530414,19
C4-P4,4,ictal,17.5,2.2328977617984953,19
C4-P4,4,ictal,18.0,3.7197095662494912,19
C4-P4,4,ictal,18.5,3.013052993341971,19
C4-P4,4,ictal,19.0,4.313869723877187,19
C4-P4,4,ictal,19.5,4.596078307197044,19
C4-P4,4,ictal,20.0,3.147002257778411,19
C4-P4,4,ictal,20.5,2.5252942905091236,19
C4-P4,4,ictal,21.0,2.9689559677309973,19
C4-P4,4,ictal,21.5,2.367209051365732,19
C4-P4,4,ictal,22.0,2.295772279073386,19
C4-P4,4,ictal,22.5,2.4089171356503734,19
C4-P4,4,ictal,23.0,2.1406604408652368,19
C4-P4,4,ictal,23.5,3.7103983511234877,19
C4-P4,4,ictal,24.0,2.9876023968705834,19
C4-P4,4,ictal,24.5,1.9558943405460116,19
C4-P4,4,ictal,25.0,2.556790314073952,19
C4-P4,4,ictal,25.5,3.7872517377621473,19
C4-P4,4,ictal,26.0,3.875990179086072,19
C4-P4,4,ictal,26.5,2.36011463852719,19
C4-P4,4,ictal,27.0,1.0620270816208042,19
C4-P4,4,ictal,27.5,1.8682063204654773,19
C4-P4,4,ictal,28.0,2.915823850544307,19
C4-P4,4,ictal,28.5,2.4760210267315435,19
C4-P4,4,ictal,29.0,2.993411999171471,19
C4-P4,4,ictal,29.5,2.6684458387219867,19
C4-P4,4,ictal,30.0,2.3764682578165766,19
C4-P4,4,ictal,30.5,1.6844724142042449,19
C4-P4,4,ictal,31.0,2.8878054944414244,19
C4-P4,4,ictal,31.5,4.332713623546476,19
C4-P4,4,ictal,32.0,7.863843713354979,19
C4-P4,4,ictal,32.5,6.525025140466621,19
C4-P4,4,ictal,33.0,2.6579337900151483,19
C4-P4,4,ictal,33.5,1.836066096291191,19
C4-P4,4,ictal,34.0,1.8719985741513534,19
C4-P4,4,ictal,34.5,1.3795918175173163,19
C4-P4,4,ictal,35.0,1.1841040961191185,19
C4-P4,4,ictal,35.5,1.1690534417013865,19
C4-P4,4,ictal,36.0,1.3345015084393088,19
C4-P4,4,ictal,36.5,0.6036423292858784,19
C4-P4,4,ictal,37.0,0.666596055421698,19
C4-P4,4,ictal,37.5,0.7317604078070765,19
C4-P4,4,ictal,38.0,0.5471174499950101,19
C4-P4,4,ictal,38.5,0.7864877006823882,19
C4-P4,4,ictal,39.0,0.7442976587956824,19
C4-P4,4,ictal,39.5,0.5425749729263695,19
C4-P4,4,ictal,40.0,0.9396431346343191,19
C4-P4,4,sin_crisis_anotada,0.5,71.84368476761779,118
C4-P4,4,sin_crisis_anotada,1.0,163.86410705098564,118
C4-P4,4,sin_crisis_anotada,1.5,200.39341407177284,118
C4-P4,4,sin_crisis_anotada,2.0,139.34604815225816,118
C4-P4,4,sin_crisis_anotada,2.5,80.49342034769828,118
C4-P4,4,sin_crisis_anotada,3.0,56.040562867697275,118
C4-P4,4,sin_crisis_anotada,3.5,48.368321705317896,118
C4-P4,4,sin_crisis_anotada,4.0,39.497398183653274,118
C4-P4,4,sin_crisis_anotada,4.5,30.953411355047557,118
C4-P4,4,sin_crisis_anotada,5.0,28.05824034524784,118
C4-P4,4,sin_crisis_anotada,5.5,23.364883757978127,118
C4-P4,4,sin_crisis_anotada,6.0,19.83127308477509,118
C4-P4,4,sin_crisis_anotada,6.5,18.095783888403194,118
C4-P4,4,sin_crisis_anotada,7.0,13.488194429515659,118
C4-P4,4,sin_crisis_anotada,7.5,12.826965091058213,118
C4-P4,4,sin_crisis_anotada,8.0,8.586593347355667,118
C4-P4,4,sin_crisis_anotada,8.5,8.657313410090628,118
C4-P4,4,sin_crisis_anotada,9.0,7.854349553845661,118
C4-P4,4,sin_crisis_anotada,9.5,7.414281371459311,118
C4-P4,4,sin_crisis_anotada,10.0,6.011905828299893,118
C4-P4,4,sin_crisis_anotada,10.5,5.168213845807928,118
C4-P4,4,sin_crisis_anotada,11.0,5.431414962693442,118
C4-P4,4,sin_crisis_anotada,11.5,5.41777412318322,118
C4-P4,4,sin_crisis_anotada,12.0,4.443765686023202,118
C4-P4,4,sin_crisis_anotada,12.5,4.322156085991326,118
C4-P4,4,sin_crisis_anotada,13.0,4.565555733018726,118
C4-P4,4,sin_crisis_anotada,13.5,4.026699499409947,118
C4-P4,4,sin_crisis_anotada,14.0,3.2732456399444954,118
C4-P4,4,sin_crisis_anotada,14.5,2.113930847816508,118
C4-P4,4,sin_crisis_anotada,15.0,1.7395971071215766,118
C4-P4,4,sin_crisis_anotada,15.5,11.516840693667572,118
C4-P4,4,sin_crisis_anotada,16.0,33.04438629188424,118
C4-P4,4,sin_crisis_anotada,16.5,8.44038769302123,118
C4-P4,4,sin_crisis_anotada,17.0,0.6728968519135053,118
C4-P4,4,sin_crisis_anotada,17.5,0.6610123060076284,118
C4-P4,4,sin_crisis_anotada,18.0,0.6800142471908095,118
C4-P4,4,sin_crisis_anotada,18.5,0.5789493598551563,118
C4-P4,4,sin_crisis_anotada,19.0,0.48034876050982145,118
C4-P4,4,sin_crisis_anotada,19.5,0.4857672561663006,118
C4-P4,4,sin_crisis_anotada,20.0,0.4445723463943637,118
C4-P4,4,sin_crisis_anotada,20.5,0.36916360558134376,118
C4-P4,4,sin_crisis_anotada,21.0,0.4365249320485639,118
C4-P4,4,sin_crisis_anotada,21.5,0.33055066157853275,118
C4-P4,4,sin_crisis_anotada,22.0,0.2892262856114659,118
C4-P4,4,sin_crisis_anotada,22.5,0.33496554937465955,118
C4-P4,4,sin_crisis_anotada,23.0,0.31161923461223295,118
C4-P4,4,sin_crisis_anotada,23.5,0.29809949690442195,118
C4-P4,4,sin_crisis_anotada,24.0,0.34542389450962097,118
C4-P4,4,sin_crisis_anotada,24.5,0.30818738469899976,118
C4-P4,4,sin_crisis_anotada,25.0,0.27352531742733843,118
C4-P4,4,sin_crisis_anotada,25.5,0.27276940952974477,118
C4-P4,4,sin_crisis_anotada,26.0,0.21441477953143268,118
C4-P4,4,sin_crisis_anotada,26.5,0.2301719545109437,118
C4-P4,4,sin_crisis_anotada,27.0,0.1852047338253618,118
C4-P4,4,sin_crisis_anotada,27.5,0.20202991162450618,118
C4-P4,4,sin_crisis_anotada,28.0,0.2010968491704055,118
C4-P4,4,sin_crisis_anotada,28.5,0.17641578182650086,118
C4-P4,4,sin_crisis_anotada,29.0,0.15964194448988472,118
C4-P4,4,sin_crisis_anotada,29.5,0.12277787505090203,118
C4-P4,4,sin_crisis_anotada,30.0,0.1236253955480334,118
C4-P4,4,sin_crisis_anotada,30.5,0.1146193807537782,118
C4-P4,4,sin_crisis_anotada,31.0,0.11528285403279102,118
C4-P4,4,sin_crisis_anotada,31.5,5.656776939995141,118
C4-P4,4,sin_crisis_anotada,32.0,17.914744668139324,118
C4-P4,4,sin_crisis_anotada,32.5,5.797383758708439,118
C4-P4,4,sin_crisis_anotada,33.0,0.10037485970776029,118
C4-P4,4,sin_crisis_anotada,33.5,0.08350048897920004,118
C4-P4,4,sin_crisis_anotada,34.0,0.07929778659696296,118
C4-P4,4,sin_crisis_anotada,34.5,0.056852733379054034,118
C4-P4,4,sin_crisis_anotada,35.0,0.05613179950492851,118
C4-P4,4,sin_crisis_anotada,35.5,0.05533562717950305,118
C4-P4,4,sin_crisis_anotada,36.0,0.052089827855169094,118
C4-P4,4,sin_crisis_anotada,36.5,0.052203279502077406,118
C4-P4,4,sin_crisis_anotada,37.0,0.04240456119778119,118
C4-P4,4,sin_crisis_anotada,37.5,0.03732030497912541,118
C4-P4,4,sin_crisis_anotada,38.0,0.03304845849416909,118
C4-P4,4,sin_crisis_anotada,38.5,0.026599848426601853,118
C4-P4,4,sin_crisis_anotada,39.0,0.02642138369947474,118
C4-P4,4,sin_crisis_anotada,39.5,0.027175204471787638,118
C4-P4,4,sin_crisis_anotada,40.0,0.02293704194871281,118
C4-P4,4,transicion,0.5,116.53047976274723,2
C4-P4,4,transicion,1.0,466.0755245338877,2
C4-P4,4,transicion,1.5,713.5308681822294,2
C4-P4,4,transicion,2.0,677.5665196979048,2
C4-P4,4,transicion,2.5,950.417723063845,2
C4-P4,4,transicion,3.0,769.7715615953277,2
C4-P4,4,transicion,3.5,307.6104323185502,2
C4-P4,4,transicion,4.0,152.76536481115664,2
C4-P4,4,transicion,4.5,105.32148914591765,2
C4-P4,4,transicion,5.0,74.447188952495,2
C4-P4,4,transicion,5.5,115.31704059498335,2
C4-P4,4,transicion,6.0,126.56940918199639,2
C4-P4,4,transicion,6.5,51.81358720536409,2
C4-P4,4,transicion,7.0,18.618396831271518,2
C4-P4,4,transicion,7.5,38.08302667960412,2
C4-P4,4,transicion,8.0,36.32238711663637,2
C4-P4,4,transicion,8.5,33.04946008398145,2
C4-P4,4,transicion,9.0,18.282875941472387,2
C4-P4,4,transicion,9.5,42.21513264630212,2
C4-P4,4,transicion,10.0,62.10184402522034,2
C4-P4,4,transicion,10.5,25.67891909653956,2
C4-P4,4,transicion,11.0,24.163660445863723,2
C4-P4,4,transicion,11.5,18.402722348510654,2
C4-P4,4,transicion,12.0,18.398059544723786,2
C4-P4,4,transicion,12.5,15.674689113343238,2
C4-P4,4,transicion,13.0,9.795942721834344,2
C4-P4,4,transicion,13.5,5.275777080393095,2
C4-P4,4,transicion,14.0,2.3828326362095162,2
C4-P4,4,transicion,14.5,1.705111615629138,2
C4-P4,4,transicion,15.0,3.579432067864097,2
C4-P4,4,transicion,15.5,12.543019879249943,2
C4-P4,4,transicion,16.0,32.91917229237064,2
C4-P4,4,transicion,16.5,10.188576464102587,2
C4-P4,4,transicion,17.0,2.0286882187052746,2
C4-P4,4,transicion,17.5,1.5766622948116464,2
C4-P4,4,transicion,18.0,1.1621212012704094,2
C4-P4,4,transicion,18.5,1.0533661165990145,2
C4-P4,4,transicion,19.0,0.869506426101526,2
C4-P4,4,transicion,19.5,1.2788961840062818,2
C4-P4,4,transicion,20.0,1.9380516730992459,2
C4-P4,4,transicion,20.5,1.1892310569205868,2
C4-P4,4,transicion,21.0,0.44057067460963584,2
C4-P4,4,transicion,21.5,0.9994730516190597,2
C4-P4,4,transicion,22.0,1.0110458328089038,2
C4-P4,4,transicion,22.5,0.5522192481441309,2
C4-P4,4,transicion,23.0,1.2020531625785573,2
C4-P4,4,transicion,23.5,1.1112439652031547,2
C4-P4,4,transicion,24.0,1.0461775278546508,2
C4-P4,4,transicion,24.5,1.5309773099303965,2
C4-P4,4,transicion,25.0,1.2244389603726145,2
C4-P4,4,transicion,25.5,0.6948397593791256,2
C4-P4,4,transicion,26.0,0.7506291753210065,2
C4-P4,4,transicion,26.5,0.9149957556538834,2
C4-P4,4,transicion,27.0,0.5346190027117529,2
C4-P4,4,transicion,27.5,0.4948612557082121,2
C4-P4,4,transicion,28.0,0.43089542926775937,2
C4-P4,4,transicion,28.5,0.2747581107697542,2
C4-P4,4,transicion,29.0,0.46818076070102355,2
C4-P4,4,transicion,29.5,0.2453097945492087,2
C4-P4,4,transicion,30.0,0.34507168953354506,2
C4-P4,4,transicion,30.5,0.20393886837448255,2
C4-P4,4,transicion,31.0,0.2800775723339205,2
C4-P4,4,transicion,31.5,6.480202162928531,2
C4-P4,4,transicion,32.0,24.127156883300575,2
C4-P4,4,transicion,32.5,5.880274757559297,2
C4-P4,4,transicion,33.0,0.3053264205770703,2
C4-P4,4,transicion,33.5,0.1473310451763496,2
C4-P4,4,transicion,34.0,0.09316995558138907,2
C4-P4,4,transicion,34.5,0.13711950051314012,2
C4-P4,4,transicion,35.0,0.26560283682285285,2
C4-P4,4,transicion,35.5,0.5803806677370977,2
C4-P4,4,transicion,36.0,0.718632692064932,2
C4-P4,4,transicion,36.5,0.4782212628061364,2
C4-P4,4,transicion,37.0,0.3768903890144144,2
C4-P4,4,transicion,37.5,0.4713108768107366,2
C4-P4,4,transicion,38.0,0.5819997792667227,2
C4-P4,4,transicion,38.5,0.21816104801566658,2
C4-P4,4,transicion,39.0,0.11316650297200417,2
C4-P4,4,transicion,39.5,0.11302820800035535,2
C4-P4,4,transicion,40.0,0.1299437325154969,2
C4-P4,8,ictal,0.5,779.2946920257139,9
C4-P4,8,ictal,1.0,2572.3889888033445,9
C4-P4,8,ictal,1.5,2818.0372440485908,9
C4-P4,8,ictal,2.0,2826.60468071836,9
C4-P4,8,ictal,2.5,2058.6388897052443,9
C4-P4,8,ictal,3.0,1339.1892203187147,9
C4-P4,8,ictal,3.5,672.5365436411035,9
C4-P4,8,ictal,4.0,404.51449450887037,9
C4-P4,8,ictal,4.5,202.71935948752966,9
C4-P4,8,ictal,5.0,131.5531168375013,9
C4-P4,8,ictal,5.5,177.35979197329416,9
C4-P4,8,ictal,6.0,107.18506050074554,9
C4-P4,8,ictal,6.5,113.11500588981953,9
C4-P4,8,ictal,7.0,58.447390446297824,9
C4-P4,8,ictal,7.5,53.118864724915134,9
C4-P4,8,ictal,8.0,64.59069318956563,9
C4-P4,8,ictal,8.5,55.235550805914535,9
C4-P4,8,ictal,9.0,21.957046563602567,9
C4-P4,8,ictal,9.5,12.790559036518047,9
C4-P4,8,ictal,10.0,12.582646705161368,9
C4-P4,8,ictal,10.5,16.710974274038172,9
C4-P4,8,ictal,11.0,12.129325475823153,9
C4-P4,8,ictal,11.5,10.565765282516821,9
C4-P4,8,ictal,12.0,11.22286424097369,9
C4-P4,8,ictal,12.5,10.973336030410806,9
C4-P4,8,ictal,13.0,11.874102474904706,9
C4-P4,8,ictal,13.5,5.016147751543582,9
C4-P4,8,ictal,14.0,6.930811064369217,9
C4-P4,8,ictal,14.5,6.491669592384731,9
C4-P4,8,ictal,15.0,4.057800287298706,9
C4-P4,8,ictal,15.5,7.273447494547473,9
C4-P4,8,ictal,16.0,15.417393650066675,9
C4-P4,8,ictal,16.5,6.633303026355766,9
C4-P4,8,ictal,17.0,3.2191035269377637,9
C4-P4,8,ictal,17.5,3.134251405888569,9
C4-P4,8,ictal,18.0,3.660614828448345,9
C4-P4,8,ictal,18.5,3.685373575834879,9
C4-P4,8,ictal,19.0,5.207214855069631,9
C4-P4,8,ictal,19.5,5.803417709460368,9
C4-P4,8,ictal,20.0,5.837643187190245,9
C4-P4,8,ictal,20.5,6.925793053841949,9
C4-P4,8,ictal,21.0,4.678553182619149,9
C4-P4,8,ictal,21.5,3.4928061783086077,9
C4-P4,8,ictal,22.0,2.821187231410448,9
C4-P4,8,ictal,22.5,2.6667152851644595,9
C4-P4,8,ictal,23.0,2.815494718845297,9
C4-P4,8,ictal,23.5,3.609168285079231,9
C4-P4,8,ictal,24.0,3.9460636771874564,9
C4-P4,8,ictal,24.5,3.4735146256612284,9
C4-P4,8,ictal,25.0,2.5044731597268375,9
C4-P4,8,ictal,25.5,4.002241607342272,9
C4-P4,8,ictal,26.0,4.445728419152565,9
C4-P4,8,ictal,26.5,2.16734644016227,9
C4-P4,8,ictal,27.0,1.454066540205489,9
C4-P4,8,ictal,27.5,2.4928053496150144,9
C4-P4,8,ictal,28.0,3.8561071955581245,9
C4-P4,8,ictal,28.5,2.6417276347182437,9
C4-P4,8,ictal,29.0,3.1488698087513574,9
C4-P4,8,ictal,29.5,3.1723876071642265,9
C4-P4,8,ictal,30.0,2.5628531369745002,9
C4-P4,8,ictal,30.5,1.7442556088642636,9
C4-P4,8,ictal,31.0,2.3496138958287793,9
C4-P4,8,ictal,31.5,4.346409024444068,9
C4-P4,8,ictal,32.0,8.461071167091436,9
C4-P4,8,ictal,32.5,5.036524008512169,9
C4-P4,8,ictal,33.0,3.197674864453736,9
C4-P4,8,ictal,33.5,1.9072619828038468,9
C4-P4,8,ictal,34.0,1.7674739747260495,9
C4-P4,8,ictal,34.5,1.7235872591052566,9
C4-P4,8,ictal,35.0,1.6814543548898513,9
C4-P4,8,ictal,35.5,1.276347075853066,9
C4-P4,8,ictal,36.0,1.6322200606173964,9
C4-P4,8,ictal,36.5,1.1100118905500767,9
C4-P4,8,ictal,37.0,0.667864055691623,9
C4-P4,8,ictal,37.5,0.901644347705016,9
C4-P4,8,ictal,38.0,1.3358783406628836,9
C4-P4,8,ictal,38.5,0.9573160810244862,9
C4-P4,8,ictal,39.0,0.9871097039274109,9
C4-P4,8,ictal,39.5,0.8745558892362879,9
C4-P4,8,ictal,40.0,0.9808311852789656,9
C4-P4,8,sin_crisis_anotada,0.5,73.55770020084125,58
C4-P4,8,sin_crisis_anotada,1.0,186.91503084201236,58
C4-P4,8,sin_crisis_anotada,1.5,248.74162211888344,58
C4-P4,8,sin_crisis_anotada,2.0,216.81642761055474,58
C4-P4,8,sin_crisis_anotada,2.5,89.67580400745462,58
C4-P4,8,sin_crisis_anotada,3.0,64.80111868512633,58
C4-P4,8,sin_crisis_anotada,3.5,62.73122333309184,58
C4-P4,8,sin_crisis_anotada,4.0,40.80516691149781,58
C4-P4,8,sin_crisis_anotada,4.5,28.34188619609996,58
C4-P4,8,sin_crisis_anotada,5.0,30.179845704266633,58
C4-P4,8,sin_crisis_anotada,5.5,22.47246164707855,58
C4-P4,8,sin_crisis_anotada,6.0,21.341843768259707,58
C4-P4,8,sin_crisis_anotada,6.5,18.36043771125857,58
C4-P4,8,sin_crisis_anotada,7.0,14.506953896793,58
C4-P4,8,sin_crisis_anotada,7.5,12.778186253256587,58
C4-P4,8,sin_crisis_anotada,8.0,9.84398514461867,58
C4-P4,8,sin_crisis_anotada,8.5,10.320151796133025,58
C4-P4,8,sin_crisis_anotada,9.0,9.318596114611356,58
C4-P4,8,sin_crisis_anotada,9.5,8.20435613998323,58
C4-P4,8,sin_crisis_anotada,10.0,7.085460118565727,58
C4-P4,8,sin_crisis_anotada,10.5,6.873703020626385,58
C4-P4,8,sin_crisis_anotada,11.0,7.143371013859959,58
C4-P4,8,sin_crisis_anotada,11.5,6.3442982914487125,58
C4-P4,8,sin_crisis_anotada,12.0,7.016495746148273,58
C4-P4,8,sin_crisis_anotada,12.5,5.195471555941294,58
C4-P4,8,sin_crisis_anotada,13.0,4.884500913410277,58
C4-P4,8,sin_crisis_anotada,13.5,4.886234557221165,58
C4-P4,8,sin_crisis_anotada,14.0,4.252518562520764,58
C4-P4,8,sin_crisis_anotada,14.5,2.4708569686389357,58
C4-P4,8,sin_crisis_anotada,15.0,1.8314653484123382,58
C4-P4,8,sin_crisis_anotada,15.5,12.30295689427888,58
C4-P4,8,sin_crisis_anotada,16.0,33.57392237360641,58
C4-P4,8,sin_crisis_anotada,16.5,8.272746272734315,58
C4-P4,8,sin_crisis_anotada,17.0,0.7429805325301468,58
C4-P4,8,sin_crisis_anotada,17.5,0.6795548401629461,58
C4-P4,8,sin_crisis_anotada,18.0,0.7687914482851242,58
C4-P4,8,sin_crisis_anotada,18.5,0.5798490655599897,58
C4-P4,8,sin_crisis_anotada,19.0,0.5121070176549417,58
C4-P4,8,sin_crisis_anotada,19.5,0.5875112586509901,58
C4-P4,8,sin_crisis_anotada,20.0,0.5163387520139788,58
C4-P4,8,sin_crisis_anotada,20.5,0.44044995736096815,58
C4-P4,8,sin_crisis_anotada,21.0,0.4292142997497762,58
C4-P4,8,sin_crisis_anotada,21.5,0.3677217725594545,58
C4-P4,8,sin_crisis_anotada,22.0,0.3680620038490807,58
C4-P4,8,sin_crisis_anotada,22.5,0.41159850850161,58
C4-P4,8,sin_crisis_anotada,23.0,0.42724919152179464,58
C4-P4,8,sin_crisis_anotada,23.5,0.38787307548500755,58
C4-P4,8,sin_crisis_anotada,24.0,0.38570313823720526,58
C4-P4,8,sin_crisis_anotada,24.5,0.3304277630211043,58
C4-P4,8,sin_crisis_anotada,25.0,0.38018196052492237,58
C4-P4,8,sin_crisis_anotada,25.5,0.3520297640278437,58
C4-P4,8,sin_crisis_anotada,26.0,0.31958298895062787,58
C4-P4,8,sin_crisis_anotada,26.5,0.28200856570615573,58
C4-P4,8,sin_crisis_anotada,27.0,0.19993916217539148,58
C4-P4,8,sin_crisis_anotada,27.5,0.22091055653626077,58
C4-P4,8,sin_crisis_anotada,28.0,0.2370485896105458,58
C4-P4,8,sin_crisis_anotada,28.5,0.19444883849102274,58
C4-P4,8,sin_crisis_anotada,29.0,0.1843888754919622,58
C4-P4,8,sin_crisis_anotada,29.5,0.1554646110327687,58
C4-P4,8,sin_crisis_anotada,30.0,0.14244468980974756,58
C4-P4,8,sin_crisis_anotada,30.5,0.13209678303915837,58
C4-P4,8,sin_crisis_anotada,31.0,0.13059988917252996,58
C4-P4,8,sin_crisis_anotada,31.5,5.857515274927949,58
C4-P4,8,sin_crisis_anotada,32.0,22.31371822771138,58
C4-P4,8,sin_crisis_anotada,32.5,5.899360808654862,58
C4-P4,8,sin_crisis_anotada,33.0,0.10121081961477858,58
C4-P4,8,sin_crisis_anotada,33.5,0.08789001639217034,58
C4-P4,8,sin_crisis_anotada,34.0,0.08547127954762389,58
C4-P4,8,sin_crisis_anotada,34.5,0.06287943993977914,58
C4-P4,8,sin_crisis_anotada,35.0,0.062190865956328556,58
C4-P4,8,sin_crisis_anotada,35.5,0.05465863981798326,58
C4-P4,8,sin_crisis_anotada,36.0,0.05471978744126349,58
C4-P4,8,sin_crisis_anotada,36.5,0.055352240504910465,58
C4-P4,8,sin_crisis_anotada,37.0,0.051232354920438844,58
C4-P4,8,sin_crisis_anotada,37.5,0.04148456966084894,58
C4-P4,8,sin_crisis_anotada,38.0,0.03149295864197044,58
C4-P4,8,sin_crisis_anotada,38.5,0.028534249737908385,58
C4-P4,8,sin_crisis_anotada,39.0,0.025882838294850954,58
C4-P4,8,sin_crisis_anotada,39.5,0.02719311533275113,58
C4-P4,8,sin_crisis_anotada,40.0,0.028086286808828326,58
C4-P4,8,transicion,0.5,287.9683159911764,2
C4-P4,8,transicion,1.0,506.2080962899712,2
C4-P4,8,transicion,1.5,429.0350269828681,2
C4-P4,8,transicion,2.0,419.56895525877513,2
C4-P4,8,transicion,2.5,657.9238445673204,2
C4-P4,8,transicion,3.0,507.8465526848337,2
C4-P4,8,transicion,3.5,228.68084588177302,2
C4-P4,8,transicion,4.0,180.60042089800524,2
C4-P4,8,transicion,4.5,111.99565864514312,2
C4-P4,8,transicion,5.0,63.00480044978183,2
C4-P4,8,transicion,5.5,109.75024437624688,2
C4-P4,8,transicion,6.0,86.86602227196283,2
C4-P4,8,transicion,6.5,40.56446265589831,2
C4-P4,8,transicion,7.0,20.050557192587938,2
C4-P4,8,transicion,7.5,32.288557979906585,2
C4-P4,8,transicion,8.0,57.85212434021435,2
C4-P4,8,transicion,8.5,25.967268679239083,2
C4-P4,8,transicion,9.0,14.562367207554242,2
C4-P4,8,transicion,9.5,26.95450949620547,2
C4-P4,8,transicion,10.0,32.380484271312156,2
C4-P4,8,transicion,10.5,32.73984413549883,2
C4-P4,8,transicion,11.0,35.26793839820713,2
C4-P4,8,transicion,11.5,19.619828833943643,2
C4-P4,8,transicion,12.0,17.472094527364117,2
C4-P4,8,transicion,12.5,10.696547908886307,2
C4-P4,8,transicion,13.0,7.387659488339869,2
C4-P4,8,transicion,13.5,5.23839195249468,2
C4-P4,8,transicion,14.0,4.2267223544235915,2
C4-P4,8,transicion,14.5,6.082244856149491,2
C4-P4,8,transicion,15.0,3.811872114259484,2
C4-P4,8,transicion,15.5,9.3435619854394,2
C4-P4,8,transicion,16.0,31.977399185946666,2
C4-P4,8,transicion,16.5,10.46935034060472,2
C4-P4,8,transicion,17.0,1.8613172079103564,2
C4-P4,8,transicion,17.5,1.2706561981293836,2
C4-P4,8,transicion,18.0,0.9962791921100747,2
C4-P4,8,transicion,18.5,0.6834927811174577,2
C4-P4,8,transicion,19.0,0.9958606001248218,2
C4-P4,8,transicion,19.5,1.5202645261273018,2
C4-P4,8,transicion,20.0,1.829544785545672,2
C4-P4,8,transicion,20.5,1.4229632573224598,2
C4-P4,8,transicion,21.0,0.6377457706055425,2
C4-P4,8,transicion,21.5,0.7967064993378888,2
C4-P4,8,transicion,22.0,1.2314669446654267,2
C4-P4,8,transicion,22.5,0.855305611206028,2
C4-P4,8,transicion,23.0,0.8539653397784476,2
C4-P4,8,transicion,23.5,1.214509084412612,2
C4-P4,8,transicion,24.0,0.8451362013073327,2
C4-P4,8,transicion,24.5,1.1536517836258293,2
C4-P4,8,transicion,25.0,0.9413702205148493,2
C4-P4,8,transicion,25.5,0.9028613209071241,2
C4-P4,8,transicion,26.0,0.9643614679732774,2
C4-P4,8,transicion,26.5,0.7297945569955036,2
C4-P4,8,transicion,27.0,0.7108241958896283,2
C4-P4,8,transicion,27.5,0.42035227005670406,2
C4-P4,8,transicion,28.0,0.6038410136365562,2
C4-P4,8,transicion,28.5,0.7609519343751803,2
C4-P4,8,transicion,29.0,0.5337566068135,2
C4-P4,8,transicion,29.5,0.2863771353721862,2
C4-P4,8,transicion,30.0,0.23697211476854327,2
C4-P4,8,transicion,30.5,0.22639519579218337,2
C4-P4,8,transicion,31.0,0.3021215992126702,2
C4-P4,8,transicion,31.5,6.409749206477916,2
C4-P4,8,transicion,32.0,25.48845128702305,2
C4-P4,8,transicion,32.5,6.477868887513007,2
C4-P4,8,transicion,33.0,0.28236527854807736,2
C4-P4,8,transicion,33.5,0.1352181443790195,2
C4-P4,8,transicion,34.0,0.14359495923191443,2
C4-P4,8,transicion,34.5,0.3531163474227382,2
C4-P4,8,transicion,35.0,0.36976130205162194,2
C4-P4,8,transicion,35.5,0.41127713999283133,2
C4-P4,8,transicion,36.0,0.568916817241016,2
C4-P4,8,transicion,36.5,0.3598637196239268,2
C4-P4,8,transicion,37.0,0.2248307011823509,2
C4-P4,8,transicion,37.5,0.26606938530777813,2
C4-P4,8,transicion,38.0,0.29403179021110715,2
C4-P4,8,transicion,38.5,0.1527295170729628,2
C4-P4,8,transicion,39.0,0.1465449178025675,2
C4-P4,8,transicion,39.5,0.1669978574554219,2
C4-P4,8,transicion,40.0,0.1068574017031377,2
CZ-PZ,2,ictal,0.5,508.93104840273054,39
CZ-PZ,2,ictal,1.0,1084.1196403847032,39
CZ-PZ,2,ictal,1.5,1529.987736119098,39
CZ-PZ,2,ictal,2.0,1266.4938409460196,39
CZ-PZ,2,ictal,2.5,1307.625358790407,39
CZ-PZ,2,ictal,3.0,1242.9954139750246,39
CZ-PZ,2,ictal,3.5,416.2249428571551,39
CZ-PZ,2,ictal,4.0,270.91054883130727,39
CZ-PZ,2,ictal,4.5,171.2734775832649,39
CZ-PZ,2,ictal,5.0,63.56742573139988,39
CZ-PZ,2,ictal,5.5,124.14616901638537,39
CZ-PZ,2,ictal,6.0,146.91489228820836,39
CZ-PZ,2,ictal,6.5,66.16352050901638,39
CZ-PZ,2,ictal,7.0,32.45313244136931,39
CZ-PZ,2,ictal,7.5,36.44678985098172,39
CZ-PZ,2,ictal,8.0,24.74208274519904,39
CZ-PZ,2,ictal,8.5,25.78103658413798,39
CZ-PZ,2,ictal,9.0,24.511180148967245,39
CZ-PZ,2,ictal,9.5,17.038128143197856,39
CZ-PZ,2,ictal,10.0,12.62269024663361,39
CZ-PZ,2,ictal,10.5,12.800145573722125,39
CZ-PZ,2,ictal,11.0,10.46242209023514,39
CZ-PZ,2,ictal,11.5,10.204808084690043,39
CZ-PZ,2,ictal,12.0,9.118011354495197,39
CZ-PZ,2,ictal,12.5,9.453039208754863,39
CZ-PZ,2,ictal,13.0,8.436201520843877,39
CZ-PZ,2,ictal,13.5,8.502747190740887,39
CZ-PZ,2,ictal,14.0,7.121250558030505,39
CZ-PZ,2,ictal,14.5,3.8490486101049064,39
CZ-PZ,2,ictal,15.0,2.7182998490038033,39
CZ-PZ,2,ictal,15.5,2.449983901618211,39
CZ-PZ,2,ictal,16.0,3.2553094075690217,39
CZ-PZ,2,ictal,16.5,2.5607121504845636,39
CZ-PZ,2,ictal,17.0,0.9781614013819149,39
CZ-PZ,2,ictal,17.5,1.2903196813559468,39
CZ-PZ,2,ictal,18.0,2.34480798634487,39
CZ-PZ,2,ictal,18.5,1.4813327071680849,39
CZ-PZ,2,ictal,19.0,1.4939576391667533,39
CZ-PZ,2,ictal,19.5,1.8096625369834158,39
CZ-PZ,2,ictal,20.0,2.011502495110991,39
CZ-PZ,2,ictal,20.5,1.998150825689944,39
CZ-PZ,2,ictal,21.0,1.75822663718782,39
CZ-PZ,2,ictal,21.5,1.370972108945141,39
CZ-PZ,2,ictal,22.0,1.561810033653943,39
CZ-PZ,2,ictal,22.5,0.9133865030737147,39
CZ-PZ,2,ictal,23.0,0.6876066869476274,39
CZ-PZ,2,ictal,23.5,1.1036339386370873,39
CZ-PZ,2,ictal,24.0,0.8697344111740707,39
CZ-PZ,2,ictal,24.5,0.6910172257476399,39
CZ-PZ,2,ictal,25.0,0.5468560995618974,39
CZ-PZ,2,ictal,25.5,0.8148229225898913,39
CZ-PZ,2,ictal,26.0,0.9267442989424098,39
CZ-PZ,2,ictal,26.5,0.5398047870421695,39
CZ-PZ,2,ictal,27.0,0.5077120421732231,39
CZ-PZ,2,ictal,27.5,0.5769868706828888,39
CZ-PZ,2,ictal,28.0,0.45735307435785066,39
CZ-PZ,2,ictal,28.5,0.4529753460318307,39
CZ-PZ,2,ictal,29.0,0.28144611879672005,39
CZ-PZ,2,ictal,29.5,0.27542678391768466,39
CZ-PZ,2,ictal,30.0,0.336171205505783,39
CZ-PZ,2,ictal,30.5,0.33589185610855027,39
CZ-PZ,2,ictal,31.0,0.3732670548783617,39
CZ-PZ,2,ictal,31.5,0.5495024396512618,39
CZ-PZ,2,ictal,32.0,0.8671841684525491,39
CZ-PZ,2,ictal,32.5,0.45030905055398857,39
CZ-PZ,2,ictal,33.0,0.22169162741256315,39
CZ-PZ,2,ictal,33.5,0.18729257625072263,39
CZ-PZ,2,ictal,34.0,0.13907934901143387,39
CZ-PZ,2,ictal,34.5,0.1690341575794305,39
CZ-PZ,2,ictal,35.0,0.16808292980535547,39
CZ-PZ,2,ictal,35.5,0.13677037810323045,39
CZ-PZ,2,ictal,36.0,0.13153962209608103,39
CZ-PZ,2,ictal,36.5,0.10336619971990811,39
CZ-PZ,2,ictal,37.0,0.13393788573407905,39
CZ-PZ,2,ictal,37.5,0.06392513542564295,39
CZ-PZ,2,ictal,38.0,0.08407228633285688,39
CZ-PZ,2,ictal,38.5,0.07700666580233316,39
CZ-PZ,2,ictal,39.0,0.08792960162344995,39
CZ-PZ,2,ictal,39.5,0.059825960492618464,39
CZ-PZ,2,ictal,40.0,0.04378420507209428,39
CZ-PZ,2,sin_crisis_anotada,0.5,115.96381329334105,238
CZ-PZ,2,sin_crisis_anotada,1.0,291.7021688504767,238
CZ-PZ,2,sin_crisis_anotada,1.5,304.46035445515093,238
CZ-PZ,2,sin_crisis_anotada,2.0,176.68095025923913,238
CZ-PZ,2,sin_crisis_anotada,2.5,114.38596883412563,238
CZ-PZ,2,sin_crisis_anotada,3.0,79.36190911675381,238
CZ-PZ,2,sin_crisis_anotada,3.5,61.954159267896415,238
CZ-PZ,2,sin_crisis_anotada,4.0,51.9555080432352,238
CZ-PZ,2,sin_crisis_anotada,4.5,45.562267593724144,238
CZ-PZ,2,sin_crisis_anotada,5.0,40.844042489162284,238
CZ-PZ,2,sin_crisis_anotada,5.5,35.02416233800375,238
CZ-PZ,2,sin_crisis_anotada,6.0,27.354202791283658,238
CZ-PZ,2,sin_crisis_anotada,6.5,24.01221204467467,238
CZ-PZ,2,sin_crisis_anotada,7.0,17.85331656860348,238
CZ-PZ,2,sin_crisis_anotada,7.5,13.290996558056133,238
CZ-PZ,2,sin_crisis_anotada,8.0,10.863405733984855,238
CZ-PZ,2,sin_crisis_anotada,8.5,11.632609486535443,238
CZ-PZ,2,sin_crisis_anotada,9.0,10.080011291990544,238
CZ-PZ,2,sin_crisis_anotada,9.5,10.532360154132187,238
CZ-PZ,2,sin_crisis_anotada,10.0,7.68965431939869,238
CZ-PZ,2,sin_crisis_anotada,10.5,6.7768553314167415,238
CZ-PZ,2,sin_crisis_anotada,11.0,5.862166478899516,238
CZ-PZ,2,sin_crisis_anotada,11.5,5.058555807177038,238
CZ-PZ,2,sin_crisis_anotada,12.0,4.364247738654934,238
CZ-PZ,2,sin_crisis_anotada,12.5,4.716562849631002,238
CZ-PZ,2,sin_crisis_anotada,13.0,4.375699150813569,238
CZ-PZ,2,sin_crisis_anotada,13.5,4.35688016608878,238
CZ-PZ,2,sin_crisis_anotada,14.0,3.788130470735301,238
CZ-PZ,2,sin_crisis_anotada,14.5,2.7945046723232307,238
CZ-PZ,2,sin_crisis_anotada,15.0,2.3531536602191476,238
CZ-PZ,2,sin_crisis_anotada,15.5,1.8650925164360057,238
CZ-PZ,2,sin_crisis_anotada,16.0,2.7958368097465733,238
CZ-PZ,2,sin_crisis_anotada,16.5,1.5816693459585807,238
CZ-PZ,2,sin_crisis_anotada,17.0,1.072013072602739,238
CZ-PZ,2,sin_crisis_anotada,17.5,0.9777839416041807,238
CZ-PZ,2,sin_crisis_anotada,18.0,0.8320546149495546,238
CZ-PZ,2,sin_crisis_anotada,18.5,0.6888301967949562,238
CZ-PZ,2,sin_crisis_anotada,19.0,0.6287947489541594,238
CZ-PZ,2,sin_crisis_anotada,19.5,0.6314648338391468,238
CZ-PZ,2,sin_crisis_anotada,20.0,0.6788645577231907,238
CZ-PZ,2,sin_crisis_anotada,20.5,0.5633972676679444,238
CZ-PZ,2,sin_crisis_anotada,21.0,0.47926798052670766,238
CZ-PZ,2,sin_crisis_anotada,21.5,0.4393155701562925,238
CZ-PZ,2,sin_crisis_anotada,22.0,0.4014808511215572,238
CZ-PZ,2,sin_crisis_anotada,22.5,0.4291518492058052,238
CZ-PZ,2,sin_crisis_anotada,23.0,0.4401912268093875,238
CZ-PZ,2,sin_crisis_anotada,23.5,0.31752586247542136,238
CZ-PZ,2,sin_crisis_anotada,24.0,0.35272286005249387,238
CZ-PZ,2,sin_crisis_anotada,24.5,0.3937103962471361,238
CZ-PZ,2,sin_crisis_anotada,25.0,0.4209541809566827,238
CZ-PZ,2,sin_crisis_anotada,25.5,0.27681823400898015,238
CZ-PZ,2,sin_crisis_anotada,26.0,0.2662893385984524,238
CZ-PZ,2,sin_crisis_anotada,26.5,0.2600869694208505,238
CZ-PZ,2,sin_crisis_anotada,27.0,0.2640488665237781,238
CZ-PZ,2,sin_crisis_anotada,27.5,0.23669546621550214,238
CZ-PZ,2,sin_crisis_anotada,28.0,0.2584221353505993,238
CZ-PZ,2,sin_crisis_anotada,28.5,0.19678798058767194,238
CZ-PZ,2,sin_crisis_anotada,29.0,0.20538150506145236,238
CZ-PZ,2,sin_crisis_anotada,29.5,0.17463373821855216,238
CZ-PZ,2,sin_crisis_anotada,30.0,0.16127988248630676,238
CZ-PZ,2,sin_crisis_anotada,30.5,0.17617342776003353,238
CZ-PZ,2,sin_crisis_anotada,31.0,0.1377272523433386,238
CZ-PZ,2,sin_crisis_anotada,31.5,0.5214420044865937,238
CZ-PZ,2,sin_crisis_anotada,32.0,1.8223297987257752,238
CZ-PZ,2,sin_crisis_anotada,32.5,0.4962787484532278,238
CZ-PZ,2,sin_crisis_anotada,33.0,0.09200796420661381,238
CZ-PZ,2,sin_crisis_anotada,33.5,0.10014262758352017,238
CZ-PZ,2,sin_crisis_anotada,34.0,0.10343178851841561,238
CZ-PZ,2,sin_crisis_anotada,34.5,0.09703275409024006,238
CZ-PZ,2,sin_crisis_anotada,35.0,0.0771716695954594,238
CZ-PZ,2,sin_crisis_anotada,35.5,0.07734818344500255,238
CZ-PZ,2,sin_crisis_anotada,36.0,0.07767125884736467,238
CZ-PZ,2,sin_crisis_anotada,36.5,0.05791495911988631,238
CZ-PZ,2,sin_crisis_anotada,37.0,0.06399480250800149,238
CZ-PZ,2,sin_crisis_anotada,37.5,0.04395035927276092,238
CZ-PZ,2,sin_crisis_anotada,38.0,0.038382142503709554,238
CZ-PZ,2,sin_crisis_anotada,38.5,0.029819934694960182,238
CZ-PZ,2,sin_crisis_anotada,39.0,0.028670240846506132,238
CZ-PZ,2,sin_crisis_anotada,39.5,0.022101562516496732,238
CZ-PZ,2,sin_crisis_anotada,40.0,0.022465756521984,238
CZ-PZ,2,transicion,0.5,1547.2585007960142,2
CZ-PZ,2,transicion,1.0,1231.1368652757706,2
CZ-PZ,2,transicion,1.5,201.3923735867387,2
CZ-PZ,2,transicion,2.0,651.6460344101729,2
CZ-PZ,2,transicion,2.5,332.91458388302686,2
CZ-PZ,2,transicion,3.0,382.3498853343339,2
CZ-PZ,2,transicion,3.5,142.13291269603909,2
CZ-PZ,2,transicion,4.0,139.57389471593385,2
CZ-PZ,2,transicion,4.5,38.69694362414015,2
CZ-PZ,2,transicion,5.0,128.72328982116017,2
CZ-PZ,2,transicion,5.5,91.75923476163956,2
CZ-PZ,2,transicion,6.0,62.12161274670356,2
CZ-PZ,2,transicion,6.5,5.851041103393466,2
CZ-PZ,2,transicion,7.0,17.85934251153504,2
CZ-PZ,2,transicion,7.5,28.841120752276332,2
CZ-PZ,2,transicion,8.0,59.12470711920989,2
CZ-PZ,2,transicion,8.5,25.44236128987279,2
CZ-PZ,2,transicion,9.0,5.125548753732518,2
CZ-PZ,2,transicion,9.5,11.051555131178073,2
CZ-PZ,2,transicion,10.0,79.91385403301962,2
CZ-PZ,2,transicion,10.5,78.42939920145875,2
CZ-PZ,2,transicion,11.0,40.25985473732061,2
CZ-PZ,2,transicion,11.5,49.731488787782254,2
CZ-PZ,2,transicion,12.0,8.67303582768898,2
CZ-PZ,2,transicion,12.5,15.5949905573852,2
CZ-PZ,2,transicion,13.0,29.1476168880627,2
CZ-PZ,2,transicion,13.5,12.52346856776284,2
CZ-PZ,2,transicion,14.0,4.345542050434699,2
CZ-PZ,2,transicion,14.5,13.247535195334816,2
CZ-PZ,2,transicion,15.0,4.401345518142198,2
CZ-PZ,2,transicion,15.5,1.4185940732025288,2
CZ-PZ,2,transicion,16.0,3.8837533678724996,2
CZ-PZ,2,transicion,16.5,3.8652046777076037,2
CZ-PZ,2,transicion,17.0,3.123145974930895,2
CZ-PZ,2,transicion,17.5,2.4664241662294435,2
CZ-PZ,2,transicion,18.0,2.2877555593222585,2
CZ-PZ,2,transicion,18.5,0.32171971413551836,2
CZ-PZ,2,transicion,19.0,2.0548956607635547,2
CZ-PZ,2,transicion,19.5,2.5710320989003925,2
CZ-PZ,2,transicion,20.0,1.180130011316152,2
CZ-PZ,2,transicion,20.5,2.1615489405457917,2
CZ-PZ,2,transicion,21.0,1.4656434902289845,2
CZ-PZ,2,transicion,21.5,1.2748632505304032,2
CZ-PZ,2,transicion,22.0,2.720631409506197,2
CZ-PZ,2,transicion,22.5,2.2716987706038116,2
CZ-PZ,2,transicion,23.0,1.652753918483823,2
CZ-PZ,2,transicion,23.5,0.8516294138904263,2
CZ-PZ,2,transicion,24.0,1.1589441605882105,2
CZ-PZ,2,transicion,24.5,0.8612531540916509,2
CZ-PZ,2,transicion,25.0,0.3725704661666677,2
CZ-PZ,2,transicion,25.5,0.2941628772094489,2
CZ-PZ,2,transicion,26.0,0.4840163753665674,2
CZ-PZ,2,transicion,26.5,0.38839278118639653,2
CZ-PZ,2,transicion,27.0,0.5830138545679482,2
CZ-PZ,2,transicion,27.5,0.8098355712186709,2
CZ-PZ,2,transicion,28.0,0.18515623512699347,2
CZ-PZ,2,transicion,28.5,0.7006516211770767,2
CZ-PZ,2,transicion,29.0,1.611277311504584,2
CZ-PZ,2,transicion,29.5,0.9019212857305154,2
CZ-PZ,2,transicion,30.0,0.6982519110541903,2
CZ-PZ,2,transicion,30.5,0.502510317121658,2
CZ-PZ,2,transicion,31.0,0.08394460852778723,2
CZ-PZ,2,transicion,31.5,0.14896698656802446,2
CZ-PZ,2,transicion,32.0,0.6824428104903705,2
CZ-PZ,2,transicion,32.5,0.5549196591460079,2
CZ-PZ,2,transicion,33.0,0.36792024217275454,2
CZ-PZ,2,transicion,33.5,0.4254397424156595,2
CZ-PZ,2,transicion,34.0,0.28963106158508456,2
CZ-PZ,2,transicion,34.5,0.2043536411507749,2
CZ-PZ,2,transicion,35.0,0.18422519916561736,2
CZ-PZ,2,transicion,35.5,0.08538501312122415,2
CZ-PZ,2,transicion,36.0,0.2983408658519494,2
CZ-PZ,2,transicion,36.5,0.2564025531215721,2
CZ-PZ,2,transicion,37.0,0.17434886710012282,2
CZ-PZ,2,transicion,37.5,0.10748528325155557,2
CZ-PZ,2,transicion,38.0,0.1232871885230516,2
CZ-PZ,2,transicion,38.5,0.13432352749729226,2
CZ-PZ,2,transicion,39.0,0.046812708257272545,2
CZ-PZ,2,transicion,39.5,0.040965333464860004,2
CZ-PZ,2,transicion,40.0,0.021672619000168585,2
CZ-PZ,4,ictal,0.5,625.9452714880064,19
CZ-PZ,4,ictal,1.0,1880.6626499389167,19
CZ-PZ,4,ictal,1.5,2443.921157870832,19
CZ-PZ,4,ictal,2.0,1854.6479838153427,19
CZ-PZ,4,ictal,2.5,1744.144224891343,19
CZ-PZ,4,ictal,3.0,1442.1812263010488,19
CZ-PZ,4,ictal,3.5,638.5290705515041,19
CZ-PZ,4,ictal,4.0,263.39254037548966,19
CZ-PZ,4,ictal,4.5,232.54799923329105,19
CZ-PZ,4,ictal,5.0,107.7833693622456,19
CZ-PZ,4,ictal,5.5,123.00290087599431,19
CZ-PZ,4,ictal,6.0,156.9045101591499,19
CZ-PZ,4,ictal,6.5,78.34098406820516,19
CZ-PZ,4,ictal,7.0,38.081613853734346,19
CZ-PZ,4,ictal,7.5,64.7855979297942,19
CZ-PZ,4,ictal,8.0,42.324608929655305,19
CZ-PZ,4,ictal,8.5,39.47851522375691,19
CZ-PZ,4,ictal,9.0,31.689872735649768,19
CZ-PZ,4,ictal,9.5,26.19559877480067,19
CZ-PZ,4,ictal,10.0,20.653808612592282,19
CZ-PZ,4,ictal,10.5,20.137268121083604,19
CZ-PZ,4,ictal,11.0,16.416743929481385,19
CZ-PZ,4,ictal,11.5,14.339782837991805,19
CZ-PZ,4,ictal,12.0,13.21491115519666,19
CZ-PZ,4,ictal,12.5,15.472137168085025,19
CZ-PZ,4,ictal,13.0,10.952027188860074,19
CZ-PZ,4,ictal,13.5,8.703694591431317,19
CZ-PZ,4,ictal,14.0,7.349865777938137,19
CZ-PZ,4,ictal,14.5,7.371766762848675,19
CZ-PZ,4,ictal,15.0,3.093152102636315,19
CZ-PZ,4,ictal,15.5,4.146255877157892,19
CZ-PZ,4,ictal,16.0,4.08294290767538,19
CZ-PZ,4,ictal,16.5,2.2524467097892797,19
CZ-PZ,4,ictal,17.0,1.6060155767178694,19
CZ-PZ,4,ictal,17.5,1.7260866981830152,19
CZ-PZ,4,ictal,18.0,3.1686935716627027,19
CZ-PZ,4,ictal,18.5,1.596714590230431,19
CZ-PZ,4,ictal,19.0,2.457509723334364,19
CZ-PZ,4,ictal,19.5,2.7050486509216385,19
CZ-PZ,4,ictal,20.0,2.526292190782776,19
CZ-PZ,4,ictal,20.5,1.9229218566345698,19
CZ-PZ,4,ictal,21.0,2.194837900496276,19
CZ-PZ,4,ictal,21.5,1.7329061133381982,19
CZ-PZ,4,ictal,22.0,2.058645468036509,19
CZ-PZ,4,ictal,22.5,1.3027354961119983,19
CZ-PZ,4,ictal,23.0,0.7476572554731193,19
CZ-PZ,4,ictal,23.5,1.3251442928035606,19
CZ-PZ,4,ictal,24.0,1.131750979748248,19
CZ-PZ,4,ictal,24.5,0.8822890977912768,19
CZ-PZ,4,ictal,25.0,0.9571013270935124,19
CZ-PZ,4,ictal,25.5,0.9602175571255073,19
CZ-PZ,4,ictal,26.0,0.8234006128037447,19
CZ-PZ,4,ictal,26.5,0.6771085492588244,19
CZ-PZ,4,ictal,27.0,0.5061436107012166,19
CZ-PZ,4,ictal,27.5,0.5755157026781874,19
CZ-PZ,4,ictal,28.0,0.6251780388270061,19
CZ-PZ,4,ictal,28.5,0.5370211581302687,19
CZ-PZ,4,ictal,29.0,0.3853368866489644,19
CZ-PZ,4,ictal,29.5,0.40451450638835773,19
CZ-PZ,4,ictal,30.0,0.44225359095622124,19
CZ-PZ,4,ictal,30.5,0.41229807099609667,19
CZ-PZ,4,ictal,31.0,0.41640795856136403,19
CZ-PZ,4,ictal,31.5,0.6026839518508731,19
CZ-PZ,4,ictal,32.0,0.923446120583762,19
CZ-PZ,4,ictal,32.5,0.676898360502094,19
CZ-PZ,4,ictal,33.0,0.29963590626680886,19
CZ-PZ,4,ictal,33.5,0.35877302912202436,19
CZ-PZ,4,ictal,34.0,0.258268351938199,19
CZ-PZ,4,ictal,34.5,0.22416062091916902,19
CZ-PZ,4,ictal,35.0,0.23099160784719927,19
CZ-PZ,4,ictal,35.5,0.16803834821310823,19
CZ-PZ,4,ictal,36.0,0.17329368265136777,19
CZ-PZ,4,ictal,36.5,0.1698297637219992,19
CZ-PZ,4,ictal,37.0,0.1633071235101762,19
CZ-PZ,4,ictal,37.5,0.09337807103108381,19
CZ-PZ,4,ictal,38.0,0.10852694726241018,19
CZ-PZ,4,ictal,38.5,0.11035730357205999,19
CZ-PZ,4,ictal,39.0,0.07185873395744592,19
CZ-PZ,4,ictal,39.5,0.059930578573502924,19
CZ-PZ,4,ictal,40.0,0.05808834682132528,19
CZ-PZ,4,sin_crisis_anotada,0.5,131.28964722302436,118
CZ-PZ,4,sin_crisis_anotada,1.0,388.51027631066427,118
CZ-PZ,4,sin_crisis_anotada,1.5,412.7152592363037,118
CZ-PZ,4,sin_crisis_anotada,2.0,247.34862326036878,118
CZ-PZ,4,sin_crisis_anotada,2.5,140.7847744222895,118
CZ-PZ,4,sin_crisis_anotada,3.0,102.20626407125079,118
CZ-PZ,4,sin_crisis_anotada,3.5,87.92155051933149,118
CZ-PZ,4,sin_crisis_anotada,4.0,70.79147836234928,118
CZ-PZ,4,sin_crisis_anotada,4.5,57.48503179465257,118
CZ-PZ,4,sin_crisis_anotada,5.0,51.583247751149145,118
CZ-PZ,4,sin_crisis_anotada,5.5,48.92688442331564,118
CZ-PZ,4,sin_crisis_anotada,6.0,43.71787265530669,118
CZ-PZ,4,sin_crisis_anotada,6.5,29.6016052581966,118
CZ-PZ,4,sin_crisis_anotada,7.0,22.933053776105535,118
CZ-PZ,4,sin_crisis_anotada,7.5,19.252867035623513,118
CZ-PZ,4,sin_crisis_anotada,8.0,15.401769938327192,118
CZ-PZ,4,sin_crisis_anotada,8.5,15.749488796437703,118
CZ-PZ,4,sin_crisis_anotada,9.0,13.419894732867629,118
CZ-PZ,4,sin_crisis_anotada,9.5,12.558765645944852,118
CZ-PZ,4,sin_crisis_anotada,10.0,10.145286551328084,118
CZ-PZ,4,sin_crisis_anotada,10.5,8.637075351912275,118
CZ-PZ,4,sin_crisis_anotada,11.0,9.123149319188993,118
CZ-PZ,4,sin_crisis_anotada,11.5,7.94124126615738,118
CZ-PZ,4,sin_crisis_anotada,12.0,6.792217839045152,118
CZ-PZ,4,sin_crisis_anotada,12.5,6.999772906917412,118
CZ-PZ,4,sin_crisis_anotada,13.0,7.356234966678692,118
CZ-PZ,4,sin_crisis_anotada,13.5,6.596829716125478,118
CZ-PZ,4,sin_crisis_anotada,14.0,5.261621362665669,118
CZ-PZ,4,sin_crisis_anotada,14.5,3.92960536957166,118
CZ-PZ,4,sin_crisis_anotada,15.0,2.8412259006334635,118
CZ-PZ,4,sin_crisis_anotada,15.5,2.773117350928758,118
CZ-PZ,4,sin_crisis_anotada,16.0,3.5350502205302314,118
CZ-PZ,4,sin_crisis_anotada,16.5,1.989958644605308,118
CZ-PZ,4,sin_crisis_anotada,17.0,1.3834958078644584,118
CZ-PZ,4,sin_crisis_anotada,17.5,1.2539721818997749,118
CZ-PZ,4,sin_crisis_anotada,18.0,1.1152119951110255,118
CZ-PZ,4,sin_crisis_anotada,18.5,0.9748192825856602,118
CZ-PZ,4,sin_crisis_anotada,19.0,0.799223720729167,118
CZ-PZ,4,sin_crisis_anotada,19.5,0.8132457808348373,118
CZ-PZ,4,sin_crisis_anotada,20.0,0.8685828624821266,118
CZ-PZ,4,sin_crisis_anotada,20.5,0.8318828706706465,118
CZ-PZ,4,sin_crisis_anotada,21.0,0.6778917317752233,118
CZ-PZ,4,sin_crisis_anotada,21.5,0.5544661774785656,118
CZ-PZ,4,sin_crisis_anotada,22.0,0.5717247224093697,118
CZ-PZ,4,sin_crisis_anotada,22.5,0.5693144128330745,118
CZ-PZ,4,sin_crisis_anotada,23.0,0.549227220760901,118
CZ-PZ,4,sin_crisis_anotada,23.5,0.4517083194124989,118
CZ-PZ,4,sin_crisis_anotada,24.0,0.4537568463365083,118
CZ-PZ,4,sin_crisis_anotada,24.5,0.4629998833188337,118
CZ-PZ,4,sin_crisis_anotada,25.0,0.469566368303436,118
CZ-PZ,4,sin_crisis_anotada,25.5,0.4088175733688285,118
CZ-PZ,4,sin_crisis_anotada,26.0,0.3558040197826407,118
CZ-PZ,4,sin_crisis_anotada,26.5,0.35800706369728974,118
CZ-PZ,4,sin_crisis_anotada,27.0,0.3027474404773373,118
CZ-PZ,4,sin_crisis_anotada,27.5,0.29838415816231634,118
CZ-PZ,4,sin_crisis_anotada,28.0,0.32893389656163774,118
CZ-PZ,4,sin_crisis_anotada,28.5,0.26084585961170004,118
CZ-PZ,4,sin_crisis_anotada,29.0,0.22027421656660368,118
CZ-PZ,4,sin_crisis_anotada,29.5,0.2116120461804542,118
CZ-PZ,4,sin_crisis_anotada,30.0,0.19383864367360598,118
CZ-PZ,4,sin_crisis_anotada,30.5,0.20323394106955261,118
CZ-PZ,4,sin_crisis_anotada,31.0,0.19116243906842362,118
CZ-PZ,4,sin_crisis_anotada,31.5,0.6453135860391606,118
CZ-PZ,4,sin_crisis_anotada,32.0,1.8763829204837612,118
CZ-PZ,4,sin_crisis_anotada,32.5,0.5427704147055141,118
CZ-PZ,4,sin_crisis_anotada,33.0,0.12065149090286689,118
CZ-PZ,4,sin_crisis_anotada,33.5,0.14113821032166385,118
CZ-PZ,4,sin_crisis_anotada,34.0,0.13212546114761753,118
CZ-PZ,4,sin_crisis_anotada,34.5,0.13170683040866815,118
CZ-PZ,4,sin_crisis_anotada,35.0,0.10375621998855059,118
CZ-PZ,4,sin_crisis_anotada,35.5,0.10011230647828268,118
CZ-PZ,4,sin_crisis_anotada,36.0,0.10449145561854167,118
CZ-PZ,4,sin_crisis_anotada,36.5,0.07762776552248173,118
CZ-PZ,4,sin_crisis_anotada,37.0,0.07821684850569804,118
CZ-PZ,4,sin_crisis_anotada,37.5,0.053549548266628985,118
CZ-PZ,4,sin_crisis_anotada,38.0,0.05032665038605892,118
CZ-PZ,4,sin_crisis_anotada,38.5,0.04452067465633629,118
CZ-PZ,4,sin_crisis_anotada,39.0,0.03578086219024607,118
CZ-PZ,4,sin_crisis_anotada,39.5,0.03038296700369493,118
CZ-PZ,4,sin_crisis_anotada,40.0,0.029680336539928423,118
CZ-PZ,4,transicion,0.5,956.9291178303391,2
CZ-PZ,4,transicion,1.0,1827.2709401271222,2
CZ-PZ,4,transicion,1.5,1415.2974111899532,2
CZ-PZ,4,transicion,2.0,1010.5812008814669,2
CZ-PZ,4,transicion,2.5,534.0183153021554,2
CZ-PZ,4,transicion,3.0,562.4087037654657,2
CZ-PZ,4,transicion,3.5,360.1539982903615,2
CZ-PZ,4,transicion,4.0,190.2067859149729,2
CZ-PZ,4,transicion,4.5,112.72262819157007,2
CZ-PZ,4,transicion,5.0,77.72441289561182,2
CZ-PZ,4,transicion,5.5,73.01001094145182,2
CZ-PZ,4,transicion,6.0,86.654345750278,2
CZ-PZ,4,transicion,6.5,35.4961559857022,2
CZ-PZ,4,transicion,7.0,21.80669838078639,2
CZ-PZ,4,transicion,7.5,29.19210138970687,2
CZ-PZ,4,transicion,8.0,29.789888161230486,2
CZ-PZ,4,transicion,8.5,32.85792653588617,2
CZ-PZ,4,transicion,9.0,18.754809453753985,2
CZ-PZ,4,transicion,9.5,35.11587169394588,2
CZ-PZ,4,transicion,10.0,96.41729555716128,2
CZ-PZ,4,transicion,10.5,38.78872660106004,2
CZ-PZ,4,transicion,11.0,40.23850323362488,2
CZ-PZ,4,transicion,11.5,29.28210068382682,2
CZ-PZ,4,transicion,12.0,38.89846872405195,2
CZ-PZ,4,transicion,12.5,41.508697812534635,2
CZ-PZ,4,transicion,13.0,31.95550593457985,2
CZ-PZ,4,transicion,13.5,10.126267738713802,2
CZ-PZ,4,transicion,14.0,3.0918303068567403,2
CZ-PZ,4,transicion,14.5,7.923995500882269,2
CZ-PZ,4,transicion,15.0,6.19267355639856,2
CZ-PZ,4,transicion,15.5,5.778695725941409,2
CZ-PZ,4,transicion,16.0,4.905132821156723,2
CZ-PZ,4,transicion,16.5,5.038917267378796,2
CZ-PZ,4,transicion,17.0,3.7677183305152115,2
CZ-PZ,4,transicion,17.5,1.361847259919497,2
CZ-PZ,4,transicion,18.0,3.356365764985982,2
CZ-PZ,4,transicion,18.5,2.5047560012576295,2
CZ-PZ,4,transicion,19.0,1.7523035103760076,2
CZ-PZ,4,transicion,19.5,1.731219089675663,2
CZ-PZ,4,transicion,20.0,1.46017916288976,2
CZ-PZ,4,transicion,20.5,3.0217571498680837,2
CZ-PZ,4,transicion,21.0,2.32925845830575,2
CZ-PZ,4,transicion,21.5,1.4136762991726495,2
CZ-PZ,4,transicion,22.0,1.1582831078313098,2
CZ-PZ,4,transicion,22.5,0.8363390786007416,2
CZ-PZ,4,transicion,23.0,0.9473489574635057,2
CZ-PZ,4,transicion,23.5,1.0072340806463982,2
CZ-PZ,4,transicion,24.0,0.7981164881393166,2
CZ-PZ,4,transicion,24.5,0.7787657575342115,2
CZ-PZ,4,transicion,25.0,0.6183796702799169,2
CZ-PZ,4,transicion,25.5,0.7436876649761601,2
CZ-PZ,4,transicion,26.0,0.5139493155162226,2
CZ-PZ,4,transicion,26.5,0.2871608828448545,2
CZ-PZ,4,transicion,27.0,0.42976004556640124,2
CZ-PZ,4,transicion,27.5,0.5117884215468373,2
CZ-PZ,4,transicion,28.0,0.36932124711586795,2
CZ-PZ,4,transicion,28.5,0.5417663593089687,2
CZ-PZ,4,transicion,29.0,1.0158505912756124,2
CZ-PZ,4,transicion,29.5,0.49600962043328595,2
CZ-PZ,4,transicion,30.0,0.5847510208909403,2
CZ-PZ,4,transicion,30.5,0.5511251112135996,2
CZ-PZ,4,transicion,31.0,0.23651225451612443,2
CZ-PZ,4,transicion,31.5,0.3500008004847407,2
CZ-PZ,4,transicion,32.0,0.7992554476025443,2
CZ-PZ,4,transicion,32.5,0.3768545888046887,2
CZ-PZ,4,transicion,33.0,0.17407790351028413,2
CZ-PZ,4,transicion,33.5,0.23825955837953067,2
CZ-PZ,4,transicion,34.0,0.2738004729331595,2
CZ-PZ,4,transicion,34.5,0.22434800304967506,2
CZ-PZ,4,transicion,35.0,0.14859736028357198,2
CZ-PZ,4,transicion,35.5,0.08611452539793645,2
CZ-PZ,4,transicion,36.0,0.1722618075972775,2
CZ-PZ,4,transicion,36.5,0.18074024826061186,2
CZ-PZ,4,transicion,37.0,0.1386177233341229,2
CZ-PZ,4,transicion,37.5,0.1311922548202466,2
CZ-PZ,4,transicion,38.0,0.10827952459090766,2
CZ-PZ,4,transicion,38.5,0.10062871944165143,2
CZ-PZ,4,transicion,39.0,0.08033076657854929,2
CZ-PZ,4,transicion,39.5,0.06034216409919565,2
CZ-PZ,4,transicion,40.0,0.03219033787024943,2
CZ-PZ,8,ictal,0.5,783.6272304361057,9
CZ-PZ,8,ictal,1.0,2046.497838175866,9
CZ-PZ,8,ictal,1.5,2234.875672835155,9
CZ-PZ,8,ictal,2.0,2165.5615160200687,9
CZ-PZ,8,ictal,2.5,1891.7213336266593,9
CZ-PZ,8,ictal,3.0,1681.276622910696,9
CZ-PZ,8,ictal,3.5,715.2189553714543,9
CZ-PZ,8,ictal,4.0,241.1687571577648,9
CZ-PZ,8,ictal,4.5,242.48584528563703,9
CZ-PZ,8,ictal,5.0,133.89926110666474,9
CZ-PZ,8,ictal,5.5,187.4225377294994,9
CZ-PZ,8,ictal,6.0,239.667595992572,9
CZ-PZ,8,ictal,6.5,98.6190679895182,9
CZ-PZ,8,ictal,7.0,62.66988520886843,9
CZ-PZ,8,ictal,7.5,75.11494960533166,9
CZ-PZ,8,ictal,8.0,54.66823283268013,9
CZ-PZ,8,ictal,8.5,32.92160035220896,9
CZ-PZ,8,ictal,9.0,31.51174079437693,9
CZ-PZ,8,ictal,9.5,29.244697623563184,9
CZ-PZ,8,ictal,10.0,23.67568589129088,9
CZ-PZ,8,ictal,10.5,22.2745807805788,9
CZ-PZ,8,ictal,11.0,15.692356912188027,9
CZ-PZ,8,ictal,11.5,12.382101368382036,9
CZ-PZ,8,ictal,12.0,11.348918314554123,9
CZ-PZ,8,ictal,12.5,14.064959219321779,9
CZ-PZ,8,ictal,13.0,13.007275392147843,9
CZ-PZ,8,ictal,13.5,7.047116458063889,9
CZ-PZ,8,ictal,14.0,8.596614181022995,9
CZ-PZ,8,ictal,14.5,7.095408029229323,9
CZ-PZ,8,ictal,15.0,4.017805521849518,9
CZ-PZ,8,ictal,15.5,3.925248347300232,9
CZ-PZ,8,ictal,16.0,4.38680545482957,9
CZ-PZ,8,ictal,16.5,2.3376768634632836,9
CZ-PZ,8,ictal,17.0,2.151655945047817,9
CZ-PZ,8,ictal,17.5,2.094068500162946,9
CZ-PZ,8,ictal,18.0,2.799253053725759,9
CZ-PZ,8,ictal,18.5,1.7140697887910978,9
CZ-PZ,8,ictal,19.0,2.7882401473774125,9
CZ-PZ,8,ictal,19.5,2.960609995096274,9
CZ-PZ,8,ictal,20.0,2.3070924582380337,9
CZ-PZ,8,ictal,20.5,3.725642485923134,9
CZ-PZ,8,ictal,21.0,2.272659965033393,9
CZ-PZ,8,ictal,21.5,1.668598497499479,9
CZ-PZ,8,ictal,22.0,2.10198418472627,9
CZ-PZ,8,ictal,22.5,1.2983537575717214,9
CZ-PZ,8,ictal,23.0,0.8142834975875777,9
CZ-PZ,8,ictal,23.5,1.3969057886698675,9
CZ-PZ,8,ictal,24.0,1.709692979983909,9
CZ-PZ,8,ictal,24.5,1.0076596261150532,9
CZ-PZ,8,ictal,25.0,1.0317442266998291,9
CZ-PZ,8,ictal,25.5,0.8943723801471897,9
CZ-PZ,8,ictal,26.0,1.3006264942059462,9
CZ-PZ,8,ictal,26.5,0.8637694450092412,9
CZ-PZ,8,ictal,27.0,0.9100871552619539,9
CZ-PZ,8,ictal,27.5,0.6463625251122213,9
CZ-PZ,8,ictal,28.0,0.631507049677628,9
CZ-PZ,8,ictal,28.5,0.6892529821214047,9
CZ-PZ,8,ictal,29.0,0.39592148492366913,9
CZ-PZ,8,ictal,29.5,0.4980736958206994,9
CZ-PZ,8,ictal,30.0,0.5310453268938875,9
CZ-PZ,8,ictal,30.5,0.46853739368202707,9
CZ-PZ,8,ictal,31.0,0.48088652489589734,9
CZ-PZ,8,ictal,31.5,0.7371823825632351,9
CZ-PZ,8,ictal,32.0,0.9937925701007889,9
CZ-PZ,8,ictal,32.5,0.6260695187086313,9
CZ-PZ,8,ictal,33.0,0.2691370405709528,9
CZ-PZ,8,ictal,33.5,0.4161031067254119,9
CZ-PZ,8,ictal,34.0,0.27797939910794645,9
CZ-PZ,8,ictal,34.5,0.22229330300521566,9
CZ-PZ,8,ictal,35.0,0.1628354153732609,9
CZ-PZ,8,ictal,35.5,0.18329491773716974,9
CZ-PZ,8,ictal,36.0,0.18207666573962591,9
CZ-PZ,8,ictal,36.5,0.1710421505878109,9
CZ-PZ,8,ictal,37.0,0.14880536493523921,9
CZ-PZ,8,ictal,37.5,0.1005145825367795,9
CZ-PZ,8,ictal,38.0,0.11017675130836944,9
CZ-PZ,8,ictal,38.5,0.08383244911436419,9
CZ-PZ,8,ictal,39.0,0.12101902294130253,9
CZ-PZ,8,ictal,39.5,0.10020456499144324,9
CZ-PZ,8,ictal,40.0,0.08518879168548131,9
CZ-PZ,8,sin_crisis_anotada,0.5,141.10814377487378,58
CZ-PZ,8,sin_crisis_anotada,1.0,392.54439142882734,58
CZ-PZ,8,sin_crisis_anotada,1.5,409.11080482387433,58
CZ-PZ,8,sin_crisis_anotada,2.0,299.3545256184908,58
CZ-PZ,8,sin_crisis_anotada,2.5,161.85128505641984,58
CZ-PZ,8,sin_crisis_anotada,3.0,113.99800597030382,58
CZ-PZ,8,sin_crisis_anotada,3.5,102.79403242759375,58
CZ-PZ,8,sin_crisis_anotada,4.0,85.48237985923144,58
CZ-PZ,8,sin_crisis_anotada,4.5,58.20379459613558,58
CZ-PZ,8,sin_crisis_anotada,5.0,56.6868233067605,58
CZ-PZ,8,sin_crisis_anotada,5.5,51.57020238910424,58
CZ-PZ,8,sin_crisis_anotada,6.0,41.804972296363744,58
CZ-PZ,8,sin_crisis_anotada,6.5,31.90285753270023,58
CZ-PZ,8,sin_crisis_anotada,7.0,25.98258019332192,58
CZ-PZ,8,sin_crisis_anotada,7.5,19.28218286648281,58
CZ-PZ,8,sin_crisis_anotada,8.0,16.46566394872407,58
CZ-PZ,8,sin_crisis_anotada,8.5,18.280783115527257,58
CZ-PZ,8,sin_crisis_anotada,9.0,15.882245727853759,58
CZ-PZ,8,sin_crisis_anotada,9.5,12.54345188526846,58
CZ-PZ,8,sin_crisis_anotada,10.0,11.516383772424938,58
CZ-PZ,8,sin_crisis_anotada,10.5,10.334066528411157,58
CZ-PZ,8,sin_crisis_anotada,11.0,11.714793781723834,58
CZ-PZ,8,sin_crisis_anotada,11.5,15.062962738687064,58
CZ-PZ,8,sin_crisis_anotada,12.0,16.43156069810892,58
CZ-PZ,8,sin_crisis_anotada,12.5,14.050023601139793,58
CZ-PZ,8,sin_crisis_anotada,13.0,12.913025514200179,58
CZ-PZ,8,sin_crisis_anotada,13.5,9.182438516435035,58
CZ-PZ,8,sin_crisis_anotada,14.0,7.572384447227878,58
CZ-PZ,8,sin_crisis_anotada,14.5,4.2834986582146275,58
CZ-PZ,8,sin_crisis_anotada,15.0,3.0849354129650886,58
CZ-PZ,8,sin_crisis_anotada,15.5,3.0921544709980044,58
CZ-PZ,8,sin_crisis_anotada,16.0,3.6245531466341516,58
CZ-PZ,8,sin_crisis_anotada,16.5,2.369042684754577,58
CZ-PZ,8,sin_crisis_anotada,17.0,1.5351042624926172,58
CZ-PZ,8,sin_crisis_anotada,17.5,1.2806588604411848,58
CZ-PZ,8,sin_crisis_anotada,18.0,1.2903679637020466,58
CZ-PZ,8,sin_crisis_anotada,18.5,1.0088555622249125,58
CZ-PZ,8,sin_crisis_anotada,19.0,0.8640408370865756,58
CZ-PZ,8,sin_crisis_anotada,19.5,0.8687528059220291,58
CZ-PZ,8,sin_crisis_anotada,20.0,0.8999075997991811,58
CZ-PZ,8,sin_crisis_anotada,20.5,0.8934560229173627,58
CZ-PZ,8,sin_crisis_anotada,21.0,0.7275076392147435,58
CZ-PZ,8,sin_crisis_anotada,21.5,0.6778487914663394,58
CZ-PZ,8,sin_crisis_anotada,22.0,0.6531839115095088,58
CZ-PZ,8,sin_crisis_anotada,22.5,0.6293419669466014,58
CZ-PZ,8,sin_crisis_anotada,23.0,0.6504479589206715,58
CZ-PZ,8,sin_crisis_anotada,23.5,0.45501641930161396,58
CZ-PZ,8,sin_crisis_anotada,24.0,0.4586947029311299,58
CZ-PZ,8,sin_crisis_anotada,24.5,0.46240300192977873,58
CZ-PZ,8,sin_crisis_anotada,25.0,0.5239672523686529,58
CZ-PZ,8,sin_crisis_anotada,25.5,0.4706972979816223,58
CZ-PZ,8,sin_crisis_anotada,26.0,0.4505962115822528,58
CZ-PZ,8,sin_crisis_anotada,26.5,0.4084251109744693,58
CZ-PZ,8,sin_crisis_anotada,27.0,0.35941718865616,58
CZ-PZ,8,sin_crisis_anotada,27.5,0.34424441631699987,58
CZ-PZ,8,sin_crisis_anotada,28.0,0.3332898947421836,58
CZ-PZ,8,sin_crisis_anotada,28.5,0.28106331920742894,58
CZ-PZ,8,sin_crisis_anotada,29.0,0.2542297006590335,58
CZ-PZ,8,sin_crisis_anotada,29.5,0.2581257593519919,58
CZ-PZ,8,sin_crisis_anotada,30.0,0.22141485371228808,58
CZ-PZ,8,sin_crisis_anotada,30.5,0.22235856812926424,58
CZ-PZ,8,sin_crisis_anotada,31.0,0.2050214174034179,58
CZ-PZ,8,sin_crisis_anotada,31.5,0.7884858717110418,58
CZ-PZ,8,sin_crisis_anotada,32.0,1.7868217446716979,58
CZ-PZ,8,sin_crisis_anotada,32.5,0.615090157982467,58
CZ-PZ,8,sin_crisis_anotada,33.0,0.141547622959381,58
CZ-PZ,8,sin_crisis_anotada,33.5,0.1363975014899494,58
CZ-PZ,8,sin_crisis_anotada,34.0,0.14301603034952115,58
CZ-PZ,8,sin_crisis_anotada,34.5,0.14177387573656114,58
CZ-PZ,8,sin_crisis_anotada,35.0,0.11790839746401754,58
CZ-PZ,8,sin_crisis_anotada,35.5,0.12005350044298502,58
CZ-PZ,8,sin_crisis_anotada,36.0,0.11237060056351605,58
CZ-PZ,8,sin_crisis_anotada,36.5,0.07764511230680854,58
CZ-PZ,8,sin_crisis_anotada,37.0,0.08170947759715351,58
CZ-PZ,8,sin_crisis_anotada,37.5,0.057898246129435255,58
CZ-PZ,8,sin_crisis_anotada,38.0,0.05605934297051739,58
CZ-PZ,8,sin_crisis_anotada,38.5,0.048045720383024335,58
CZ-PZ,8,sin_crisis_anotada,39.0,0.03948164560090126,58
CZ-PZ,8,sin_crisis_anotada,39.5,0.033133944313383665,58
CZ-PZ,8,sin_crisis_anotada,40.0,0.033643218159863916,58
CZ-PZ,8,transicion,0.5,667.5512987010461,2
CZ-PZ,8,transicion,1.0,1193.2182007165209,2
CZ-PZ,8,transicion,1.5,871.0117101580971,2
CZ-PZ,8,transicion,2.0,807.6108057894348,2
CZ-PZ,8,transicion,2.5,698.061423291444,2
CZ-PZ,8,transicion,3.0,479.8202486294236,2
CZ-PZ,8,transicion,3.5,287.81045298249387,2
CZ-PZ,8,transicion,4.0,196.4392831313271,2
CZ-PZ,8,transicion,4.5,104.10111482388541,2
CZ-PZ,8,transicion,5.0,73.97579355468065,2
CZ-PZ,8,transicion,5.5,78.67305433515895,2
CZ-PZ,8,transicion,6.0,55.83280264105221,2
CZ-PZ,8,transicion,6.5,32.440717362091156,2
CZ-PZ,8,transicion,7.0,15.163955556055058,2
CZ-PZ,8,transicion,7.5,25.300751085632,2
CZ-PZ,8,transicion,8.0,44.702651102543996,2
CZ-PZ,8,transicion,8.5,22.56630907769465,2
CZ-PZ,8,transicion,9.0,20.056903865227568,2
CZ-PZ,8,transicion,9.5,26.467377137486885,2
CZ-PZ,8,transicion,10.0,50.37025041107217,2
CZ-PZ,8,transicion,10.5,33.42040820671482,2
CZ-PZ,8,transicion,11.0,32.43866752202714,2
CZ-PZ,8,transicion,11.5,22.02038294641466,2
CZ-PZ,8,transicion,12.0,29.847333859351686,2
CZ-PZ,8,transicion,12.5,25.187183054266583,2
CZ-PZ,8,transicion,13.0,21.747481882911142,2
CZ-PZ,8,transicion,13.5,11.295422286278109,2
CZ-PZ,8,transicion,14.0,5.975775327697718,2
CZ-PZ,8,transicion,14.5,8.972390650910505,2
CZ-PZ,8,transicion,15.0,6.6802766988035405,2
CZ-PZ,8,transicion,15.5,5.252642013080731,2
CZ-PZ,8,transicion,16.0,4.902284153215746,2
CZ-PZ,8,transicion,16.5,4.269426329459176,2
CZ-PZ,8,transicion,17.0,3.9189575445840963,2
CZ-PZ,8,transicion,17.5,2.6612134517681705,2
CZ-PZ,8,transicion,18.0,2.7872932551549896,2
CZ-PZ,8,transicion,18.5,1.7722318714204812,2
CZ-PZ,8,transicion,19.0,1.4902476227460741,2
CZ-PZ,8,transicion,19.5,1.6139777313060013,2
CZ-PZ,8,transicion,20.0,1.6385316477652145,2
CZ-PZ,8,transicion,20.5,2.5566111826421327,2
CZ-PZ,8,transicion,21.0,1.5419919855294433,2
CZ-PZ,8,transicion,21.5,1.285291192149554,2
CZ-PZ,8,transicion,22.0,1.5646953267934811,2
CZ-PZ,8,transicion,22.5,1.1128768992970817,2
CZ-PZ,8,transicion,23.0,0.9017599297826704,2
CZ-PZ,8,transicion,23.5,1.0684748295200843,2
CZ-PZ,8,transicion,24.0,0.6404035709363556,2
CZ-PZ,8,transicion,24.5,0.5619449529091565,2
CZ-PZ,8,transicion,25.0,0.47481159295920194,2
CZ-PZ,8,transicion,25.5,0.5802791736091769,2
CZ-PZ,8,transicion,26.0,0.588605231926767,2
CZ-PZ,8,transicion,26.5,0.27109288725613917,2
CZ-PZ,8,transicion,27.0,0.36946396324937575,2
CZ-PZ,8,transicion,27.5,0.41312331747522046,2
CZ-PZ,8,transicion,28.0,0.4200358774769964,2
CZ-PZ,8,transicion,28.5,0.5208303274500399,2
CZ-PZ,8,transicion,29.0,0.6464739907709456,2
CZ-PZ,8,transicion,29.5,0.5128833416150615,2
CZ-PZ,8,transicion,30.0,0.4126178382004549,2
CZ-PZ,8,transicion,30.5,0.39841105348032135,2
CZ-PZ,8,transicion,31.0,0.27273787111489,2
CZ-PZ,8,transicion,31.5,0.5086811518014551,2
CZ-PZ,8,transicion,32.0,1.6033011721471908,2
CZ-PZ,8,transicion,32.5,0.703869669562697,2
CZ-PZ,8,transicion,33.0,0.18458306013192483,2
CZ-PZ,8,transicion,33.5,0.19776170343007055,2
CZ-PZ,8,transicion,34.0,0.23278402372462964,2
CZ-PZ,8,transicion,34.5,0.23368119192183018,2
CZ-PZ,8,transicion,35.0,0.17192831179588264,2
CZ-PZ,8,transicion,35.5,0.09466900417375286,2
CZ-PZ,8,transicion,36.0,0.14129352271559129,2
CZ-PZ,8,transicion,36.5,0.12591507646793842,2
CZ-PZ,8,transicion,37.0,0.09113703751356972,2
CZ-PZ,8,transicion,37.5,0.08016765354379102,2
CZ-PZ,8,transicion,38.0,0.08320046108399418,2
CZ-PZ,8,transicion,38.5,0.07817438375374347,2
CZ-PZ,8,transicion,39.0,0.07146910487852552,2
CZ-PZ,8,transicion,39.5,0.05489450414404515,2
CZ-PZ,8,transicion,40.0,0.03458155417087749,2
F3-C3,2,ictal,0.5,505.66257133708814,39
F3-C3,2,ictal,1.0,1205.8842187240757,39
F3-C3,2,ictal,1.5,1245.5043580369634,39
F3-C3,2,ictal,2.0,973.989291807755,39
F3-C3,2,ictal,2.5,1138.0241388064082,39
F3-C3,2,ictal,3.0,1226.741621581261,39
F3-C3,2,ictal,3.5,689.5777741379013,39
F3-C3,2,ictal,4.0,399.49928718745986,39
F3-C3,2,ictal,4.5,328.99967885519817,39
F3-C3,2,ictal,5.0,253.8805831555697,39
F3-C3,2,ictal,5.5,305.4735627775805,39
F3-C3,2,ictal,6.0,355.88442265584126,39
F3-C3,2,ictal,6.5,206.2803815750656,39
F3-C3,2,ictal,7.0,106.28270369298976,39
F3-C3,2,ictal,7.5,32.46615774494686,39
F3-C3,2,ictal,8.0,23.96854129962865,39
F3-C3,2,ictal,8.5,25.61024412890588,39
F3-C3,2,ictal,9.0,16.514277003889827,39
F3-C3,2,ictal,9.5,16.65271180933576,39
F3-C3,2,ictal,10.0,12.738290379585926,39
F3-C3,2,ictal,10.5,10.559827798137519,39
F3-C3,2,ictal,11.0,8.325490304967555,39
F3-C3,2,ictal,11.5,6.022417901910477,39
F3-C3,2,ictal,12.0,6.619117515658398,39
F3-C3,2,ictal,12.5,10.285591267220338,39
F3-C3,2,ictal,13.0,8.430996832573019,39
F3-C3,2,ictal,13.5,5.233108326297178,39
F3-C3,2,ictal,14.0,5.49770715165277,39
F3-C3,2,ictal,14.5,2.0501995402680566,39
F3-C3,2,ictal,15.0,4.040591640470216,39
F3-C3,2,ictal,15.5,9.934954294299857,39
F3-C3,2,ictal,16.0,25.388399353455213,39
F3-C3,2,ictal,16.5,11.035317433224662,39
F3-C3,2,ictal,17.0,2.4187737952939017,39
F3-C3,2,ictal,17.5,2.3999032352365415,39
F3-C3,2,ictal,18.0,2.501161008307651,39
F3-C3,2,ictal,18.5,1.8626544283386552,39
F3-C3,2,ictal,19.0,1.3626327238493152,39
F3-C3,2,ictal,19.5,2.373365039528253,39
F3-C3,2,ictal,20.0,1.766100100553142,39
F3-C3,2,ictal,20.5,1.4095762457470942,39
F3-C3,2,ictal,21.0,2.060800362906187,39
F3-C3,2,ictal,21.5,3.2450497712537567,39
F3-C3,2,ictal,22.0,2.0800359250958453,39
F3-C3,2,ictal,22.5,1.8523849662854548,39
F3-C3,2,ictal,23.0,1.0507278065604881,39
F3-C3,2,ictal,23.5,1.5914333203372877,39
F3-C3,2,ictal,24.0,1.5186192237367715,39
F3-C3,2,ictal,24.5,1.372388206048044,39
F3-C3,2,ictal,25.0,1.123728645102349,39
F3-C3,2,ictal,25.5,1.3713649317831846,39
F3-C3,2,ictal,26.0,1.5531491984627253,39
F3-C3,2,ictal,26.5,1.2516012048770948,39
F3-C3,2,ictal,27.0,1.3515057955523675,39
F3-C3,2,ictal,27.5,1.3029172453700157,39
F3-C3,2,ictal,28.0,1.470658820308827,39
F3-C3,2,ictal,28.5,0.623819439458249,39
F3-C3,2,ictal,29.0,0.9730686657742367,39
F3-C3,2,ictal,29.5,1.7755757461949884,39
F3-C3,2,ictal,30.0,1.2051826257484293,39
F3-C3,2,ictal,30.5,1.867611877699054,39
F3-C3,2,ictal,31.0,1.754103097489455,39
F3-C3,2,ictal,31.5,4.954706151561089,39
F3-C3,2,ictal,32.0,17.01184776024798,39
F3-C3,2,ictal,32.5,5.471675683640236,39
F3-C3,2,ictal,33.0,1.2816757340328087,39
F3-C3,2,ictal,33.5,1.560992015949752,39
F3-C3,2,ictal,34.0,1.0792289173080605,39
F3-C3,2,ictal,34.5,0.9448846357493818,39
F3-C3,2,ictal,35.0,0.6533879172579629,39
F3-C3,2,ictal,35.5,0.6422822870210899,39
F3-C3,2,ictal,36.0,1.0226492552591082,39
F3-C3,2,ictal,36.5,0.6399603291634128,39
F3-C3,2,ictal,37.0,0.6248927253048653,39
F3-C3,2,ictal,37.5,0.34176419171878325,39
F3-C3,2,ictal,38.0,0.8095273401248883,39
F3-C3,2,ictal,38.5,0.6124975069155222,39
F3-C3,2,ictal,39.0,0.5256513748080163,39
F3-C3,2,ictal,39.5,0.23756817513612627,39
F3-C3,2,ictal,40.0,0.35822912086724845,39
F3-C3,2,sin_crisis_anotada,0.5,112.83715099917595,238
F3-C3,2,sin_crisis_anotada,1.0,243.6248419596327,238
F3-C3,2,sin_crisis_anotada,1.5,293.0973041131997,238
F3-C3,2,sin_crisis_anotada,2.0,220.9402059686976,238
F3-C3,2,sin_crisis_anotada,2.5,104.25146436511434,238
F3-C3,2,sin_crisis_anotada,3.0,69.85912817909477,238
F3-C3,2,sin_crisis_anotada,3.5,45.8219014457279,238
F3-C3,2,sin_crisis_anotada,4.0,39.90072090569077,238
F3-C3,2,sin_crisis_anotada,4.5,40.55740146345819,238
F3-C3,2,sin_crisis_anotada,5.0,32.85645068498146,238
F3-C3,2,sin_crisis_anotada,5.5,24.710077147115328,238
F3-C3,2,sin_crisis_anotada,6.0,25.03985835908923,238
F3-C3,2,sin_crisis_anotada,6.5,19.101477854178768,238
F3-C3,2,sin_crisis_anotada,7.0,17.57467607968467,238
F3-C3,2,sin_crisis_anotada,7.5,13.62516951247106,238
F3-C3,2,sin_crisis_anotada,8.0,8.205711561598296,238
F3-C3,2,sin_crisis_anotada,8.5,7.1342529599109366,238
F3-C3,2,sin_crisis_anotada,9.0,4.292523049821196,238
F3-C3,2,sin_crisis_anotada,9.5,4.612192690696365,238
F3-C3,2,sin_crisis_anotada,10.0,4.331106828619947,238
F3-C3,2,sin_crisis_anotada,10.5,4.631531829769037,238
F3-C3,2,sin_crisis_anotada,11.0,3.64671576907464,238
F3-C3,2,sin_crisis_anotada,11.5,3.31636045415723,238
F3-C3,2,sin_crisis_anotada,12.0,3.9207047602434733,238
F3-C3,2,sin_crisis_anotada,12.5,4.064083065246379,238
F3-C3,2,sin_crisis_anotada,13.0,4.364124445409583,238
F3-C3,2,sin_crisis_anotada,13.5,3.391815429037282,238
F3-C3,2,sin_crisis_anotada,14.0,3.2465107450360007,238
F3-C3,2,sin_crisis_anotada,14.5,2.5102260404718177,238
F3-C3,2,sin_crisis_anotada,15.0,1.607882839456095,238
F3-C3,2,sin_crisis_anotada,15.5,10.870167828132068,238
F3-C3,2,sin_crisis_anotada,16.0,35.26458154839723,238
F3-C3,2,sin_crisis_anotada,16.5,11.190350382026397,238
F3-C3,2,sin_crisis_anotada,17.0,0.9504418803249461,238
F3-C3,2,sin_crisis_anotada,17.5,0.8044311051294845,238
F3-C3,2,sin_crisis_anotada,18.0,0.8126731088187991,238
F3-C3,2,sin_crisis_anotada,18.5,0.8523046910022745,238
F3-C3,2,sin_crisis_anotada,19.0,0.6172940773171991,238
F3-C3,2,sin_crisis_anotada,19.5,0.6351411557593412,238
F3-C3,2,sin_crisis_anotada,20.0,0.500487719502448,238
F3-C3,2,sin_crisis_anotada,20.5,0.5006566809665541,238
F3-C3,2,sin_crisis_anotada,21.0,0.4698866776525264,238
F3-C3,2,sin_crisis_anotada,21.5,0.4049182449527231,238
F3-C3,2,sin_crisis_anotada,22.0,0.38507561282934755,238
F3-C3,2,sin_crisis_anotada,22.5,0.3332954189579594,238
F3-C3,2,sin_crisis_anotada,23.0,0.35778941160342614,238
F3-C3,2,sin_crisis_anotada,23.5,0.3316253128541747,238
F3-C3,2,sin_crisis_anotada,24.0,0.32234474703254423,238
F3-C3,2,sin_crisis_anotada,24.5,0.29169130417900835,238
F3-C3,2,sin_crisis_anotada,25.0,0.3044967337484028,238
F3-C3,2,sin_crisis_anotada,25.5,0.2657096297031406,238
F3-C3,2,sin_crisis_anotada,26.0,0.24808107917998676,238
F3-C3,2,sin_crisis_anotada,26.5,0.27103048501286264,238
F3-C3,2,sin_crisis_anotada,27.0,0.2495611563162781,238
F3-C3,2,sin_crisis_anotada,27.5,0.22120815118564274,238
F3-C3,2,sin_crisis_anotada,28.0,0.1873455548448888,238
F3-C3,2,sin_crisis_anotada,28.5,0.20798925216619712,238
F3-C3,2,sin_crisis_anotada,29.0,0.1573494308538983,238
F3-C3,2,sin_crisis_anotada,29.5,0.17426160583517594,238
F3-C3,2,sin_crisis_anotada,30.0,0.152784297974497,238
F3-C3,2,sin_crisis_anotada,30.5,0.12220704071821017,238
F3-C3,2,sin_crisis_anotada,31.0,0.1258762195446359,238
F3-C3,2,sin_crisis_anotada,31.5,4.794487143019081,238
F3-C3,2,sin_crisis_anotada,32.0,18.64529581201307,238
F3-C3,2,sin_crisis_anotada,32.5,4.810135673834656,238
F3-C3,2,sin_crisis_anotada,33.0,0.09103475840967186,238
F3-C3,2,sin_crisis_anotada,33.5,0.09386714791152478,238
F3-C3,2,sin_crisis_anotada,34.0,0.09203706118772345,238
F3-C3,2,sin_crisis_anotada,34.5,0.08776698779382303,238
F3-C3,2,sin_crisis_anotada,35.0,0.08831678434237344,238
F3-C3,2,sin_crisis_anotada,35.5,0.07788080754897453,238
F3-C3,2,sin_crisis_anotada,36.0,0.06236480885967105,238
F3-C3,2,sin_crisis_anotada,36.5,0.05575559861906756,238
F3-C3,2,sin_crisis_anotada,37.0,0.04979487971370762,238
F3-C3,2,sin_crisis_anotada,37.5,0.044485966254591044,238
F3-C3,2,sin_crisis_anotada,38.0,0.03790011765031138,238
F3-C3,2,sin_crisis_anotada,38.5,0.031310613433126785,238
F3-C3,2,sin_crisis_anotada,39.0,0.025154446965886246,238
F3-C3,2,sin_crisis_anotada,39.5,0.021317867480448192,238
F3-C3,2,sin_crisis_anotada,40.0,0.01808930459108387,238
F3-C3,2,transicion,0.5,322.0444434041897,2
F3-C3,2,transicion,1.0,1327.6165801158454,2
F3-C3,2,transicion,1.5,924.3390356525615,2
F3-C3,2,transicion,2.0,1313.428529412218,2
F3-C3,2,transicion,2.5,895.6567348285313,2
F3-C3,2,transicion,3.0,688.1504426527968,2
F3-C3,2,transicion,3.5,273.3825014669638,2
F3-C3,2,transicion,4.0,76.37127481844354,2
F3-C3,2,transicion,4.5,237.32086717890365,2
F3-C3,2,transicion,5.0,350.75250501379173,2
F3-C3,2,transicion,5.5,263.85036287990584,2
F3-C3,2,transicion,6.0,31.101429544701208,2
F3-C3,2,transicion,6.5,40.82094175404032,2
F3-C3,2,transicion,7.0,37.06616460559067,2
F3-C3,2,transicion,7.5,149.67281427558913,2
F3-C3,2,transicion,8.0,39.82230225295408,2
F3-C3,2,transicion,8.5,19.67342534627834,2
F3-C3,2,transicion,9.0,42.832880351396184,2
F3-C3,2,transicion,9.5,32.12486372083943,2
F3-C3,2,transicion,10.0,4.075992873581511,2
F3-C3,2,transicion,10.5,5.272941822031596,2
F3-C3,2,transicion,11.0,25.357318416047043,2
F3-C3,2,transicion,11.5,6.436049380573504,2
F3-C3,2,transicion,12.0,24.833333345334662,2
F3-C3,2,transicion,12.5,31.422812995787048,2
F3-C3,2,transicion,13.0,13.898047399321431,2
F3-C3,2,transicion,13.5,19.492641664842367,2
F3-C3,2,transicion,14.0,29.809106162899678,2
F3-C3,2,transicion,14.5,27.648347092664377,2
F3-C3,2,transicion,15.0,17.637977903750713,2
F3-C3,2,transicion,15.5,18.89833817939247,2
F3-C3,2,transicion,16.0,62.45884539278407,2
F3-C3,2,transicion,16.5,33.36465200154454,2
F3-C3,2,transicion,17.0,4.992479213454383,2
F3-C3,2,transicion,17.5,1.333632263471254,2
F3-C3,2,transicion,18.0,0.167635878262139,2
F3-C3,2,transicion,18.5,0.3855372933614401,2
F3-C3,2,transicion,19.0,0.5772323855340106,2
F3-C3,2,transicion,19.5,1.3242421602638885,2
F3-C3,2,transicion,20.0,1.2691378021083626,2
F3-C3,2,transicion,20.5,0.4060738346899193,2
F3-C3,2,transicion,21.0,0.6142966095395137,2
F3-C3,2,transicion,21.5,0.5172998066038781,2
F3-C3,2,transicion,22.0,0.801843726777699,2
F3-C3,2,transicion,22.5,0.41190604499643335,2
F3-C3,2,transicion,23.0,0.27547655046555214,2
F3-C3,2,transicion,23.5,0.89092002106883,2
F3-C3,2,transicion,24.0,1.506331892300567,2
F3-C3,2,transicion,24.5,1.5288643668523374,2
F3-C3,2,transicion,25.0,2.1737681168281773,2
F3-C3,2,transicion,25.5,1.7822400388005266,2
F3-C3,2,transicion,26.0,1.263304836587952,2
F3-C3,2,transicion,26.5,0.9311415977558992,2
F3-C3,2,transicion,27.0,0.4448644749665026,2
F3-C3,2,transicion,27.5,0.45560334848573125,2
F3-C3,2,transicion,28.0,0.1225436354953517,2
F3-C3,2,transicion,28.5,0.9433690079434429,2
F3-C3,2,transicion,29.0,1.2289223729700833,2
F3-C3,2,transicion,29.5,0.8016345184553746,2
F3-C3,2,transicion,30.0,0.280345197923789,2
F3-C3,2,transicion,30.5,0.15264097515459898,2
F3-C3,2,transicion,31.0,0.2483022898715937,2
F3-C3,2,transicion,31.5,10.22070822024427,2
F3-C3,2,transicion,32.0,32.116017767261766,2
F3-C3,2,transicion,32.5,7.278682917361738,2
F3-C3,2,transicion,33.0,0.11051142901378717,2
F3-C3,2,transicion,33.5,0.1918884626990389,2
F3-C3,2,transicion,34.0,0.05751546476178429,2
F3-C3,2,transicion,34.5,0.30188935486808477,2
F3-C3,2,transicion,35.0,0.19277878332092807,2
F3-C3,2,transicion,35.5,0.19954162219862254,2
F3-C3,2,transicion,36.0,0.611626680883784,2
F3-C3,2,transicion,36.5,0.46754228727713176,2
F3-C3,2,transicion,37.0,0.31776525708318,2
F3-C3,2,transicion,37.5,0.2730071044641724,2
F3-C3,2,transicion,38.0,0.15496085891359307,2
F3-C3,2,transicion,38.5,0.08055643949643114,2
F3-C3,2,transicion,39.0,0.029867458465715292,2
F3-C3,2,transicion,39.5,0.009727883540227968,2
F3-C3,2,transicion,40.0,0.04100480793053697,2
F3-C3,4,ictal,0.5,784.8276746195311,19
F3-C3,4,ictal,1.0,1650.0415762776302,19
F3-C3,4,ictal,1.5,1279.8034300270617,19
F3-C3,4,ictal,2.0,1479.660357904433,19
F3-C3,4,ictal,2.5,1486.7040318975178,19
F3-C3,4,ictal,3.0,1240.8651209988884,19
F3-C3,4,ictal,3.5,868.8794953486918,19
F3-C3,4,ictal,4.0,663.8946557547007,19
F3-C3,4,ictal,4.5,416.3848113704778,19
F3-C3,4,ictal,5.0,324.91732940514584,19
F3-C3,4,ictal,5.5,467.20982823491295,19
F3-C3,4,ictal,6.0,580.2638154992525,19
F3-C3,4,ictal,6.5,319.9604563176969,19
F3-C3,4,ictal,7.0,149.12381763589323,19
F3-C3,4,ictal,7.5,63.46565987914355,19
F3-C3,4,ictal,8.0,35.90015422177024,19
F3-C3,4,ictal,8.5,29.10652138190291,19
F3-C3,4,ictal,9.0,22.495014217249587,19
F3-C3,4,ictal,9.5,19.328129150121605,19
F3-C3,4,ictal,10.0,16.225502296633945,19
F3-C3,4,ictal,10.5,12.970570169637513,19
F3-C3,4,ictal,11.0,10.669016885715658,19
F3-C3,4,ictal,11.5,8.775887003936978,19
F3-C3,4,ictal,12.0,9.731538857897108,19
F3-C3,4,ictal,12.5,13.770912689576534,19
F3-C3,4,ictal,13.0,11.517605817029121,19
F3-C3,4,ictal,13.5,6.474078349570427,19
F3-C3,4,ictal,14.0,5.3695839299628885,19
F3-C3,4,ictal,14.5,4.218691638354345,19
F3-C3,4,ictal,15.0,3.3699939231513514,19
F3-C3,4,ictal,15.5,8.679568581169553,19
F3-C3,4,ictal,16.0,24.925161519767567,19
F3-C3,4,ictal,16.5,10.504980703365268,19
F3-C3,4,ictal,17.0,3.411251112575441,19
F3-C3,4,ictal,17.5,2.6534768498181953,19
F3-C3,4,ictal,18.0,3.007189289200191,19
F3-C3,4,ictal,18.5,2.4407354189657036,19
F3-C3,4,ictal,19.0,1.7878156711765982,19
F3-C3,4,ictal,19.5,3.6477068712722662,19
F3-C3,4,ictal,20.0,2.766102412244017,19
F3-C3,4,ictal,20.5,1.533305720979443,19
F3-C3,4,ictal,21.0,2.4496402382408675,19
F3-C3,4,ictal,21.5,3.1164527823958728,19
F3-C3,4,ictal,22.0,3.5066232768680656,19
F3-C3,4,ictal,22.5,3.226238129167703,19
F3-C3,4,ictal,23.0,1.524541807579026,19
F3-C3,4,ictal,23.5,1.4746899532924267,19
F3-C3,4,ictal,24.0,2.2370556447630796,19
F3-C3,4,ictal,24.5,2.1092897753576136,19
F3-C3,4,ictal,25.0,1.4825862533540537,19
F3-C3,4,ictal,25.5,1.9388443067971775,19
F3-C3,4,ictal,26.0,1.7916538278675143,19
F3-C3,4,ictal,26.5,1.6080020504610015,19
F3-C3,4,ictal,27.0,2.4135202128787223,19
F3-C3,4,ictal,27.5,2.8661200210199937,19
F3-C3,4,ictal,28.0,3.335611426278092,19
F3-C3,4,ictal,28.5,1.3902675820317365,19
F3-C3,4,ictal,29.0,1.8187962555127146,19
F3-C3,4,ictal,29.5,3.939795968397755,19
F3-C3,4,ictal,30.0,1.855907579095535,19
F3-C3,4,ictal,30.5,4.060495119064882,19
F3-C3,4,ictal,31.0,2.4588974358679785,19
F3-C3,4,ictal,31.5,8.351193774571287,19
F3-C3,4,ictal,32.0,19.150645206893575,19
F3-C3,4,ictal,32.5,8.96761523955774,19
F3-C3,4,ictal,33.0,2.230284021496864,19
F3-C3,4,ictal,33.5,2.098016737830252,19
F3-C3,4,ictal,34.0,1.1060152586977168,19
F3-C3,4,ictal,34.5,1.4481970152822694,19
F3-C3,4,ictal,35.0,2.0956615491082293,19
F3-C3,4,ictal,35.5,2.524355373070738,19
F3-C3,4,ictal,36.0,2.0350855326454997,19
F3-C3,4,ictal,36.5,0.8171738010975874,19
F3-C3,4,ictal,37.0,1.763849973651821,19
F3-C3,4,ictal,37.5,0.9728761849496483,19
F3-C3,4,ictal,38.0,0.9813682593839322,19
F3-C3,4,ictal,38.5,0.8218485599043115,19
F3-C3,4,ictal,39.0,1.4334228634020578,19
F3-C3,4,ictal,39.5,0.9028605148975314,19
F3-C3,4,ictal,40.0,0.721634147644338,19
F3-C3,4,sin_crisis_anotada,0.5,132.38176254795678,118
F3-C3,4,sin_crisis_anotada,1.0,317.639598595172,118
F3-C3,4,sin_crisis_anotada,1.5,381.0402031524934,118
F3-C3,4,sin_crisis_anotada,2.0,249.54979333656166,118
F3-C3,4,sin_crisis_anotada,2.5,153.2099679623746,118
F3-C3,4,sin_crisis_anotada,3.0,89.13570801090192,118
F3-C3,4,sin_crisis_anotada,3.5,59.72299320478918,118
F3-C3,4,sin_crisis_anotada,4.0,57.34495628099336,118
F3-C3,4,sin_crisis_anotada,4.5,49.687536965352834,118
F3-C3,4,sin_crisis_anotada,5.0,44.64380477207082,118
F3-C3,4,sin_crisis_anotada,5.5,35.75616959967069,118
F3-C3,4,sin_crisis_anotada,6.0,31.81064922462552,118
F3-C3,4,sin_crisis_anotada,6.5,23.808650237694927,118
F3-C3,4,sin_crisis_anotada,7.0,26.178799706921584,118
F3-C3,4,sin_crisis_anotada,7.5,17.81035669049908,118
F3-C3,4,sin_crisis_anotada,8.0,11.84714091821164,118
F3-C3,4,sin_crisis_anotada,8.5,9.453553626430306,118
F3-C3,4,sin_crisis_anotada,9.0,6.717135909796831,118
F3-C3,4,sin_crisis_anotada,9.5,6.3377308027814285,118
F3-C3,4,sin_crisis_anotada,10.0,6.059412236916216,118
F3-C3,4,sin_crisis_anotada,10.5,6.888941464690994,118
F3-C3,4,sin_crisis_anotada,11.0,6.829341560883133,118
F3-C3,4,sin_crisis_anotada,11.5,5.160466022801144,118
F3-C3,4,sin_crisis_anotada,12.0,6.345802903479262,118
F3-C3,4,sin_crisis_anotada,12.5,6.1239973822513365,118
F3-C3,4,sin_crisis_anotada,13.0,8.573877599932402,118
F3-C3,4,sin_crisis_anotada,13.5,5.188666419331641,118
F3-C3,4,sin_crisis_anotada,14.0,4.833027175270241,118
F3-C3,4,sin_crisis_anotada,14.5,3.1264252015009872,118
F3-C3,4,sin_crisis_anotada,15.0,2.218772411129332,118
F3-C3,4,sin_crisis_anotada,15.5,14.281693810337334,118
F3-C3,4,sin_crisis_anotada,16.0,43.01371095575897,118
F3-C3,4,sin_crisis_anotada,16.5,12.954693640375496,118
F3-C3,4,sin_crisis_anotada,17.0,1.2519406809297826,118
F3-C3,4,sin_crisis_anotada,17.5,1.0740395716384996,118
F3-C3,4,sin_crisis_anotada,18.0,1.1140577965801581,118
F3-C3,4,sin_crisis_anotada,18.5,0.9859509947374747,118
F3-C3,4,sin_crisis_anotada,19.0,0.8172409789827253,118
F3-C3,4,sin_crisis_anotada,19.5,0.7258521467491299,118
F3-C3,4,sin_crisis_anotada,20.0,0.6337467920284074,118
F3-C3,4,sin_crisis_anotada,20.5,0.6285526831631983,118
F3-C3,4,sin_crisis_anotada,21.0,0.5936172901465353,118
F3-C3,4,sin_crisis_anotada,21.5,0.6520878074201132,118
F3-C3,4,sin_crisis_anotada,22.0,0.6240900377510539,118
F3-C3,4,sin_crisis_anotada,22.5,0.5898885728506738,118
F3-C3,4,sin_crisis_anotada,23.0,0.5013519952405493,118
F3-C3,4,sin_crisis_anotada,23.5,0.4297900982801556,118
F3-C3,4,sin_crisis_anotada,24.0,0.467388654284987,118
F3-C3,4,sin_crisis_anotada,24.5,0.40863434561191436,118
F3-C3,4,sin_crisis_anotada,25.0,0.4183204250398468,118
F3-C3,4,sin_crisis_anotada,25.5,0.3716388466194581,118
F3-C3,4,sin_crisis_anotada,26.0,0.41278804996271035,118
F3-C3,4,sin_crisis_anotada,26.5,0.35211738921686714,118
F3-C3,4,sin_crisis_anotada,27.0,0.3376810630639696,118
F3-C3,4,sin_crisis_anotada,27.5,0.29742008679400805,118
F3-C3,4,sin_crisis_anotada,28.0,0.2698091896616896,118
F3-C3,4,sin_crisis_anotada,28.5,0.24354281586102874,118
F3-C3,4,sin_crisis_anotada,29.0,0.2372127483382726,118
F3-C3,4,sin_crisis_anotada,29.5,0.2251995865679156,118
F3-C3,4,sin_crisis_anotada,30.0,0.19714149188483465,118
F3-C3,4,sin_crisis_anotada,30.5,0.16288827984800636,118
F3-C3,4,sin_crisis_anotada,31.0,0.14831571946810423,118
F3-C3,4,sin_crisis_anotada,31.5,7.479464639751171,118
F3-C3,4,sin_crisis_anotada,32.0,28.23863128824245,118
F3-C3,4,sin_crisis_anotada,32.5,7.306020102925331,118
F3-C3,4,sin_crisis_anotada,33.0,0.11683696861858414,118
F3-C3,4,sin_crisis_anotada,33.5,0.12315783218517434,118
F3-C3,4,sin_crisis_anotada,34.0,0.12071192588354239,118
F3-C3,4,sin_crisis_anotada,34.5,0.11334977630801882,118
F3-C3,4,sin_crisis_anotada,35.0,0.11435422881738289,118
F3-C3,4,sin_crisis_anotada,35.5,0.08893598347084589,118
F3-C3,4,sin_crisis_anotada,36.0,0.07883230544232545,118
F3-C3,4,sin_crisis_anotada,36.5,0.06366157468101961,118
F3-C3,4,sin_crisis_anotada,37.0,0.06028109869772695,118
F3-C3,4,sin_crisis_anotada,37.5,0.054583282742408895,118
F3-C3,4,sin_crisis_anotada,38.0,0.04757537543702851,118
F3-C3,4,sin_crisis_anotada,38.5,0.04316380528997419,118
F3-C3,4,sin_crisis_anotada,39.0,0.030546508607997038,118
F3-C3,4,sin_crisis_anotada,39.5,0.026272731162728068,118
F3-C3,4,sin_crisis_anotada,40.0,0.026478281130108874,118
F3-C3,4,transicion,0.5,222.60851467909487,2
F3-C3,4,transicion,1.0,614.948921608091,2
F3-C3,4,transicion,1.5,678.2339093593736,2
F3-C3,4,transicion,2.0,963.060444672042,2
F3-C3,4,transicion,2.5,578.3949774738794,2
F3-C3,4,transicion,3.0,740.565306077567,2
F3-C3,4,transicion,3.5,471.52793802268513,2
F3-C3,4,transicion,4.0,186.85458090041968,2
F3-C3,4,transicion,4.5,204.6131476245692,2
F3-C3,4,transicion,5.0,269.43346347986204,2
F3-C3,4,transicion,5.5,274.8710891454599,2
F3-C3,4,transicion,6.0,171.38858808195602,2
F3-C3,4,transicion,6.5,127.12576443929851,2
F3-C3,4,transicion,7.0,44.099238205740754,2
F3-C3,4,transicion,7.5,64.81921477118301,2
F3-C3,4,transicion,8.0,23.884620187713875,2
F3-C3,4,transicion,8.5,31.157548201865715,2
F3-C3,4,transicion,9.0,29.661655574452407,2
F3-C3,4,transicion,9.5,18.418274525125685,2
F3-C3,4,transicion,10.0,20.686894882540944,2
F3-C3,4,transicion,10.5,35.72451770843109,2
F3-C3,4,transicion,11.0,20.314503878970342,2
F3-C3,4,transicion,11.5,3.8297475741995277,2
F3-C3,4,transicion,12.0,10.704803944889639,2
F3-C3,4,transicion,12.5,13.35768236450846,2
F3-C3,4,transicion,13.0,7.744407481839784,2
F3-C3,4,transicion,13.5,9.797953391287958,2
F3-C3,4,transicion,14.0,12.566568124729983,2
F3-C3,4,transicion,14.5,10.370989536024299,2
F3-C3,4,transicion,15.0,7.645192728331495,2
F3-C3,4,transicion,15.5,22.75026548835713,2
F3-C3,4,transicion,16.0,60.129394498898634,2
F3-C3,4,transicion,16.5,23.552150763675094,2
F3-C3,4,transicion,17.0,2.825528260034879,2
F3-C3,4,transicion,17.5,1.3138048246789729,2
F3-C3,4,transicion,18.0,2.3867032501723324,2
F3-C3,4,transicion,18.5,1.8153465501331636,2
F3-C3,4,transicion,19.0,1.273477531405982,2
F3-C3,4,transicion,19.5,1.3196018581531925,2
F3-C3,4,transicion,20.0,1.0962131255750354,2
F3-C3,4,transicion,20.5,0.7171670601331072,2
F3-C3,4,transicion,21.0,0.9840143591908832,2
F3-C3,4,transicion,21.5,1.8818293867585725,2
F3-C3,4,transicion,22.0,1.074497816546725,2
F3-C3,4,transicion,22.5,0.3905970553437351,2
F3-C3,4,transicion,23.0,0.23409822221018428,2
F3-C3,4,transicion,23.5,0.7005493299451069,2
F3-C3,4,transicion,24.0,0.9230697082572067,2
F3-C3,4,transicion,24.5,0.8118765907615373,2
F3-C3,4,transicion,25.0,1.013733379782601,2
F3-C3,4,transicion,25.5,0.78924561160665,2
F3-C3,4,transicion,26.0,0.5989052717687786,2
F3-C3,4,transicion,26.5,0.5087051498530404,2
F3-C3,4,transicion,27.0,0.6581629037212386,2
F3-C3,4,transicion,27.5,0.45264457246675116,2
F3-C3,4,transicion,28.0,0.35722321743963253,2
F3-C3,4,transicion,28.5,0.4623397141355761,2
F3-C3,4,transicion,29.0,0.6219467315003071,2
F3-C3,4,transicion,29.5,0.32250774837026963,2
F3-C3,4,transicion,30.0,0.2852853614050953,2
F3-C3,4,transicion,30.5,0.35424509064360565,2
F3-C3,4,transicion,31.0,0.47804171117045413,2
F3-C3,4,transicion,31.5,9.860178371761094,2
F3-C3,4,transicion,32.0,31.973857586300205,2
F3-C3,4,transicion,32.5,7.855634514319715,2
F3-C3,4,transicion,33.0,0.35700526198607424,2
F3-C3,4,transicion,33.5,0.28084253918553304,2
F3-C3,4,transicion,34.0,0.2800256211084448,2
F3-C3,4,transicion,34.5,0.3078778270568976,2
F3-C3,4,transicion,35.0,0.453136521207963,2
F3-C3,4,transicion,35.5,0.3099157262930687,2
F3-C3,4,transicion,36.0,0.3963953914898246,2
F3-C3,4,transicion,36.5,0.229445532750927,2
F3-C3,4,transicion,37.0,0.16834442888596682,2
F3-C3,4,transicion,37.5,0.13902522547733417,2
F3-C3,4,transicion,38.0,0.08653695944834539,2
F3-C3,4,transicion,38.5,0.05560642255463086,2
F3-C3,4,transicion,39.0,0.04056286059382004,2
F3-C3,4,transicion,39.5,0.042339286922001076,2
F3-C3,4,transicion,40.0,0.029095382608494293,2
F3-C3,8,ictal,0.5,691.3988926921965,9
F3-C3,8,ictal,1.0,1574.4945233095532,9
F3-C3,8,ictal,1.5,2040.4318806706567,9
F3-C3,8,ictal,2.0,1700.8783897648357,9
F3-C3,8,ictal,2.5,1615.6605375457514,9
F3-C3,8,ictal,3.0,1898.3616307986906,9
F3-C3,8,ictal,3.5,1263.8713801587207,9
F3-C3,8,ictal,4.0,752.3436745548603,9
F3-C3,8,ictal,4.5,384.4769216005664,9
F3-C3,8,ictal,5.0,362.7955813351393,9
F3-C3,8,ictal,5.5,429.5974416732025,9
F3-C3,8,ictal,6.0,566.2423089063428,9
F3-C3,8,ictal,6.5,303.4894424593704,9
F3-C3,8,ictal,7.0,143.28669429169796,9
F3-C3,8,ictal,7.5,85.7854268282044,9
F3-C3,8,ictal,8.0,52.23259024003155,9
F3-C3,8,ictal,8.5,31.150640814198105,9
F3-C3,8,ictal,9.0,23.76876531519201,9
F3-C3,8,ictal,9.5,19.619190366546235,9
F3-C3,8,ictal,10.0,16.25603602019942,9
F3-C3,8,ictal,10.5,16.997542503933154,9
F3-C3,8,ictal,11.0,11.747457716301549,9
F3-C3,8,ictal,11.5,9.657399893788199,9
F3-C3,8,ictal,12.0,9.141600835831273,9
F3-C3,8,ictal,12.5,14.155706288101495,9
F3-C3,8,ictal,13.0,11.252063465682003,9
F3-C3,8,ictal,13.5,7.364352417502707,9
F3-C3,8,ictal,14.0,6.3894838800364795,9
F3-C3,8,ictal,14.5,7.356952018859196,9
F3-C3,8,ictal,15.0,4.165271177485332,9
F3-C3,8,ictal,15.5,8.465135129362798,9
F3-C3,8,ictal,16.0,24.800652565207372,9
F3-C3,8,ictal,16.5,11.718515714636478,9
F3-C3,8,ictal,17.0,3.898564242203148,9
F3-C3,8,ictal,17.5,2.8871394885022923,9
F3-C3,8,ictal,18.0,2.7724853483267027,9
F3-C3,8,ictal,18.5,2.6843365412614903,9
F3-C3,8,ictal,19.0,3.3935273163501662,9
F3-C3,8,ictal,19.5,3.529474861045478,9
F3-C3,8,ictal,20.0,2.9728122728732296,9
F3-C3,8,ictal,20.5,3.2280879665571014,9
F3-C3,8,ictal,21.0,2.292623363879543,9
F3-C3,8,ictal,21.5,4.584902991593386,9
F3-C3,8,ictal,22.0,5.046636479932639,9
F3-C3,8,ictal,22.5,5.7356363150864835,9
F3-C3,8,ictal,23.0,3.7417013356629356,9
F3-C3,8,ictal,23.5,2.409511136507612,9
F3-C3,8,ictal,24.0,2.965328851341916,9
F3-C3,8,ictal,24.5,1.690117975466411,9
F3-C3,8,ictal,25.0,1.7023238430182577,9
F3-C3,8,ictal,25.5,2.83974204941646,9
F3-C3,8,ictal,26.0,3.3103232430515095,9
F3-C3,8,ictal,26.5,2.734494578891039,9
F3-C3,8,ictal,27.0,5.139335846857156,9
F3-C3,8,ictal,27.5,4.502051823395541,9
F3-C3,8,ictal,28.0,5.956626267798248,9
F3-C3,8,ictal,28.5,2.13950808443351,9
F3-C3,8,ictal,29.0,3.6179421116713812,9
F3-C3,8,ictal,29.5,8.007698406586625,9
F3-C3,8,ictal,30.0,4.515062249160823,9
F3-C3,8,ictal,30.5,3.9591923099784987,9
F3-C3,8,ictal,31.0,3.480140319343977,9
F3-C3,8,ictal,31.5,9.548022679664298,9
F3-C3,8,ictal,32.0,20.940377349399068,9
F3-C3,8,ictal,32.5,7.41372313758736,9
F3-C3,8,ictal,33.0,3.6440812954112443,9
F3-C3,8,ictal,33.5,2.3667954387550343,9
F3-C3,8,ictal,34.0,1.80949736243395,9
F3-C3,8,ictal,34.5,1.4567982262036063,9
F3-C3,8,ictal,35.0,2.281980249063533,9
F3-C3,8,ictal,35.5,3.276468577384317,9
F3-C3,8,ictal,36.0,2.90728221247781,9
F3-C3,8,ictal,36.5,3.4461099599551352,9
F3-C3,8,ictal,37.0,2.455166273712838,9
F3-C3,8,ictal,37.5,2.7078642445482726,9
F3-C3,8,ictal,38.0,1.6321280422048283,9
F3-C3,8,ictal,38.5,1.3259148794263862,9
F3-C3,8,ictal,39.0,2.061812422208176,9
F3-C3,8,ictal,39.5,1.1988808576942407,9
F3-C3,8,ictal,40.0,0.987039259677652,9
F3-C3,8,sin_crisis_anotada,0.5,153.22449870390372,58
F3-C3,8,sin_crisis_anotada,1.0,335.29484262110793,58
F3-C3,8,sin_crisis_anotada,1.5,397.87274377147315,58
F3-C3,8,sin_crisis_anotada,2.0,294.0215679630411,58
F3-C3,8,sin_crisis_anotada,2.5,144.09096213754395,58
F3-C3,8,sin_crisis_anotada,3.0,99.4771847864676,58
F3-C3,8,sin_crisis_anotada,3.5,65.50965462710536,58
F3-C3,8,sin_crisis_anotada,4.0,59.80632032009596,58
F3-C3,8,sin_crisis_anotada,4.5,58.208092412686355,58
F3-C3,8,sin_crisis_anotada,5.0,47.32682553468946,58
F3-C3,8,sin_crisis_anotada,5.5,38.934659619271756,58
F3-C3,8,sin_crisis_anotada,6.0,38.27248386746285,58
F3-C3,8,sin_crisis_anotada,6.5,37.0009269175788,58
F3-C3,8,sin_crisis_anotada,7.0,28.672128169848847,58
F3-C3,8,sin_crisis_anotada,7.5,20.331161982156075,58
F3-C3,8,sin_crisis_anotada,8.0,12.1621026660304,58
F3-C3,8,sin_crisis_anotada,8.5,10.766558328979068,58
F3-C3,8,sin_crisis_anotada,9.0,7.745070264009449,58
F3-C3,8,sin_crisis_anotada,9.5,7.8918544537174125,58
F3-C3,8,sin_crisis_anotada,10.0,7.9796074949408995,58
F3-C3,8,sin_crisis_anotada,10.5,9.551567404561414,58
F3-C3,8,sin_crisis_anotada,11.0,9.93081358225286,58
F3-C3,8,sin_crisis_anotada,11.5,8.00784718588596,58
F3-C3,8,sin_crisis_anotada,12.0,8.877940310286192,58
F3-C3,8,sin_crisis_anotada,12.5,8.491624705139937,58
F3-C3,8,sin_crisis_anotada,13.0,10.36134688712201,58
F3-C3,8,sin_crisis_anotada,13.5,6.21103611896115,58
F3-C3,8,sin_crisis_anotada,14.0,5.6177370769039,58
F3-C3,8,sin_crisis_anotada,14.5,3.524751139162253,58
F3-C3,8,sin_crisis_anotada,15.0,2.582351273447106,58
F3-C3,8,sin_crisis_anotada,15.5,12.341499118728787,58
F3-C3,8,sin_crisis_anotada,16.0,45.07166035350705,58
F3-C3,8,sin_crisis_anotada,16.5,11.97271493683207,58
F3-C3,8,sin_crisis_anotada,17.0,1.4777912213201692,58
F3-C3,8,sin_crisis_anotada,17.5,1.0585221165580025,58
F3-C3,8,sin_crisis_anotada,18.0,1.0800565902511279,58
F3-C3,8,sin_crisis_anotada,18.5,1.1331055427141137,58
F3-C3,8,sin_crisis_anotada,19.0,0.8648472392291846,58
F3-C3,8,sin_crisis_anotada,19.5,0.834729105960299,58
F3-C3,8,sin_crisis_anotada,20.0,0.8450015325567231,58
F3-C3,8,sin_crisis_anotada,20.5,0.7815763412381034,58
F3-C3,8,sin_crisis_anotada,21.0,0.6819849829441751,58
F3-C3,8,sin_crisis_anotada,21.5,0.7333747851519578,58
F3-C3,8,sin_crisis_anotada,22.0,0.6971895803555559,58
F3-C3,8,sin_crisis_anotada,22.5,0.7373505834535707,58
F3-C3,8,sin_crisis_anotada,23.0,0.7210768101719223,58
F3-C3,8,sin_crisis_anotada,23.5,0.6075927042280315,58
F3-C3,8,sin_crisis_anotada,24.0,0.5502021347408763,58
F3-C3,8,sin_crisis_anotada,24.5,0.5289462443153167,58
F3-C3,8,sin_crisis_anotada,25.0,0.4665264249663589,58
F3-C3,8,sin_crisis_anotada,25.5,0.48046227241996525,58
F3-C3,8,sin_crisis_anotada,26.0,0.4730876545060188,58
F3-C3,8,sin_crisis_anotada,26.5,0.45168118593444034,58
F3-C3,8,sin_crisis_anotada,27.0,0.38046474385154017,58
F3-C3,8,sin_crisis_anotada,27.5,0.34729518538244797,58
F3-C3,8,sin_crisis_anotada,28.0,0.2799425855402121,58
F3-C3,8,sin_crisis_anotada,28.5,0.31150503467099055,58
F3-C3,8,sin_crisis_anotada,29.0,0.24880793669615034,58
F3-C3,8,sin_crisis_anotada,29.5,0.2481959145042897,58
F3-C3,8,sin_crisis_anotada,30.0,0.2186901747242354,58
F3-C3,8,sin_crisis_anotada,30.5,0.17217369784999248,58
F3-C3,8,sin_crisis_anotada,31.0,0.16255213589726222,58
F3-C3,8,sin_crisis_anotada,31.5,7.93327098810575,58
F3-C3,8,sin_crisis_anotada,32.0,31.356551437253984,58
F3-C3,8,sin_crisis_anotada,32.5,8.302314133848,58
F3-C3,8,sin_crisis_anotada,33.0,0.1371551800153225,58
F3-C3,8,sin_crisis_anotada,33.5,0.15452270030391774,58
F3-C3,8,sin_crisis_anotada,34.0,0.14566354037550241,58
F3-C3,8,sin_crisis_anotada,34.5,0.11442376261069027,58
F3-C3,8,sin_crisis_anotada,35.0,0.10868186982786537,58
F3-C3,8,sin_crisis_anotada,35.5,0.10829063485771426,58
F3-C3,8,sin_crisis_anotada,36.0,0.07977908123849073,58
F3-C3,8,sin_crisis_anotada,36.5,0.07239635515064513,58
F3-C3,8,sin_crisis_anotada,37.0,0.06105510163146201,58
F3-C3,8,sin_crisis_anotada,37.5,0.057373405852032,58
F3-C3,8,sin_crisis_anotada,38.0,0.050774093022489725,58
F3-C3,8,sin_crisis_anotada,38.5,0.049779037161981364,58
F3-C3,8,sin_crisis_anotada,39.0,0.03193059732084271,58
F3-C3,8,sin_crisis_anotada,39.5,0.02975991993987101,58
F3-C3,8,sin_crisis_anotada,40.0,0.031086826755841873,58
F3-C3,8,transicion,0.5,328.6126022472479,2
F3-C3,8,transicion,1.0,659.1584938394154,2
F3-C3,8,transicion,1.5,527.6683736237355,2
F3-C3,8,transicion,2.0,680.8118500888281,2
F3-C3,8,transicion,2.5,601.3616224756676,2
F3-C3,8,transicion,3.0,456.1187741281102,2
F3-C3,8,transicion,3.5,461.9543282172891,2
F3-C3,8,transicion,4.0,384.27715640968813,2
F3-C3,8,transicion,4.5,266.70684328551374,2
F3-C3,8,transicion,5.0,225.5405239945116,2
F3-C3,8,transicion,5.5,365.8845307840035,2
F3-C3,8,transicion,6.0,268.776844117447,2
F3-C3,8,transicion,6.5,163.47051679903174,2
F3-C3,8,transicion,7.0,58.321096222887505,2
F3-C3,8,transicion,7.5,39.57291905146067,2
F3-C3,8,transicion,8.0,27.734038715986923,2
F3-C3,8,transicion,8.5,21.03693543371268,2
F3-C3,8,transicion,9.0,22.168869022205033,2
F3-C3,8,transicion,9.5,16.867199920662806,2
F3-C3,8,transicion,10.0,13.918740895315718,2
F3-C3,8,transicion,10.5,23.849443832539325,2
F3-C3,8,transicion,11.0,17.02507576400631,2
F3-C3,8,transicion,11.5,8.661458752504211,2
F3-C3,8,transicion,12.0,10.599859040529765,2
F3-C3,8,transicion,12.5,12.39014727631379,2
F3-C3,8,transicion,13.0,13.296426316417705,2
F3-C3,8,transicion,13.5,13.661572997853684,2
F3-C3,8,transicion,14.0,14.276513474586574,2
F3-C3,8,transicion,14.5,7.741178594167082,2
F3-C3,8,transicion,15.0,5.867492111054015,2
F3-C3,8,transicion,15.5,16.442556604420467,2
F3-C3,8,transicion,16.0,51.08724041993453,2
F3-C3,8,transicion,16.5,16.793760452456638,2
F3-C3,8,transicion,17.0,2.088029758081308,2
F3-C3,8,transicion,17.5,1.131844771173426,2
F3-C3,8,transicion,18.0,2.0044676100613525,2
F3-C3,8,transicion,18.5,2.0077978504627456,2
F3-C3,8,transicion,19.0,1.3709125297056213,2
F3-C3,8,transicion,19.5,1.710073768932166,2
F3-C3,8,transicion,20.0,1.375750184347119,2
F3-C3,8,transicion,20.5,0.7658204522871112,2
F3-C3,8,transicion,21.0,1.0990502050450037,2
F3-C3,8,transicion,21.5,1.9211933454400345,2
F3-C3,8,transicion,22.0,0.9470629669191273,2
F3-C3,8,transicion,22.5,0.5583225451737952,2
F3-C3,8,transicion,23.0,0.4071814418604715,2
F3-C3,8,transicion,23.5,0.5912369710229713,2
F3-C3,8,transicion,24.0,0.8160860464996174,2
F3-C3,8,transicion,24.5,0.8274123270130938,2
F3-C3,8,transicion,25.0,0.7924263601309232,2
F3-C3,8,transicion,25.5,0.7465290713745585,2
F3-C3,8,transicion,26.0,0.8800734835693335,2
F3-C3,8,transicion,26.5,0.700497908830535,2
F3-C3,8,transicion,27.0,0.5615810923222688,2
F3-C3,8,transicion,27.5,0.4788376496554121,2
F3-C3,8,transicion,28.0,0.4548610085737689,2
F3-C3,8,transicion,28.5,0.47108173825276645,2
F3-C3,8,transicion,29.0,0.5894953353699606,2
F3-C3,8,transicion,29.5,0.5546038113954537,2
F3-C3,8,transicion,30.0,0.35618897876770145,2
F3-C3,8,transicion,30.5,0.2902685987073328,2
F3-C3,8,transicion,31.0,0.3334960997378397,2
F3-C3,8,transicion,31.5,9.230569212397786,2
F3-C3,8,transicion,32.0,33.43041155337107,2
F3-C3,8,transicion,32.5,9.005156203778865,2
F3-C3,8,transicion,33.0,0.33221178582247834,2
F3-C3,8,transicion,33.5,0.25563467039615195,2
F3-C3,8,transicion,34.0,0.22847744979753903,2
F3-C3,8,transicion,34.5,0.1981652372265746,2
F3-C3,8,transicion,35.0,0.3076012678946203,2
F3-C3,8,transicion,35.5,0.21674716847774445,2
F3-C3,8,transicion,36.0,0.19459780239617552,2
F3-C3,8,transicion,36.5,0.17438835436543226,2
F3-C3,8,transicion,37.0,0.1213219781587109,2
F3-C3,8,transicion,37.5,0.10459191150031383,2
F3-C3,8,transicion,38.0,0.09431405201463185,2
F3-C3,8,transicion,38.5,0.05461383395626248,2
F3-C3,8,transicion,39.0,0.08095925923769884,2
F3-C3,8,transicion,39.5,0.06764241457547301,2
F3-C3,8,transicion,40.0,0.04084150602880765,2
F4-C4,2,ictal,0.5,674.9585589583776,39
F4-C4,2,ictal,1.0,1399.009632116908,39
F4-C4,2,ictal,1.5,2239.8964494159977,39
F4-C4,2,ictal,2.0,1920.0046118517441,39
F4-C4,2,ictal,2.5,2444.9529533597756,39
F4-C4,2,ictal,3.0,1569.662012264026,39
F4-C4,2,ictal,3.5,955.6087026253613,39
F4-C4,2,ictal,4.0,291.59369356968904,39
F4-C4,2,ictal,4.5,202.54062037350297,39
F4-C4,2,ictal,5.0,278.95234453691563,39
F4-C4,2,ictal,5.5,496.42600260798764,39
F4-C4,2,ictal,6.0,478.21897617451657,39
F4-C4,2,ictal,6.5,235.49397458138992,39
F4-C4,2,ictal,7.0,148.8642770300801,39
F4-C4,2,ictal,7.5,61.12589588461654,39
F4-C4,2,ictal,8.0,45.98030966258717,39
F4-C4,2,ictal,8.5,32.96340947300944,39
F4-C4,2,ictal,9.0,24.60420008965794,39
F4-C4,2,ictal,9.5,12.10559298867758,39
F4-C4,2,ictal,10.0,9.344027898452415,39
F4-C4,2,ictal,10.5,10.257526894958595,39
F4-C4,2,ictal,11.0,8.424562633209248,39
F4-C4,2,ictal,11.5,7.1930477885703805,39
F4-C4,2,ictal,12.0,6.5884092346313246,39
F4-C4,2,ictal,12.5,12.86163245585903,39
F4-C4,2,ictal,13.0,6.096982603617395,39
F4-C4,2,ictal,13.5,4.269876400177381,39
F4-C4,2,ictal,14.0,3.093762648092072,39
F4-C4,2,ictal,14.5,3.4603265326225836,39
F4-C4,2,ictal,15.0,2.600736014729579,39
F4-C4,2,ictal,15.5,3.6564683394417083,39
F4-C4,2,ictal,16.0,6.388020313588761,39
F4-C4,2,ictal,16.5,5.170270134970229,39
F4-C4,2,ictal,17.0,3.6642561764193973,39
F4-C4,2,ictal,17.5,2.754821529210372,39
F4-C4,2,ictal,18.0,3.416372855291499,39
F4-C4,2,ictal,18.5,5.1251767877900996,39
F4-C4,2,ictal,19.0,3.8405024771581275,39
F4-C4,2,ictal,19.5,3.653168932213826,39
F4-C4,2,ictal,20.0,1.9921191441116854,39
F4-C4,2,ictal,20.5,2.894208831786416,39
F4-C4,2,ictal,21.0,3.4912022616951446,39
F4-C4,2,ictal,21.5,4.785560407667325,39
F4-C4,2,ictal,22.0,3.7230382161152233,39
F4-C4,2,ictal,22.5,3.8664406083555463,39
F4-C4,2,ictal,23.0,3.9318017402569874,39
F4-C4,2,ictal,23.5,3.454314228816094,39
F4-C4,2,ictal,24.0,3.918847488933705,39
F4-C4,2,ictal,24.5,3.2101941561370393,39
F4-C4,2,ictal,25.0,3.075501020362865,39
F4-C4,2,ictal,25.5,2.118680282808664,39
F4-C4,2,ictal,26.0,2.011212613145494,39
F4-C4,2,ictal,26.5,1.8575943735054334,39
F4-C4,2,ictal,27.0,1.5711755498103666,39
F4-C4,2,ictal,27.5,3.2144371405682444,39
F4-C4,2,ictal,28.0,3.9209176601493647,39
F4-C4,2,ictal,28.5,3.093396408130277,39
F4-C4,2,ictal,29.0,4.186982397773917,39
F4-C4,2,ictal,29.5,4.553228553234491,39
F4-C4,2,ictal,30.0,3.0664663536924834,39
F4-C4,2,ictal,30.5,3.710209939697559,39
F4-C4,2,ictal,31.0,4.3330858019719685,39
F4-C4,2,ictal,31.5,3.201504406961221,39
F4-C4,2,ictal,32.0,4.613302256485721,39
F4-C4,2,ictal,32.5,4.732640614688592,39
F4-C4,2,ictal,33.0,2.0227759135730765,39
F4-C4,2,ictal,33.5,1.989452948784648,39
F4-C4,2,ictal,34.0,2.619538145584534,39
F4-C4,2,ictal,34.5,1.6356606072257,39
F4-C4,2,ictal,35.0,2.5824081608547935,39
F4-C4,2,ictal,35.5,2.874262817677265,39
F4-C4,2,ictal,36.0,1.364589383960761,39
F4-C4,2,ictal,36.5,2.751063738872042,39
F4-C4,2,ictal,37.0,2.210552055188937,39
F4-C4,2,ictal,37.5,1.7369828227768456,39
F4-C4,2,ictal,38.0,1.3381323894714232,39
F4-C4,2,ictal,38.5,1.1687028657339549,39
F4-C4,2,ictal,39.0,1.5080074944928692,39
F4-C4,2,ictal,39.5,1.1938089023952791,39
F4-C4,2,ictal,40.0,1.1391561415687097,39
F4-C4,2,sin_crisis_anotada,0.5,86.33915140498925,238
F4-C4,2,sin_crisis_anotada,1.0,236.48823429473998,238
F4-C4,2,sin_crisis_anotada,1.5,192.39635604805605,238
F4-C4,2,sin_crisis_anotada,2.0,129.22601155235395,238
F4-C4,2,sin_crisis_anotada,2.5,92.25507904828497,238
F4-C4,2,sin_crisis_anotada,3.0,54.325385881291325,238
F4-C4,2,sin_crisis_anotada,3.5,42.41951780781992,238
F4-C4,2,sin_crisis_anotada,4.0,38.17861862029399,238
F4-C4,2,sin_crisis_anotada,4.5,30.52498203702209,238
F4-C4,2,sin_crisis_anotada,5.0,23.807949990120555,238
F4-C4,2,sin_crisis_anotada,5.5,24.762841831655024,238
F4-C4,2,sin_crisis_anotada,6.0,23.041467875814007,238
F4-C4,2,sin_crisis_anotada,6.5,19.004700054106046,238
F4-C4,2,sin_crisis_anotada,7.0,15.770141062722125,238
F4-C4,2,sin_crisis_anotada,7.5,10.909841597153036,238
F4-C4,2,sin_crisis_anotada,8.0,6.544699659557951,238
F4-C4,2,sin_crisis_anotada,8.5,5.540834126420417,238
F4-C4,2,sin_crisis_anotada,9.0,4.399872716391181,238
F4-C4,2,sin_crisis_anotada,9.5,4.043712356247677,238
F4-C4,2,sin_crisis_anotada,10.0,4.396425358421002,238
F4-C4,2,sin_crisis_anotada,10.5,4.289367941448377,238
F4-C4,2,sin_crisis_anotada,11.0,4.309543037732835,238
F4-C4,2,sin_crisis_anotada,11.5,3.4089633777129817,238
F4-C4,2,sin_crisis_anotada,12.0,3.302025204891426,238
F4-C4,2,sin_crisis_anotada,12.5,3.728578590528768,238
F4-C4,2,sin_crisis_anotada,13.0,4.079648851486123,238
F4-C4,2,sin_crisis_anotada,13.5,4.299245153886048,238
F4-C4,2,sin_crisis_anotada,14.0,2.816434072466711,238
F4-C4,2,sin_crisis_anotada,14.5,2.0748817069178793,238
F4-C4,2,sin_crisis_anotada,15.0,1.8796451685317197,238
F4-C4,2,sin_crisis_anotada,15.5,2.2136784028287435,238
F4-C4,2,sin_crisis_anotada,16.0,3.856393454833875,238
F4-C4,2,sin_crisis_anotada,16.5,1.3758152299199513,238
F4-C4,2,sin_crisis_anotada,17.0,0.7777857527317134,238
F4-C4,2,sin_crisis_anotada,17.5,0.6473575434083214,238
F4-C4,2,sin_crisis_anotada,18.0,0.5697134019085599,238
F4-C4,2,sin_crisis_anotada,18.5,0.5414233596359739,238
F4-C4,2,sin_crisis_anotada,19.0,0.4574203416167616,238
F4-C4,2,sin_crisis_anotada,19.5,0.5068706652841058,238
F4-C4,2,sin_crisis_anotada,20.0,0.5045563622142011,238
F4-C4,2,sin_crisis_anotada,20.5,0.3891188588982828,238
F4-C4,2,sin_crisis_anotada,21.0,0.38435101159308116,238
F4-C4,2,sin_crisis_anotada,21.5,0.3624543506903368,238
F4-C4,2,sin_crisis_anotada,22.0,0.3666765770383146,238
F4-C4,2,sin_crisis_anotada,22.5,0.3140720117935782,238
F4-C4,2,sin_crisis_anotada,23.0,0.27921535568786837,238
F4-C4,2,sin_crisis_anotada,23.5,0.27157583919989686,238
F4-C4,2,sin_crisis_anotada,24.0,0.25577414943467847,238
F4-C4,2,sin_crisis_anotada,24.5,0.25313567327779696,238
F4-C4,2,sin_crisis_anotada,25.0,0.21451050218552145,238
F4-C4,2,sin_crisis_anotada,25.5,0.2199660338476634,238
F4-C4,2,sin_crisis_anotada,26.0,0.1966795304370325,238
F4-C4,2,sin_crisis_anotada,26.5,0.23057721412955218,238
F4-C4,2,sin_crisis_anotada,27.0,0.16178780388666125,238
F4-C4,2,sin_crisis_anotada,27.5,0.1786497094943108,238
F4-C4,2,sin_crisis_anotada,28.0,0.1791753473947508,238
F4-C4,2,sin_crisis_anotada,28.5,0.1281402714971,238
F4-C4,2,sin_crisis_anotada,29.0,0.1296153177988981,238
F4-C4,2,sin_crisis_anotada,29.5,0.12169616543116432,238
F4-C4,2,sin_crisis_anotada,30.0,0.1005516703580128,238
F4-C4,2,sin_crisis_anotada,30.5,0.10879073371821302,238
F4-C4,2,sin_crisis_anotada,31.0,0.11441197242453477,238
F4-C4,2,sin_crisis_anotada,31.5,0.5962374052710147,238
F4-C4,2,sin_crisis_anotada,32.0,2.1041827992164084,238
F4-C4,2,sin_crisis_anotada,32.5,0.5870643599910572,238
F4-C4,2,sin_crisis_anotada,33.0,0.07579241424697111,238
F4-C4,2,sin_crisis_anotada,33.5,0.0750654280160675,238
F4-C4,2,sin_crisis_anotada,34.0,0.07107120238387646,238
F4-C4,2,sin_crisis_anotada,34.5,0.0629822637441673,238
F4-C4,2,sin_crisis_anotada,35.0,0.051953855183873764,238
F4-C4,2,sin_crisis_anotada,35.5,0.04954689416600625,238
F4-C4,2,sin_crisis_anotada,36.0,0.052351105685510796,238
F4-C4,2,sin_crisis_anotada,36.5,0.04606858473397452,238
F4-C4,2,sin_crisis_anotada,37.0,0.035036874973845694,238
F4-C4,2,sin_crisis_anotada,37.5,0.03098016877662816,238
F4-C4,2,sin_crisis_anotada,38.0,0.03485510147429228,238
F4-C4,2,sin_crisis_anotada,38.5,0.026856602949247202,238
F4-C4,2,sin_crisis_anotada,39.0,0.021092166202638988,238
F4-C4,2,sin_crisis_anotada,39.5,0.02048777212606412,238
F4-C4,2,sin_crisis_anotada,40.0,0.01751302473013827,238
F4-C4,2,transicion,0.5,270.6545907651869,2
F4-C4,2,transicion,1.0,1019.0508128537915,2
F4-C4,2,transicion,1.5,1332.2772112728196,2
F4-C4,2,transicion,2.0,1620.0757027906757,2
F4-C4,2,transicion,2.5,1472.6255601706475,2
F4-C4,2,transicion,3.0,351.63311957901294,2
F4-C4,2,transicion,3.5,337.63570633729944,2
F4-C4,2,transicion,4.0,271.86272357164665,2
F4-C4,2,transicion,4.5,273.9320176875335,2
F4-C4,2,transicion,5.0,312.98778615278417,2
F4-C4,2,transicion,5.5,198.18073265816304,2
F4-C4,2,transicion,6.0,149.57325593420094,2
F4-C4,2,transicion,6.5,100.30335237758763,2
F4-C4,2,transicion,7.0,95.27953720832286,2
F4-C4,2,transicion,7.5,212.3879792450408,2
F4-C4,2,transicion,8.0,136.28986342774164,2
F4-C4,2,transicion,8.5,13.948464691895076,2
F4-C4,2,transicion,9.0,111.88458029630004,2
F4-C4,2,transicion,9.5,115.06740822238093,2
F4-C4,2,transicion,10.0,35.4584401070304,2
F4-C4,2,transicion,10.5,29.92940336438935,2
F4-C4,2,transicion,11.0,14.322364689650442,2
F4-C4,2,transicion,11.5,12.87722279601821,2
F4-C4,2,transicion,12.0,15.86505972189357,2
F4-C4,2,transicion,12.5,8.875504719784118,2
F4-C4,2,transicion,13.0,21.27400690245331,2
F4-C4,2,transicion,13.5,33.268188596526755,2
F4-C4,2,transicion,14.0,19.65366136750395,2
F4-C4,2,transicion,14.5,4.133983799835292,2
F4-C4,2,transicion,15.0,2.5445880778960497,2
F4-C4,2,transicion,15.5,6.339308361639461,2
F4-C4,2,transicion,16.0,11.472296901027175,2
F4-C4,2,transicion,16.5,4.154470822467192,2
F4-C4,2,transicion,17.0,4.35609733104411,2
F4-C4,2,transicion,17.5,1.2993737608196319,2
F4-C4,2,transicion,18.0,0.9495057867553242,2
F4-C4,2,transicion,18.5,1.1108308622075072,2
F4-C4,2,transicion,19.0,1.5346009663737614,2
F4-C4,2,transicion,19.5,1.842725303707379,2
F4-C4,2,transicion,20.0,1.6156235991580667,2
F4-C4,2,transicion,20.5,1.9277051286780358,2
F4-C4,2,transicion,21.0,0.7855508553338207,2
F4-C4,2,transicion,21.5,0.116221235340149,2
F4-C4,2,transicion,22.0,0.704873740837388,2
F4-C4,2,transicion,22.5,0.8742703353691801,2
F4-C4,2,transicion,23.0,1.2523046193924179,2
F4-C4,2,transicion,23.5,0.5384590144537993,2
F4-C4,2,transicion,24.0,1.6190572945983268,2
F4-C4,2,transicion,24.5,1.6727849186044919,2
F4-C4,2,transicion,25.0,1.1683933267847648,2
F4-C4,2,transicion,25.5,0.9128653781580182,2
F4-C4,2,transicion,26.0,1.0538917843633573,2
F4-C4,2,transicion,26.5,0.310958781810685,2
F4-C4,2,transicion,27.0,0.8145521513147287,2
F4-C4,2,transicion,27.5,1.5625281616543458,2
F4-C4,2,transicion,28.0,1.7841866009801453,2
F4-C4,2,transicion,28.5,2.2512981316408256,2
F4-C4,2,transicion,29.0,3.5371426748548496,2
F4-C4,2,transicion,29.5,2.2844219380637614,2
F4-C4,2,transicion,30.0,0.6794393878983815,2
F4-C4,2,transicion,30.5,1.0360637451446428,2
F4-C4,2,transicion,31.0,1.3447812196109605,2
F4-C4,2,transicion,31.5,0.5269978173137311,2
F4-C4,2,transicion,32.0,2.107103282942476,2
F4-C4,2,transicion,32.5,0.5454898933292293,2
F4-C4,2,transicion,33.0,0.269547779822446,2
F4-C4,2,transicion,33.5,0.7006955880669967,2
F4-C4,2,transicion,34.0,0.6059262344985044,2
F4-C4,2,transicion,34.5,0.2905218714713187,2
F4-C4,2,transicion,35.0,0.20484183295538128,2
F4-C4,2,transicion,35.5,0.10154537354537106,2
F4-C4,2,transicion,36.0,0.675800715106177,2
F4-C4,2,transicion,36.5,0.818038640059997,2
F4-C4,2,transicion,37.0,0.8172934252253683,2
F4-C4,2,transicion,37.5,1.1233095033377574,2
F4-C4,2,transicion,38.0,0.5996258184936853,2
F4-C4,2,transicion,38.5,0.1224496935347379,2
F4-C4,2,transicion,39.0,0.0441492124316187,2
F4-C4,2,transicion,39.5,0.02129067663392053,2
F4-C4,2,transicion,40.0,0.03985286962732116,2
F4-C4,4,ictal,0.5,712.0308056323033,19
F4-C4,4,ictal,1.0,2571.902143659734,19
F4-C4,4,ictal,1.5,2302.712148379949,19
F4-C4,4,ictal,2.0,2993.523057377073,19
F4-C4,4,ictal,2.5,3394.171970040394,19
F4-C4,4,ictal,3.0,1965.8922344817868,19
F4-C4,4,ictal,3.5,1230.640850777607,19
F4-C4,4,ictal,4.0,525.5429857755714,19
F4-C4,4,ictal,4.5,445.19103743032446,19
F4-C4,4,ictal,5.0,506.10566385287524,19
F4-C4,4,ictal,5.5,487.27275011302754,19
F4-C4,4,ictal,6.0,650.1843919594698,19
F4-C4,4,ictal,6.5,301.01257045274184,19
F4-C4,4,ictal,7.0,202.7013270962361,19
F4-C4,4,ictal,7.5,119.8362230738748,19
F4-C4,4,ictal,8.0,48.91776914448577,19
F4-C4,4,ictal,8.5,40.035481625008174,19
F4-C4,4,ictal,9.0,29.743537511780332,19
F4-C4,4,ictal,9.5,16.28495441914082,19
F4-C4,4,ictal,10.0,13.091233222604103,19
F4-C4,4,ictal,10.5,15.153508487209216,19
F4-C4,4,ictal,11.0,9.656338620113294,19
F4-C4,4,ictal,11.5,8.120131498467563,19
F4-C4,4,ictal,12.0,10.894988189244566,19
F4-C4,4,ictal,12.5,12.904482500562233,19
F4-C4,4,ictal,13.0,8.450192882394768,19
F4-C4,4,ictal,13.5,5.2469162557652345,19
F4-C4,4,ictal,14.0,4.083543847444048,19
F4-C4,4,ictal,14.5,4.703063819182646,19
F4-C4,4,ictal,15.0,3.8442874044967508,19
F4-C4,4,ictal,15.5,4.072585381114774,19
F4-C4,4,ictal,16.0,7.442589930920853,19
F4-C4,4,ictal,16.5,6.058686186333556,19
F4-C4,4,ictal,17.0,5.89599847081035,19
F4-C4,4,ictal,17.5,3.3073840286436327,19
F4-C4,4,ictal,18.0,4.375975438103352,19
F4-C4,4,ictal,18.5,6.630693036117779,19
F4-C4,4,ictal,19.0,5.187180778438606,19
F4-C4,4,ictal,19.5,5.0715008727157445,19
F4-C4,4,ictal,20.0,3.934419752662215,19
F4-C4,4,ictal,20.5,3.427066301527084,19
F4-C4,4,ictal,21.0,5.104985291622306,19
F4-C4,4,ictal,21.5,5.895016489928452,19
F4-C4,4,ictal,22.0,4.553929842652665,19
F4-C4,4,ictal,22.5,5.173497663744096,19
F4-C4,4,ictal,23.0,5.6062890087623485,19
F4-C4,4,ictal,23.5,6.695905455375928,19
F4-C4,4,ictal,24.0,6.55409555760103,19
F4-C4,4,ictal,24.5,3.9493216572809504,19
F4-C4,4,ictal,25.0,5.082993863335186,19
F4-C4,4,ictal,25.5,3.375171697698702,19
F4-C4,4,ictal,26.0,3.1780002994876035,19
F4-C4,4,ictal,26.5,3.402709352828986,19
F4-C4,4,ictal,27.0,5.114878044186749,19
F4-C4,4,ictal,27.5,5.924117995947508,19
F4-C4,4,ictal,28.0,4.882694515197185,19
F4-C4,4,ictal,28.5,4.690500566537366,19
F4-C4,4,ictal,29.0,5.288108553989102,19
F4-C4,4,ictal,29.5,5.20379392568367,19
F4-C4,4,ictal,30.0,4.914654018299218,19
F4-C4,4,ictal,30.5,5.99765709253002,19
F4-C4,4,ictal,31.0,5.401170777395197,19
F4-C4,4,ictal,31.5,4.982334803769837,19
F4-C4,4,ictal,32.0,5.928689040539421,19
F4-C4,4,ictal,32.5,6.923165998118261,19
F4-C4,4,ictal,33.0,3.0934493210978147,19
F4-C4,4,ictal,33.5,6.566997064582309,19
F4-C4,4,ictal,34.0,5.356167710167582,19
F4-C4,4,ictal,34.5,6.048256186894592,19
F4-C4,4,ictal,35.0,3.4603045102071532,19
F4-C4,4,ictal,35.5,3.9428243377502965,19
F4-C4,4,ictal,36.0,3.0993897212482087,19
F4-C4,4,ictal,36.5,2.9495470054366293,19
F4-C4,4,ictal,37.0,2.716163376321745,19
F4-C4,4,ictal,37.5,2.1885187766573417,19
F4-C4,4,ictal,38.0,1.4856668133329798,19
F4-C4,4,ictal,38.5,0.9418742176318609,19
F4-C4,4,ictal,39.0,3.018475542923833,19
F4-C4,4,ictal,39.5,1.3233270723818988,19
F4-C4,4,ictal,40.0,1.3195685882857715,19
F4-C4,4,sin_crisis_anotada,0.5,103.0262764297957,118
F4-C4,4,sin_crisis_anotada,1.0,285.6546388646673,118
F4-C4,4,sin_crisis_anotada,1.5,327.03579871617,118
F4-C4,4,sin_crisis_anotada,2.0,186.91680363855903,118
F4-C4,4,sin_crisis_anotada,2.5,118.34742439605196,118
F4-C4,4,sin_crisis_anotada,3.0,80.78156261071605,118
F4-C4,4,sin_crisis_anotada,3.5,63.759750691150856,118
F4-C4,4,sin_crisis_anotada,4.0,43.54378477870033,118
F4-C4,4,sin_crisis_anotada,4.5,39.7004424167825,118
F4-C4,4,sin_crisis_anotada,5.0,32.11828168273806,118
F4-C4,4,sin_crisis_anotada,5.5,31.31682627740942,118
F4-C4,4,sin_crisis_anotada,6.0,33.230117099496155,118
F4-C4,4,sin_crisis_anotada,6.5,28.498308734195703,118
F4-C4,4,sin_crisis_anotada,7.0,26.716162083189595,118
F4-C4,4,sin_crisis_anotada,7.5,15.99199753680406,118
F4-C4,4,sin_crisis_anotada,8.0,9.306914846178543,118
F4-C4,4,sin_crisis_anotada,8.5,7.314939164351423,118
F4-C4,4,sin_crisis_anotada,9.0,6.3548359205732545,118
F4-C4,4,sin_crisis_anotada,9.5,5.742882986806142,118
F4-C4,4,sin_crisis_anotada,10.0,6.198371099945508,118
F4-C4,4,sin_crisis_anotada,10.5,4.956400655931872,118
F4-C4,4,sin_crisis_anotada,11.0,6.37945905556602,118
F4-C4,4,sin_crisis_anotada,11.5,6.180314288728189,118
F4-C4,4,sin_crisis_anotada,12.0,4.807403620731501,118
F4-C4,4,sin_crisis_anotada,12.5,5.61203742706433,118
F4-C4,4,sin_crisis_anotada,13.0,7.086972436352893,118
F4-C4,4,sin_crisis_anotada,13.5,6.32414412179628,118
F4-C4,4,sin_crisis_anotada,14.0,4.168113052739098,118
F4-C4,4,sin_crisis_anotada,14.5,2.633708708838987,118
F4-C4,4,sin_crisis_anotada,15.0,2.4780215357262763,118
F4-C4,4,sin_crisis_anotada,15.5,3.1100703703701154,118
F4-C4,4,sin_crisis_anotada,16.0,4.661874090686324,118
F4-C4,4,sin_crisis_anotada,16.5,2.193325898354576,118
F4-C4,4,sin_crisis_anotada,17.0,1.038714554659966,118
F4-C4,4,sin_crisis_anotada,17.5,0.8867687046917379,118
F4-C4,4,sin_crisis_anotada,18.0,0.8632490829227769,118
F4-C4,4,sin_crisis_anotada,18.5,0.7201785280349261,118
F4-C4,4,sin_crisis_anotada,19.0,0.7169412171746012,118
F4-C4,4,sin_crisis_anotada,19.5,0.6646517628336094,118
F4-C4,4,sin_crisis_anotada,20.0,0.6935678393969884,118
F4-C4,4,sin_crisis_anotada,20.5,0.5254207190206384,118
F4-C4,4,sin_crisis_anotada,21.0,0.4700085640439814,118
F4-C4,4,sin_crisis_anotada,21.5,0.4543051067841184,118
F4-C4,4,sin_crisis_anotada,22.0,0.44854522332215846,118
F4-C4,4,sin_crisis_anotada,22.5,0.45370252349144025,118
F4-C4,4,sin_crisis_anotada,23.0,0.36122485401078064,118
F4-C4,4,sin_crisis_anotada,23.5,0.40536106334563893,118
F4-C4,4,sin_crisis_anotada,24.0,0.40268837821553627,118
F4-C4,4,sin_crisis_anotada,24.5,0.439178297889416,118
F4-C4,4,sin_crisis_anotada,25.0,0.3292297803124452,118
F4-C4,4,sin_crisis_anotada,25.5,0.30040885572476905,118
F4-C4,4,sin_crisis_anotada,26.0,0.30380272615099324,118
F4-C4,4,sin_crisis_anotada,26.5,0.2889552256063716,118
F4-C4,4,sin_crisis_anotada,27.0,0.19388013935451223,118
F4-C4,4,sin_crisis_anotada,27.5,0.2619660920240813,118
F4-C4,4,sin_crisis_anotada,28.0,0.19834308413134125,118
F4-C4,4,sin_crisis_anotada,28.5,0.18264036362422564,118
F4-C4,4,sin_crisis_anotada,29.0,0.17779190387135096,118
F4-C4,4,sin_crisis_anotada,29.5,0.17169119066288546,118
F4-C4,4,sin_crisis_anotada,30.0,0.11993837428647956,118
F4-C4,4,sin_crisis_anotada,30.5,0.13805539531450944,118
F4-C4,4,sin_crisis_anotada,31.0,0.1272617403014179,118
F4-C4,4,sin_crisis_anotada,31.5,0.5522204649256073,118
F4-C4,4,sin_crisis_anotada,32.0,2.2022763955292124,118
F4-C4,4,sin_crisis_anotada,32.5,0.65962115657512,118
F4-C4,4,sin_crisis_anotada,33.0,0.09022804078540977,118
F4-C4,4,sin_crisis_anotada,33.5,0.08814862373188065,118
F4-C4,4,sin_crisis_anotada,34.0,0.08882169311661739,118
F4-C4,4,sin_crisis_anotada,34.5,0.08725392686811324,118
F4-C4,4,sin_crisis_anotada,35.0,0.06871701328670635,118
F4-C4,4,sin_crisis_anotada,35.5,0.06132779327608993,118
F4-C4,4,sin_crisis_anotada,36.0,0.0647083018572483,118
F4-C4,4,sin_crisis_anotada,36.5,0.05445236043466575,118
F4-C4,4,sin_crisis_anotada,37.0,0.04284945163082721,118
F4-C4,4,sin_crisis_anotada,37.5,0.04088679085071347,118
F4-C4,4,sin_crisis_anotada,38.0,0.04044142980514134,118
F4-C4,4,sin_crisis_anotada,38.5,0.03651585453715668,118
F4-C4,4,sin_crisis_anotada,39.0,0.025782828487296162,118
F4-C4,4,sin_crisis_anotada,39.5,0.02342052714172588,118
F4-C4,4,sin_crisis_anotada,40.0,0.023770185079472574,118
F4-C4,4,transicion,0.5,489.0834880344156,2
F4-C4,4,transicion,1.0,991.6814719207175,2
F4-C4,4,transicion,1.5,978.5142684467312,2
F4-C4,4,transicion,2.0,1218.2364404627256,2
F4-C4,4,transicion,2.5,1681.4041720099292,2
F4-C4,4,transicion,3.0,1242.529896410672,2
F4-C4,4,transicion,3.5,685.1822112220548,2
F4-C4,4,transicion,4.0,230.01460201906406,2
F4-C4,4,transicion,4.5,227.53446077209125,2
F4-C4,4,transicion,5.0,290.92228138334866,2
F4-C4,4,transicion,5.5,318.7327218235213,2
F4-C4,4,transicion,6.0,243.22390553599837,2
F4-C4,4,transicion,6.5,131.26961012728893,2
F4-C4,4,transicion,7.0,61.7632413342254,2
F4-C4,4,transicion,7.5,138.94316618920234,2
F4-C4,4,transicion,8.0,113.56188694322104,2
F4-C4,4,transicion,8.5,98.45746239593913,2
F4-C4,4,transicion,9.0,82.15471024528397,2
F4-C4,4,transicion,9.5,69.9993453159095,2
F4-C4,4,transicion,10.0,69.36721952938494,2
F4-C4,4,transicion,10.5,110.24713245470846,2
F4-C4,4,transicion,11.0,51.3416417658043,2
F4-C4,4,transicion,11.5,18.84292048350552,2
F4-C4,4,transicion,12.0,15.872832445093112,2
F4-C4,4,transicion,12.5,8.304168220660035,2
F4-C4,4,transicion,13.0,10.403114652664344,2
F4-C4,4,transicion,13.5,14.631376038464923,2
F4-C4,4,transicion,14.0,9.509095290317692,2
F4-C4,4,transicion,14.5,2.6437529935172437,2
F4-C4,4,transicion,15.0,3.40040140907096,2
F4-C4,4,transicion,15.5,4.856094927930782,2
F4-C4,4,transicion,16.0,9.039169307661032,2
F4-C4,4,transicion,16.5,3.471033180077363,2
F4-C4,4,transicion,17.0,1.9758646524547017,2
F4-C4,4,transicion,17.5,2.5705683920923077,2
F4-C4,4,transicion,18.0,2.1747623252851165,2
F4-C4,4,transicion,18.5,0.8949052511604052,2
F4-C4,4,transicion,19.0,1.332312630552713,2
F4-C4,4,transicion,19.5,1.6342569731759038,2
F4-C4,4,transicion,20.0,0.8203534675647639,2
F4-C4,4,transicion,20.5,1.6187597877676456,2
F4-C4,4,transicion,21.0,1.6468352497006928,2
F4-C4,4,transicion,21.5,1.3726887636720504,2
F4-C4,4,transicion,22.0,0.647352707523308,2
F4-C4,4,transicion,22.5,0.7529674002855007,2
F4-C4,4,transicion,23.0,0.8791206601444839,2
F4-C4,4,transicion,23.5,0.6567911128945294,2
F4-C4,4,transicion,24.0,0.9973513210546846,2
F4-C4,4,transicion,24.5,1.3668550494555352,2
F4-C4,4,transicion,25.0,0.6617561046932192,2
F4-C4,4,transicion,25.5,0.49667026641452056,2
F4-C4,4,transicion,26.0,0.9105097883814148,2
F4-C4,4,transicion,26.5,1.5399262815385326,2
F4-C4,4,transicion,27.0,1.8766519850411143,2
F4-C4,4,transicion,27.5,0.8766088478217989,2
F4-C4,4,transicion,28.0,0.7047220500494762,2
F4-C4,4,transicion,28.5,1.1808179119341853,2
F4-C4,4,transicion,29.0,1.5395831123212163,2
F4-C4,4,transicion,29.5,1.2177488041165687,2
F4-C4,4,transicion,30.0,0.8153426352812949,2
F4-C4,4,transicion,30.5,1.1187760550926222,2
F4-C4,4,transicion,31.0,1.0494132449476807,2
F4-C4,4,transicion,31.5,1.3960539874036457,2
F4-C4,4,transicion,32.0,3.257057715106024,2
F4-C4,4,transicion,32.5,1.3103876269689383,2
F4-C4,4,transicion,33.0,0.9184043956616484,2
F4-C4,4,transicion,33.5,0.6186063789215942,2
F4-C4,4,transicion,34.0,0.5780907486921409,2
F4-C4,4,transicion,34.5,0.31593761971678236,2
F4-C4,4,transicion,35.0,0.22850340486416146,2
F4-C4,4,transicion,35.5,0.3796055429779589,2
F4-C4,4,transicion,36.0,0.41050842774200746,2
F4-C4,4,transicion,36.5,0.6612241684436899,2
F4-C4,4,transicion,37.0,0.6487870655480055,2
F4-C4,4,transicion,37.5,0.6100870494061136,2
F4-C4,4,transicion,38.0,0.6491080982912596,2
F4-C4,4,transicion,38.5,0.2834863417607345,2
F4-C4,4,transicion,39.0,0.15922570443106873,2
F4-C4,4,transicion,39.5,0.20769479790379947,2
F4-C4,4,transicion,40.0,0.16411161581169617,2
F4-C4,8,ictal,0.5,785.8068342275568,9
F4-C4,8,ictal,1.0,3068.6855398032617,9
F4-C4,8,ictal,1.5,3639.94837532816,9
F4-C4,8,ictal,2.0,5041.541658151515,9
F4-C4,8,ictal,2.5,5076.636437550623,9
F4-C4,8,ictal,3.0,2234.364926342961,9
F4-C4,8,ictal,3.5,1105.7529833240258,9
F4-C4,8,ictal,4.0,532.7917889070161,9
F4-C4,8,ictal,4.5,416.0665190198797,9
F4-C4,8,ictal,5.0,447.5332825491534,9
F4-C4,8,ictal,5.5,490.3935094513466,9
F4-C4,8,ictal,6.0,532.600061016252,9
F4-C4,8,ictal,6.5,464.4171852838885,9
F4-C4,8,ictal,7.0,271.66779473906337,9
F4-C4,8,ictal,7.5,135.0729931623582,9
F4-C4,8,ictal,8.0,70.85369167309433,9
F4-C4,8,ictal,8.5,38.34092149173684,9
F4-C4,8,ictal,9.0,29.393845032127786,9
F4-C4,8,ictal,9.5,16.686467912608986,9
F4-C4,8,ictal,10.0,12.78657879153665,9
F4-C4,8,ictal,10.5,14.90691599855304,9
F4-C4,8,ictal,11.0,12.780517532911391,9
F4-C4,8,ictal,11.5,9.18783251324274,9
F4-C4,8,ictal,12.0,12.320254909479416,9
F4-C4,8,ictal,12.5,13.889677549275751,9
F4-C4,8,ictal,13.0,11.685108994919931,9
F4-C4,8,ictal,13.5,7.798340469242626,9
F4-C4,8,ictal,14.0,4.797607438897051,9
F4-C4,8,ictal,14.5,3.8378348925103434,9
F4-C4,8,ictal,15.0,4.042537004926559,9
F4-C4,8,ictal,15.5,5.608100284811001,9
F4-C4,8,ictal,16.0,7.522489578018669,9
F4-C4,8,ictal,16.5,6.297378695992852,9
F4-C4,8,ictal,17.0,6.23893559111324,9
F4-C4,8,ictal,17.5,5.119878313663397,9
F4-C4,8,ictal,18.0,5.769474917834294,9
F4-C4,8,ictal,18.5,7.202373627514976,9
F4-C4,8,ictal,19.0,9.46626921937931,9
F4-C4,8,ictal,19.5,8.54786660568105,9
F4-C4,8,ictal,20.0,5.586869009433945,9
F4-C4,8,ictal,20.5,5.084980559330399,9
F4-C4,8,ictal,21.0,5.202576556735372,9
F4-C4,8,ictal,21.5,5.501529355499423,9
F4-C4,8,ictal,22.0,8.256637405252444,9
F4-C4,8,ictal,22.5,7.895726589084708,9
F4-C4,8,ictal,23.0,7.416598554610684,9
F4-C4,8,ictal,23.5,7.786418656423729,9
F4-C4,8,ictal,24.0,7.670540138910788,9
F4-C4,8,ictal,24.5,5.281633044057364,9
F4-C4,8,ictal,25.0,5.372284533221675,9
F4-C4,8,ictal,25.5,3.634632950630088,9
F4-C4,8,ictal,26.0,3.0130948229417838,9
F4-C4,8,ictal,26.5,3.943097724105581,9
F4-C4,8,ictal,27.0,5.62812927790077,9
F4-C4,8,ictal,27.5,9.173574405182588,9
F4-C4,8,ictal,28.0,6.684242130968558,9
F4-C4,8,ictal,28.5,7.18852372062679,9
F4-C4,8,ictal,29.0,5.8562550239846916,9
F4-C4,8,ictal,29.5,5.6921058611399795,9
F4-C4,8,ictal,30.0,6.401713740182962,9
F4-C4,8,ictal,30.5,8.080680801630516,9
F4-C4,8,ictal,31.0,5.1315651456340285,9
F4-C4,8,ictal,31.5,4.340571869892998,9
F4-C4,8,ictal,32.0,7.262817114142735,9
F4-C4,8,ictal,32.5,9.794687909849696,9
F4-C4,8,ictal,33.0,5.86266690791608,9
F4-C4,8,ictal,33.5,5.525065801301872,9
F4-C4,8,ictal,34.0,4.731511996989336,9
F4-C4,8,ictal,34.5,4.485638106927672,9
F4-C4,8,ictal,35.0,3.167388420869695,9
F4-C4,8,ictal,35.5,3.2358404618144125,9
F4-C4,8,ictal,36.0,3.3631110932879262,9
F4-C4,8,ictal,36.5,3.0386471950787355,9
F4-C4,8,ictal,37.0,2.576686645547846,9
F4-C4,8,ictal,37.5,2.7429968159522486,9
F4-C4,8,ictal,38.0,2.0013153796082874,9
F4-C4,8,ictal,38.5,3.277731579128504,9
F4-C4,8,ictal,39.0,3.4022356760197483,9
F4-C4,8,ictal,39.5,1.6373656120848814,9
F4-C4,8,ictal,40.0,1.462115974771519,9
F4-C4,8,sin_crisis_anotada,0.5,120.10584843511174,58
F4-C4,8,sin_crisis_anotada,1.0,302.3050205240332,58
F4-C4,8,sin_crisis_anotada,1.5,319.2374427532838,58
F4-C4,8,sin_crisis_anotada,2.0,187.698170526976,58
F4-C4,8,sin_crisis_anotada,2.5,111.93743459004318,58
F4-C4,8,sin_crisis_anotada,3.0,78.63452036800868,58
F4-C4,8,sin_crisis_anotada,3.5,67.69332703330087,58
F4-C4,8,sin_crisis_anotada,4.0,49.496508867569055,58
F4-C4,8,sin_crisis_anotada,4.5,35.20440151158529,58
F4-C4,8,sin_crisis_anotada,5.0,37.39288104231656,58
F4-C4,8,sin_crisis_anotada,5.5,33.848782521316124,58
F4-C4,8,sin_crisis_anotada,6.0,36.15969714733878,58
F4-C4,8,sin_crisis_anotada,6.5,28.809318457933372,58
F4-C4,8,sin_crisis_anotada,7.0,34.61106219124228,58
F4-C4,8,sin_crisis_anotada,7.5,20.051509067702632,58
F4-C4,8,sin_crisis_anotada,8.0,10.014932150389761,58
F4-C4,8,sin_crisis_anotada,8.5,7.4959512135378485,58
F4-C4,8,sin_crisis_anotada,9.0,6.312270737795021,58
F4-C4,8,sin_crisis_anotada,9.5,6.258667621298237,58
F4-C4,8,sin_crisis_anotada,10.0,6.346508415289116,58
F4-C4,8,sin_crisis_anotada,10.5,9.356562908111613,58
F4-C4,8,sin_crisis_anotada,11.0,12.51119480562569,58
F4-C4,8,sin_crisis_anotada,11.5,10.140137486535401,58
F4-C4,8,sin_crisis_anotada,12.0,14.519535147441026,58
F4-C4,8,sin_crisis_anotada,12.5,11.226563647191515,58
F4-C4,8,sin_crisis_anotada,13.0,10.672001344765372,58
F4-C4,8,sin_crisis_anotada,13.5,6.853802962249722,58
F4-C4,8,sin_crisis_anotada,14.0,6.035898552330643,58
F4-C4,8,sin_crisis_anotada,14.5,2.778624936609876,58
F4-C4,8,sin_crisis_anotada,15.0,2.9973350919981296,58
F4-C4,8,sin_crisis_anotada,15.5,2.9826384070191017,58
F4-C4,8,sin_crisis_anotada,16.0,4.823570716014466,58
F4-C4,8,sin_crisis_anotada,16.5,2.2324725516951545,58
F4-C4,8,sin_crisis_anotada,17.0,0.9990882810544635,58
F4-C4,8,sin_crisis_anotada,17.5,0.8022220180709612,58
F4-C4,8,sin_crisis_anotada,18.0,0.9060561010081942,58
F4-C4,8,sin_crisis_anotada,18.5,0.8373897881109252,58
F4-C4,8,sin_crisis_anotada,19.0,0.7688409512637767,58
F4-C4,8,sin_crisis_anotada,19.5,0.7174208467668204,58
F4-C4,8,sin_crisis_anotada,20.0,0.7415230129826825,58
F4-C4,8,sin_crisis_anotada,20.5,0.5765501462274926,58
F4-C4,8,sin_crisis_anotada,21.0,0.5350702967751838,58
F4-C4,8,sin_crisis_anotada,21.5,0.5541935434010989,58
F4-C4,8,sin_crisis_anotada,22.0,0.5969617777449985,58
F4-C4,8,sin_crisis_anotada,22.5,0.5375822970927655,58
F4-C4,8,sin_crisis_anotada,23.0,0.6054573411747981,58
F4-C4,8,sin_crisis_anotada,23.5,0.593931419042159,58
F4-C4,8,sin_crisis_anotada,24.0,0.5582823496010337,58
F4-C4,8,sin_crisis_anotada,24.5,0.5880198574910209,58
F4-C4,8,sin_crisis_anotada,25.0,0.5089864844001826,58
F4-C4,8,sin_crisis_anotada,25.5,0.36853409108956686,58
F4-C4,8,sin_crisis_anotada,26.0,0.3589950710867297,58
F4-C4,8,sin_crisis_anotada,26.5,0.3114905668131061,58
F4-C4,8,sin_crisis_anotada,27.0,0.30329155871899854,58
F4-C4,8,sin_crisis_anotada,27.5,0.2803039406370434,58
F4-C4,8,sin_crisis_anotada,28.0,0.2804598618655434,58
F4-C4,8,sin_crisis_anotada,28.5,0.21972737520368213,58
F4-C4,8,sin_crisis_anotada,29.0,0.18819188916154883,58
F4-C4,8,sin_crisis_anotada,29.5,0.17801205396065445,58
F4-C4,8,sin_crisis_anotada,30.0,0.1510965978391994,58
F4-C4,8,sin_crisis_anotada,30.5,0.1457731335386932,58
F4-C4,8,sin_crisis_anotada,31.0,0.16390045415060805,58
F4-C4,8,sin_crisis_anotada,31.5,0.6629937023883978,58
F4-C4,8,sin_crisis_anotada,32.0,2.166148181411323,58
F4-C4,8,sin_crisis_anotada,32.5,0.6290507487100372,58
F4-C4,8,sin_crisis_anotada,33.0,0.11376771936892258,58
F4-C4,8,sin_crisis_anotada,33.5,0.10117133220674021,58
F4-C4,8,sin_crisis_anotada,34.0,0.1028962938342868,58
F4-C4,8,sin_crisis_anotada,34.5,0.08619502789048905,58
F4-C4,8,sin_crisis_anotada,35.0,0.07506093538211933,58
F4-C4,8,sin_crisis_anotada,35.5,0.07878318019378278,58
F4-C4,8,sin_crisis_anotada,36.0,0.07280936296807808,58
F4-C4,8,sin_crisis_anotada,36.5,0.058580923922087295,58
F4-C4,8,sin_crisis_anotada,37.0,0.053747460803722044,58
F4-C4,8,sin_crisis_anotada,37.5,0.04792897387354188,58
F4-C4,8,sin_crisis_anotada,38.0,0.0464581816112862,58
F4-C4,8,sin_crisis_anotada,38.5,0.03352501607594448,58
F4-C4,8,sin_crisis_anotada,39.0,0.02834723531106781,58
F4-C4,8,sin_crisis_anotada,39.5,0.02770774517264417,58
F4-C4,8,sin_crisis_anotada,40.0,0.02651094535911397,58
F4-C4,8,transicion,0.5,496.9319377766535,2
F4-C4,8,transicion,1.0,688.2969718643628,2
F4-C4,8,transicion,1.5,581.9776889160555,2
F4-C4,8,transicion,2.0,875.975185375482,2
F4-C4,8,transicion,2.5,1371.2790583047372,2
F4-C4,8,transicion,3.0,985.7869897636889,2
F4-C4,8,transicion,3.5,646.2515361281564,2
F4-C4,8,transicion,4.0,336.2525093546842,2
F4-C4,8,transicion,4.5,256.98957369088396,2
F4-C4,8,transicion,5.0,276.82026824926373,2
F4-C4,8,transicion,5.5,444.24606054171744,2
F4-C4,8,transicion,6.0,349.3409961726656,2
F4-C4,8,transicion,6.5,137.66365346011935,2
F4-C4,8,transicion,7.0,61.588476249296036,2
F4-C4,8,transicion,7.5,84.87420849773868,2
F4-C4,8,transicion,8.0,76.46628925569485,2
F4-C4,8,transicion,8.5,53.63160074342469,2
F4-C4,8,transicion,9.0,49.520697699575926,2
F4-C4,8,transicion,9.5,50.209207628974895,2
F4-C4,8,transicion,10.0,39.45328333331685,2
F4-C4,8,transicion,10.5,55.01910294984797,2
F4-C4,8,transicion,11.0,33.606513068509855,2
F4-C4,8,transicion,11.5,15.723947212133865,2
F4-C4,8,transicion,12.0,13.015740185519354,2
F4-C4,8,transicion,12.5,11.207628935137123,2
F4-C4,8,transicion,13.0,14.139486151997115,2
F4-C4,8,transicion,13.5,11.803697986717358,2
F4-C4,8,transicion,14.0,12.180697474506214,2
F4-C4,8,transicion,14.5,5.216536606353183,2
F4-C4,8,transicion,15.0,4.051561756202568,2
F4-C4,8,transicion,15.5,6.264675184829279,2
F4-C4,8,transicion,16.0,6.472385630248143,2
F4-C4,8,transicion,16.5,2.833711370186256,2
F4-C4,8,transicion,17.0,1.8115391793541904,2
F4-C4,8,transicion,17.5,1.792578703697576,2
F4-C4,8,transicion,18.0,1.5441504523629361,2
F4-C4,8,transicion,18.5,1.1136894239982964,2
F4-C4,8,transicion,19.0,1.1106970767951538,2
F4-C4,8,transicion,19.5,1.069385375869839,2
F4-C4,8,transicion,20.0,0.9931901776401666,2
F4-C4,8,transicion,20.5,1.0754923052823415,2
F4-C4,8,transicion,21.0,1.378341537191331,2
F4-C4,8,transicion,21.5,1.7439667705751725,2
F4-C4,8,transicion,22.0,1.02140843591999,2
F4-C4,8,transicion,22.5,0.8775456876504852,2
F4-C4,8,transicion,23.0,1.1324543138564491,2
F4-C4,8,transicion,23.5,0.8313761702014235,2
F4-C4,8,transicion,24.0,0.7816782716745114,2
F4-C4,8,transicion,24.5,0.9711904522671713,2
F4-C4,8,transicion,25.0,0.8519960673207443,2
F4-C4,8,transicion,25.5,0.7559588691016935,2
F4-C4,8,transicion,26.0,0.8935580575651901,2
F4-C4,8,transicion,26.5,1.237261223432232,2
F4-C4,8,transicion,27.0,1.483310283410881,2
F4-C4,8,transicion,27.5,1.0314204661492319,2
F4-C4,8,transicion,28.0,0.8182773610806695,2
F4-C4,8,transicion,28.5,0.7113193246950356,2
F4-C4,8,transicion,29.0,0.871457662224534,2
F4-C4,8,transicion,29.5,0.8710993404751203,2
F4-C4,8,transicion,30.0,0.7985843477018955,2
F4-C4,8,transicion,30.5,0.9202189379286047,2
F4-C4,8,transicion,31.0,0.736600947047527,2
F4-C4,8,transicion,31.5,0.9129033157984782,2
F4-C4,8,transicion,32.0,2.8477714274485693,2
F4-C4,8,transicion,32.5,1.1977902285151742,2
F4-C4,8,transicion,33.0,0.769305242739455,2
F4-C4,8,transicion,33.5,0.5666252144119293,2
F4-C4,8,transicion,34.0,0.4832437144174297,2
F4-C4,8,transicion,34.5,0.378617331397078,2
F4-C4,8,transicion,35.0,0.3257264211205505,2
F4-C4,8,transicion,35.5,0.3335131173017297,2
F4-C4,8,transicion,36.0,0.3427809065895437,2
F4-C4,8,transicion,36.5,0.40445969787545055,2
F4-C4,8,transicion,37.0,0.3808281833289957,2
F4-C4,8,transicion,37.5,0.34550770993352126,2
F4-C4,8,transicion,38.0,0.36082858347487345,2
F4-C4,8,transicion,38.5,0.2096999877530127,2
F4-C4,8,transicion,39.0,0.14622822927532256,2
F4-C4,8,transicion,39.5,0.1861635147235191,2
F4-C4,8,transicion,40.0,0.1553505401512316,2
F7-T7,2,ictal,0.5,428.6550576627073,39
F7-T7,2,ictal,1.0,1286.4247076079248,39
F7-T7,2,ictal,1.5,1010.785216828672,39
F7-T7,2,ictal,2.0,1027.9285046493483,39
F7-T7,2,ictal,2.5,433.6578297876679,39
F7-T7,2,ictal,3.0,647.4677975034896,39
F7-T7,2,ictal,3.5,369.32140588827235,39
F7-T7,2,ictal,4.0,218.86792058139574,39
F7-T7,2,ictal,4.5,156.5063154354908,39
F7-T7,2,ictal,5.0,62.79882988918041,39
F7-T7,2,ictal,5.5,122.71970729046437,39
F7-T7,2,ictal,6.0,138.17764453237018,39
F7-T7,2,ictal,6.5,93.69438159798332,39
F7-T7,2,ictal,7.0,53.05314458940016,39
F7-T7,2,ictal,7.5,29.181151654042605,39
F7-T7,2,ictal,8.0,22.99702780307634,39
F7-T7,2,ictal,8.5,17.360746126265596,39
F7-T7,2,ictal,9.0,12.667539580257891,39
F7-T7,2,ictal,9.5,11.581124292308543,39
F7-T7,2,ictal,10.0,8.581218668702729,39
F7-T7,2,ictal,10.5,8.977721839825344,39
F7-T7,2,ictal,11.0,6.022286059257193,39
F7-T7,2,ictal,11.5,5.720691902389058,39
F7-T7,2,ictal,12.0,6.996923177505693,39
F7-T7,2,ictal,12.5,8.746469268329909,39
F7-T7,2,ictal,13.0,5.336391882793627,39
F7-T7,2,ictal,13.5,3.879680485860005,39
F7-T7,2,ictal,14.0,3.449896587170267,39
F7-T7,2,ictal,14.5,3.3013816423318647,39
F7-T7,2,ictal,15.0,2.335320383351972,39
F7-T7,2,ictal,15.5,4.2332155288719875,39
F7-T7,2,ictal,16.0,5.1304525968158945,39
F7-T7,2,ictal,16.5,4.4170809381861655,39
F7-T7,2,ictal,17.0,1.9637128072280639,39
F7-T7,2,ictal,17.5,2.219152552572599,39
F7-T7,2,ictal,18.0,2.8084351076295184,39
F7-T7,2,ictal,18.5,2.298802975456618,39
F7-T7,2,ictal,19.0,3.0412505124422005,39
F7-T7,2,ictal,19.5,2.91192759452869,39
F7-T7,2,ictal,20.0,1.5230200425650975,39
F7-T7,2,ictal,20.5,1.2307837097026357,39
F7-T7,2,ictal,21.0,2.506363440640505,39
F7-T7,2,ictal,21.5,2.401643708047961,39
F7-T7,2,ictal,22.0,2.639703192491526,39
F7-T7,2,ictal,22.5,1.4712039314090843,39
F7-T7,2,ictal,23.0,1.408364583285683,39
F7-T7,2,ictal,23.5,1.3463415460804335,39
F7-T7,2,ictal,24.0,2.3868883041860496,39
F7-T7,2,ictal,24.5,1.5701294104960095,39
F7-T7,2,ictal,25.0,0.9117734145824993,39
F7-T7,2,ictal,25.5,1.5441617439903812,39
F7-T7,2,ictal,26.0,1.5683329411797482,39
F7-T7,2,ictal,26.5,1.263696205829464,39
F7-T7,2,ictal,27.0,1.1891325369685202,39
F7-T7,2,ictal,27.5,1.2364438704324694,39
F7-T7,2,ictal,28.0,0.8041881078488579,39
F7-T7,2,ictal,28.5,0.7795620803601262,39
F7-T7,2,ictal,29.0,0.6528675803459828,39
F7-T7,2,ictal,29.5,0.8712935043292478,39
F7-T7,2,ictal,30.0,0.6234539321135499,39
F7-T7,2,ictal,30.5,0.7557929454553931,39
F7-T7,2,ictal,31.0,1.045412481396571,39
F7-T7,2,ictal,31.5,1.186699191970807,39
F7-T7,2,ictal,32.0,1.7074466191936766,39
F7-T7,2,ictal,32.5,1.1628688169257035,39
F7-T7,2,ictal,33.0,0.390734681556584,39
F7-T7,2,ictal,33.5,0.6150161629928174,39
F7-T7,2,ictal,34.0,0.7628447809699408,39
F7-T7,2,ictal,34.5,0.6256526154553437,39
F7-T7,2,ictal,35.0,0.3023212484055905,39
F7-T7,2,ictal,35.5,0.7315524709918557,39
F7-T7,2,ictal,36.0,0.36632553885695823,39
F7-T7,2,ictal,36.5,0.41583060062855504,39
F7-T7,2,ictal,37.0,0.2564208039612687,39
F7-T7,2,ictal,37.5,0.20413129915133482,39
F7-T7,2,ictal,38.0,0.34733884183790814,39
F7-T7,2,ictal,38.5,0.2151040534344172,39
F7-T7,2,ictal,39.0,0.20344205601855628,39
F7-T7,2,ictal,39.5,0.24823483579242975,39
F7-T7,2,ictal,40.0,0.14490457300453471,39
F7-T7,2,sin_crisis_anotada,0.5,54.622087343848335,238
F7-T7,2,sin_crisis_anotada,1.0,140.43007348662502,238
F7-T7,2,sin_crisis_anotada,1.5,129.5342475293529,238
F7-T7,2,sin_crisis_anotada,2.0,106.72498410808271,238
F7-T7,2,sin_crisis_anotada,2.5,52.538955924213504,238
F7-T7,2,sin_crisis_anotada,3.0,33.90133105724547,238
F7-T7,2,sin_crisis_anotada,3.5,27.499666294723262,238
F7-T7,2,sin_crisis_anotada,4.0,25.492550787617176,238
F7-T7,2,sin_crisis_anotada,4.5,20.041522594591278,238
F7-T7,2,sin_crisis_anotada,5.0,19.817656201535733,238
F7-T7,2,sin_crisis_anotada,5.5,14.858755806762716,238
F7-T7,2,sin_crisis_anotada,6.0,14.522380397319825,238
F7-T7,2,sin_crisis_anotada,6.5,10.203863144016674,238
F7-T7,2,sin_crisis_anotada,7.0,8.552928674760292,238
F7-T7,2,sin_crisis_anotada,7.5,6.347787897622653,238
F7-T7,2,sin_crisis_anotada,8.0,5.576480675727375,238
F7-T7,2,sin_crisis_anotada,8.5,3.8134840812356448,238
F7-T7,2,sin_crisis_anotada,9.0,2.725425264652791,238
F7-T7,2,sin_crisis_anotada,9.5,2.8656719248209495,238
F7-T7,2,sin_crisis_anotada,10.0,2.7042051629983757,238
F7-T7,2,sin_crisis_anotada,10.5,2.9934411833477546,238
F7-T7,2,sin_crisis_anotada,11.0,2.917558993194918,238
F7-T7,2,sin_crisis_anotada,11.5,2.234193666483246,238
F7-T7,2,sin_crisis_anotada,12.0,1.8399440466809212,238
F7-T7,2,sin_crisis_anotada,12.5,2.2120366361423405,238
F7-T7,2,sin_crisis_anotada,13.0,2.0440041885158617,238
F7-T7,2,sin_crisis_anotada,13.5,1.8063230656261373,238
F7-T7,2,sin_crisis_anotada,14.0,1.7417057075232534,238
F7-T7,2,sin_crisis_anotada,14.5,1.245518770789034,238
F7-T7,2,sin_crisis_anotada,15.0,1.1054504310649746,238
F7-T7,2,sin_crisis_anotada,15.5,1.6997769202138895,238
F7-T7,2,sin_crisis_anotada,16.0,3.4387937223872056,238
F7-T7,2,sin_crisis_anotada,16.5,1.0991924189265254,238
F7-T7,2,sin_crisis_anotada,17.0,0.7389976890921419,238
F7-T7,2,sin_crisis_anotada,17.5,0.5679057530514267,238
F7-T7,2,sin_crisis_anotada,18.0,0.516430873939721,238
F7-T7,2,sin_crisis_anotada,18.5,0.4771587736644253,238
F7-T7,2,sin_crisis_anotada,19.0,0.42533358378244956,238
F7-T7,2,sin_crisis_anotada,19.5,0.3868600834495738,238
F7-T7,2,sin_crisis_anotada,20.0,0.39050255001982725,238
F7-T7,2,sin_crisis_anotada,20.5,0.34914954148398936,238
F7-T7,2,sin_crisis_anotada,21.0,0.3208687114747903,238
F7-T7,2,sin_crisis_anotada,21.5,0.34374148572258467,238
F7-T7,2,sin_crisis_anotada,22.0,0.3573323316848306,238
F7-T7,2,sin_crisis_anotada,22.5,0.31776731359881305,238
F7-T7,2,sin_crisis_anotada,23.0,0.3229168918413988,238
F7-T7,2,sin_crisis_anotada,23.5,0.2730100942404786,238
F7-T7,2,sin_crisis_anotada,24.0,0.2779160295629477,238
F7-T7,2,sin_crisis_anotada,24.5,0.21014259931630141,238
F7-T7,2,sin_crisis_anotada,25.0,0.19135969948688875,238
F7-T7,2,sin_crisis_anotada,25.5,0.23727094709596994,238
F7-T7,2,sin_crisis_anotada,26.0,0.20247065526724695,238
F7-T7,2,sin_crisis_anotada,26.5,0.15977472348980082,238
F7-T7,2,sin_crisis_anotada,27.0,0.18247924698073936,238
F7-T7,2,sin_crisis_anotada,27.5,0.18116645293781525,238
F7-T7,2,sin_crisis_anotada,28.0,0.1851784791457465,238
F7-T7,2,sin_crisis_anotada,28.5,0.1336704090502911,238
F7-T7,2,sin_crisis_anotada,29.0,0.12053859903937263,238
F7-T7,2,sin_crisis_anotada,29.5,0.14253358868597094,238
F7-T7,2,sin_crisis_anotada,30.0,0.11675327044827155,238
F7-T7,2,sin_crisis_anotada,30.5,0.14268028515832282,238
F7-T7,2,sin_crisis_anotada,31.0,0.11423786169844216,238
F7-T7,2,sin_crisis_anotada,31.5,0.6697270654307967,238
F7-T7,2,sin_crisis_anotada,32.0,1.7650884358043737,238
F7-T7,2,sin_crisis_anotada,32.5,0.5818912029239844,238
F7-T7,2,sin_crisis_anotada,33.0,0.07518736709466683,238
F7-T7,2,sin_crisis_anotada,33.5,0.06736352784415582,238
F7-T7,2,sin_crisis_anotada,34.0,0.07497113449609724,238
F7-T7,2,sin_crisis_anotada,34.5,0.057277548686087795,238
F7-T7,2,sin_crisis_anotada,35.0,0.05482540073589712,238
F7-T7,2,sin_crisis_anotada,35.5,0.048881086801012275,238
F7-T7,2,sin_crisis_anotada,36.0,0.0603112054013284,238
F7-T7,2,sin_crisis_anotada,36.5,0.0377612015005991,238
F7-T7,2,sin_crisis_anotada,37.0,0.04260875838860318,238
F7-T7,2,sin_crisis_anotada,37.5,0.030042334764448626,238
F7-T7,2,sin_crisis_anotada,38.0,0.030224927021875216,238
F7-T7,2,sin_crisis_anotada,38.5,0.022704878610939127,238
F7-T7,2,sin_crisis_anotada,39.0,0.017411815284968712,238
F7-T7,2,sin_crisis_anotada,39.5,0.016317094733934612,238
F7-T7,2,sin_crisis_anotada,40.0,0.013175534370764677,238
F7-T7,2,transicion,0.5,580.8699100328337,2
F7-T7,2,transicion,1.0,1412.3324424589819,2
F7-T7,2,transicion,1.5,728.7300658060465,2
F7-T7,2,transicion,2.0,1091.0612838060574,2
F7-T7,2,transicion,2.5,306.64647938045584,2
F7-T7,2,transicion,3.0,186.90203768910493,2
F7-T7,2,transicion,3.5,67.04249836115827,2
F7-T7,2,transicion,4.0,18.31950260256554,2
F7-T7,2,transicion,4.5,102.0775116084281,2
F7-T7,2,transicion,5.0,130.8812604097501,2
F7-T7,2,transicion,5.5,184.9150090382606,2
F7-T7,2,transicion,6.0,106.56567285994325,2
F7-T7,2,transicion,6.5,28.432020639723373,2
F7-T7,2,transicion,7.0,36.16604947748455,2
F7-T7,2,transicion,7.5,24.771053514580615,2
F7-T7,2,transicion,8.0,31.228038161817,2
F7-T7,2,transicion,8.5,4.0184534130187215,2
F7-T7,2,transicion,9.0,8.038411329806607,2
F7-T7,2,transicion,9.5,9.960558651328332,2
F7-T7,2,transicion,10.0,12.460997137405595,2
F7-T7,2,transicion,10.5,19.948397842684226,2
F7-T7,2,transicion,11.0,19.95831846763428,2
F7-T7,2,transicion,11.5,25.13783249858099,2
F7-T7,2,transicion,12.0,38.351573115793265,2
F7-T7,2,transicion,12.5,17.928794063881917,2
F7-T7,2,transicion,13.0,3.4373924495739017,2
F7-T7,2,transicion,13.5,8.632436969640443,2
F7-T7,2,transicion,14.0,6.91079663239796,2
F7-T7,2,transicion,14.5,2.671372971591958,2
F7-T7,2,transicion,15.0,1.252761636122123,2
F7-T7,2,transicion,15.5,3.2491849479695687,2
F7-T7,2,transicion,16.0,5.604439034419814,2
F7-T7,2,transicion,16.5,3.4698576141852158,2
F7-T7,2,transicion,17.0,2.414930739952871,2
F7-T7,2,transicion,17.5,1.6472929891303345,2
F7-T7,2,transicion,18.0,0.8714387009439666,2
F7-T7,2,transicion,18.5,0.5345628415415182,2
F7-T7,2,transicion,19.0,0.8976271003407068,2
F7-T7,2,transicion,19.5,0.8676435793336003,2
F7-T7,2,transicion,20.0,1.5556784250332343,2
F7-T7,2,transicion,20.5,0.836156002245678,2
F7-T7,2,transicion,21.0,0.22532569021147208,2
F7-T7,2,transicion,21.5,0.7926351896689166,2
F7-T7,2,transicion,22.0,1.0173235946344832,2
F7-T7,2,transicion,22.5,0.3868726925031058,2
F7-T7,2,transicion,23.0,1.8046982384405443,2
F7-T7,2,transicion,23.5,1.47651441015036,2
F7-T7,2,transicion,24.0,0.7394787046114291,2
F7-T7,2,transicion,24.5,0.7753528820182671,2
F7-T7,2,transicion,25.0,1.3634310159606915,2
F7-T7,2,transicion,25.5,1.1386021839327138,2
F7-T7,2,transicion,26.0,0.6919704976767792,2
F7-T7,2,transicion,26.5,0.25690791282887715,2
F7-T7,2,transicion,27.0,0.0105626473901413,2
F7-T7,2,transicion,27.5,0.18942626480540492,2
F7-T7,2,transicion,28.0,0.4970385877814058,2
F7-T7,2,transicion,28.5,0.8813714766258276,2
F7-T7,2,transicion,29.0,0.5078037030371861,2
F7-T7,2,transicion,29.5,0.4634033233542823,2
F7-T7,2,transicion,30.0,0.33452807128440387,2
F7-T7,2,transicion,30.5,0.039417470666627305,2
F7-T7,2,transicion,31.0,0.010694619415295377,2
F7-T7,2,transicion,31.5,0.5813587650765434,2
F7-T7,2,transicion,32.0,1.920426191322004,2
F7-T7,2,transicion,32.5,0.3784742513951399,2
F7-T7,2,transicion,33.0,0.6110538539801186,2
F7-T7,2,transicion,33.5,0.9111808251450789,2
F7-T7,2,transicion,34.0,0.47013012511058,2
F7-T7,2,transicion,34.5,0.14550059818795705,2
F7-T7,2,transicion,35.0,0.3073347861951551,2
F7-T7,2,transicion,35.5,0.5725222160937798,2
F7-T7,2,transicion,36.0,0.2724429543031707,2
F7-T7,2,transicion,36.5,0.02235792749152282,2
F7-T7,2,transicion,37.0,0.03168587220601569,2
F7-T7,2,transicion,37.5,0.017293845212853848,2
F7-T7,2,transicion,38.0,0.04046912275614203,2
F7-T7,2,transicion,38.5,0.05672425854276136,2
F7-T7,2,transicion,39.0,0.12357155356993053,2
F7-T7,2,transicion,39.5,0.06549504138080102,2
F7-T7,2,transicion,40.0,0.0469954125848165,2
F7-T7,4,ictal,0.5,554.6499842857243,19
F7-T7,4,ictal,1.0,1378.1762778241557,19
F7-T7,4,ictal,1.5,1547.147617146077,19
F7-T7,4,ictal,2.0,1149.752203442935,19
F7-T7,4,ictal,2.5,738.3009414317154,19
F7-T7,4,ictal,3.0,922.4073116151507,19
F7-T7,4,ictal,3.5,487.8546546589561,19
F7-T7,4,ictal,4.0,460.40497085644006,19
F7-T7,4,ictal,4.5,178.86117218649528,19
F7-T7,4,ictal,5.0,153.46259103742267,19
F7-T7,4,ictal,5.5,154.25050299459056,19
F7-T7,4,ictal,6.0,250.95733446578564,19
F7-T7,4,ictal,6.5,156.79051728410872,19
F7-T7,4,ictal,7.0,62.94625744887463,19
F7-T7,4,ictal,7.5,37.568598474534646,19
F7-T7,4,ictal,8.0,32.72911068272642,19
F7-T7,4,ictal,8.5,17.773009546925593,19
F7-T7,4,ictal,9.0,14.886840726439017,19
F7-T7,4,ictal,9.5,12.627929932778327,19
F7-T7,4,ictal,10.0,14.160820486708218,19
F7-T7,4,ictal,10.5,13.275664778322414,19
F7-T7,4,ictal,11.0,7.498609369993616,19
F7-T7,4,ictal,11.5,7.937660558007386,19
F7-T7,4,ictal,12.0,9.219618171457805,19
F7-T7,4,ictal,12.5,9.838030152301087,19
F7-T7,4,ictal,13.0,7.8661015984577185,19
F7-T7,4,ictal,13.5,4.538329762182207,19
F7-T7,4,ictal,14.0,5.904766604113948,19
F7-T7,4,ictal,14.5,4.855415268351483,19
F7-T7,4,ictal,15.0,5.391738993403735,19
F7-T7,4,ictal,15.5,5.660271737623503,19
F7-T7,4,ictal,16.0,7.595730010743236,19
F7-T7,4,ictal,16.5,4.944477500020488,19
F7-T7,4,ictal,17.0,2.4827912546052184,19
F7-T7,4,ictal,17.5,2.021770491457365,19
F7-T7,4,ictal,18.0,3.398805287683112,19
F7-T7,4,ictal,18.5,3.523642690564907,19
F7-T7,4,ictal,19.0,4.57654779793918,19
F7-T7,4,ictal,19.5,4.091984753155728,19
F7-T7,4,ictal,20.0,3.4152643825508804,19
F7-T7,4,ictal,20.5,3.652716593776636,19
F7-T7,4,ictal,21.0,3.354648148748012,19
F7-T7,4,ictal,21.5,3.731920497384,19
F7-T7,4,ictal,22.0,2.955817476025903,19
F7-T7,4,ictal,22.5,2.4793953878321875,19
F7-T7,4,ictal,23.0,2.4431899241422212,19
F7-T7,4,ictal,23.5,2.6530587663884044,19
F7-T7,4,ictal,24.0,3.3162456882159765,19
F7-T7,4,ictal,24.5,1.6697916368856482,19
F7-T7,4,ictal,25.0,1.011595014715961,19
F7-T7,4,ictal,25.5,2.3442554515197913,19
F7-T7,4,ictal,26.0,2.2034641558104897,19
F7-T7,4,ictal,26.5,1.7334069929167573,19
F7-T7,4,ictal,27.0,1.628981621700995,19
F7-T7,4,ictal,27.5,1.47364403215576,19
F7-T7,4,ictal,28.0,1.551318747520292,19
F7-T7,4,ictal,28.5,1.1657663050785492,19
F7-T7,4,ictal,29.0,0.99855519565459,19
F7-T7,4,ictal,29.5,1.1650790040867756,19
F7-T7,4,ictal,30.0,0.636979657698217,19
F7-T7,4,ictal,30.5,0.8643735447870151,19
F7-T7,4,ictal,31.0,0.9750357106628441,19
F7-T7,4,ictal,31.5,2.282833948430702,19
F7-T7,4,ictal,32.0,4.2010540600782855,19
F7-T7,4,ictal,32.5,2.326034030010717,19
F7-T7,4,ictal,33.0,0.9550940700776739,19
F7-T7,4,ictal,33.5,0.8908436620705009,19
F7-T7,4,ictal,34.0,1.1498928058447768,19
F7-T7,4,ictal,34.5,1.5284372162648456,19
F7-T7,4,ictal,35.0,0.9892266416374066,19
F7-T7,4,ictal,35.5,1.1403682335375904,19
F7-T7,4,ictal,36.0,0.7973187255458815,19
F7-T7,4,ictal,36.5,0.4483914976031386,19
F7-T7,4,ictal,37.0,0.41471669464839445,19
F7-T7,4,ictal,37.5,0.4321311270757416,19
F7-T7,4,ictal,38.0,0.40755316644012346,19
F7-T7,4,ictal,38.5,0.5057828049218341,19
F7-T7,4,ictal,39.0,0.2701721133212354,19
F7-T7,4,ictal,39.5,0.4736867403087375,19
F7-T7,4,ictal,40.0,0.26617445975299614,19
F7-T7,4,sin_crisis_anotada,0.5,61.267572711732164,118
F7-T7,4,sin_crisis_anotada,1.0,149.61818846813958,118
F7-T7,4,sin_crisis_anotada,1.5,188.1938030677641,118
F7-T7,4,sin_crisis_anotada,2.0,143.03766173134233,118
F7-T7,4,sin_crisis_anotada,2.5,75.27218428296372,118
F7-T7,4,sin_crisis_anotada,3.0,43.5313576011022,118
F7-T7,4,sin_crisis_anotada,3.5,30.225149540036803,118
F7-T7,4,sin_crisis_anotada,4.0,29.507296200705667,118
F7-T7,4,sin_crisis_anotada,4.5,23.801048013465632,118
F7-T7,4,sin_crisis_anotada,5.0,24.51076397806446,118
F7-T7,4,sin_crisis_anotada,5.5,22.56840185966758,118
F7-T7,4,sin_crisis_anotada,6.0,17.055063697451715,118
F7-T7,4,sin_crisis_anotada,6.5,14.13111217566373,118
F7-T7,4,sin_crisis_anotada,7.0,12.941395398049494,118
F7-T7,4,sin_crisis_anotada,7.5,9.235914861054413,118
F7-T7,4,sin_crisis_anotada,8.0,6.705187280377655,118
F7-T7,4,sin_crisis_anotada,8.5,4.74917136521125,118
F7-T7,4,sin_crisis_anotada,9.0,4.021397150216825,118
F7-T7,4,sin_crisis_anotada,9.5,3.734797179759791,118
F7-T7,4,sin_crisis_anotada,10.0,3.78463007799502,118
F7-T7,4,sin_crisis_anotada,10.5,4.298030995414279,118
F7-T7,4,sin_crisis_anotada,11.0,4.937692002914678,118
F7-T7,4,sin_crisis_anotada,11.5,2.873061382422472,118
F7-T7,4,sin_crisis_anotada,12.0,2.713376388720785,118
F7-T7,4,sin_crisis_anotada,12.5,2.7252777302347035,118
F7-T7,4,sin_crisis_anotada,13.0,2.7893683761664803,118
F7-T7,4,sin_crisis_anotada,13.5,2.4829987329477055,118
F7-T7,4,sin_crisis_anotada,14.0,2.2424781518549253,118
F7-T7,4,sin_crisis_anotada,14.5,1.7782537927972761,118
F7-T7,4,sin_crisis_anotada,15.0,1.5306372637396826,118
F7-T7,4,sin_crisis_anotada,15.5,2.3388546210314627,118
F7-T7,4,sin_crisis_anotada,16.0,3.7158358105913125,118
F7-T7,4,sin_crisis_anotada,16.5,1.4262426217557964,118
F7-T7,4,sin_crisis_anotada,17.0,0.8712789325896275,118
F7-T7,4,sin_crisis_anotada,17.5,0.7728276494388893,118
F7-T7,4,sin_crisis_anotada,18.0,0.6969907727586947,118
F7-T7,4,sin_crisis_anotada,18.5,0.5969592314078969,118
F7-T7,4,sin_crisis_anotada,19.0,0.5518873043638364,118
F7-T7,4,sin_crisis_anotada,19.5,0.5015350877604374,118
F7-T7,4,sin_crisis_anotada,20.0,0.45115258495575195,118
F7-T7,4,sin_crisis_anotada,20.5,0.38937832716242765,118
F7-T7,4,sin_crisis_anotada,21.0,0.35962430052536837,118
F7-T7,4,sin_crisis_anotada,21.5,0.4758258190737277,118
F7-T7,4,sin_crisis_anotada,22.0,0.4499674059323591,118
F7-T7,4,sin_crisis_anotada,22.5,0.39573739330298124,118
F7-T7,4,sin_crisis_anotada,23.0,0.4358617035088779,118
F7-T7,4,sin_crisis_anotada,23.5,0.40440871668811285,118
F7-T7,4,sin_crisis_anotada,24.0,0.3488065550151306,118
F7-T7,4,sin_crisis_anotada,24.5,0.2850581839886723,118
F7-T7,4,sin_crisis_anotada,25.0,0.2564287121796519,118
F7-T7,4,sin_crisis_anotada,25.5,0.3284611376680725,118
F7-T7,4,sin_crisis_anotada,26.0,0.2297467939976185,118
F7-T7,4,sin_crisis_anotada,26.5,0.2179598387879681,118
F7-T7,4,sin_crisis_anotada,27.0,0.22064539583080128,118
F7-T7,4,sin_crisis_anotada,27.5,0.22266326723509094,118
F7-T7,4,sin_crisis_anotada,28.0,0.2327326586817372,118
F7-T7,4,sin_crisis_anotada,28.5,0.18133233106635355,118
F7-T7,4,sin_crisis_anotada,29.0,0.15106606885068563,118
F7-T7,4,sin_crisis_anotada,29.5,0.1761204631323583,118
F7-T7,4,sin_crisis_anotada,30.0,0.13883030602481922,118
F7-T7,4,sin_crisis_anotada,30.5,0.14783815706678416,118
F7-T7,4,sin_crisis_anotada,31.0,0.1477465851527494,118
F7-T7,4,sin_crisis_anotada,31.5,0.8310067538410553,118
F7-T7,4,sin_crisis_anotada,32.0,3.059374624476896,118
F7-T7,4,sin_crisis_anotada,32.5,0.7426421334707367,118
F7-T7,4,sin_crisis_anotada,33.0,0.08300196352266195,118
F7-T7,4,sin_crisis_anotada,33.5,0.07986835516939078,118
F7-T7,4,sin_crisis_anotada,34.0,0.0764974859757681,118
F7-T7,4,sin_crisis_anotada,34.5,0.06897695955626414,118
F7-T7,4,sin_crisis_anotada,35.0,0.07015854415279918,118
F7-T7,4,sin_crisis_anotada,35.5,0.0675681748117724,118
F7-T7,4,sin_crisis_anotada,36.0,0.06396035048580612,118
F7-T7,4,sin_crisis_anotada,36.5,0.052205087963540606,118
F7-T7,4,sin_crisis_anotada,37.0,0.05000831511517062,118
F7-T7,4,sin_crisis_anotada,37.5,0.04410167219549846,118
F7-T7,4,sin_crisis_anotada,38.0,0.03454244748965328,118
F7-T7,4,sin_crisis_anotada,38.5,0.02806041603912714,118
F7-T7,4,sin_crisis_anotada,39.0,0.022118830786064476,118
F7-T7,4,sin_crisis_anotada,39.5,0.02008833077992942,118
F7-T7,4,sin_crisis_anotada,40.0,0.017711340426620852,118
F7-T7,4,transicion,0.5,445.4822998572841,2
F7-T7,4,transicion,1.0,1132.113397432912,2
F7-T7,4,transicion,1.5,435.4277576610906,2
F7-T7,4,transicion,2.0,614.5768397275466,2
F7-T7,4,transicion,2.5,237.0732713627292,2
F7-T7,4,transicion,3.0,404.59377255172785,2
F7-T7,4,transicion,3.5,272.9081426786253,2
F7-T7,4,transicion,4.0,92.67678741501659,2
F7-T7,4,transicion,4.5,93.79361418876942,2
F7-T7,4,transicion,5.0,137.59174542361782,2
F7-T7,4,transicion,5.5,141.97324966701015,2
F7-T7,4,transicion,6.0,51.0198453500932,2
F7-T7,4,transicion,6.5,26.379429483386943,2
F7-T7,4,transicion,7.0,21.82390614150782,2
F7-T7,4,transicion,7.5,19.70119877196013,2
F7-T7,4,transicion,8.0,13.752666797417582,2
F7-T7,4,transicion,8.5,12.225205914768855,2
F7-T7,4,transicion,9.0,11.912141372811591,2
F7-T7,4,transicion,9.5,6.634337108653227,2
F7-T7,4,transicion,10.0,11.191450082558088,2
F7-T7,4,transicion,10.5,17.604517682157457,2
F7-T7,4,transicion,11.0,9.495970385612717,2
F7-T7,4,transicion,11.5,11.534983603543544,2
F7-T7,4,transicion,12.0,14.04814573217167,2
F7-T7,4,transicion,12.5,8.529912788357395,2
F7-T7,4,transicion,13.0,2.0315171678641972,2
F7-T7,4,transicion,13.5,5.819153893047159,2
F7-T7,4,transicion,14.0,3.4566898029054127,2
F7-T7,4,transicion,14.5,1.5754939280082043,2
F7-T7,4,transicion,15.0,0.906939682761112,2
F7-T7,4,transicion,15.5,4.714916592336775,2
F7-T7,4,transicion,16.0,5.483709606719923,2
F7-T7,4,transicion,16.5,4.526356701652905,2
F7-T7,4,transicion,17.0,2.393965615969141,2
F7-T7,4,transicion,17.5,2.4319576631637023,2
F7-T7,4,transicion,18.0,2.8437937928438313,2
F7-T7,4,transicion,18.5,2.4191451741152057,2
F7-T7,4,transicion,19.0,1.569066996599691,2
F7-T7,4,transicion,19.5,0.5804519657990758,2
F7-T7,4,transicion,20.0,0.8278347462038753,2
F7-T7,4,transicion,20.5,0.9519448348093503,2
F7-T7,4,transicion,21.0,0.8674499106589666,2
F7-T7,4,transicion,21.5,1.727600248354869,2
F7-T7,4,transicion,22.0,1.2417446730858206,2
F7-T7,4,transicion,22.5,0.7914593899628202,2
F7-T7,4,transicion,23.0,1.0537074900744363,2
F7-T7,4,transicion,23.5,0.8456528539293582,2
F7-T7,4,transicion,24.0,0.5879188665090948,2
F7-T7,4,transicion,24.5,0.8089022894810134,2
F7-T7,4,transicion,25.0,0.7508543087262277,2
F7-T7,4,transicion,25.5,0.9001142749751538,2
F7-T7,4,transicion,26.0,0.8953196204122309,2
F7-T7,4,transicion,26.5,0.4631816195360779,2
F7-T7,4,transicion,27.0,0.16939486071397356,2
F7-T7,4,transicion,27.5,0.25438707795818605,2
F7-T7,4,transicion,28.0,0.45867676634067245,2
F7-T7,4,transicion,28.5,0.3424533313825197,2
F7-T7,4,transicion,29.0,0.3050614008721739,2
F7-T7,4,transicion,29.5,0.27263654381035685,2
F7-T7,4,transicion,30.0,0.21451022791077115,2
F7-T7,4,transicion,30.5,0.2264847571249599,2
F7-T7,4,transicion,31.0,0.4559474911027965,2
F7-T7,4,transicion,31.5,1.5617155376554765,2
F7-T7,4,transicion,32.0,2.7598641939156554,2
F7-T7,4,transicion,32.5,0.5043201151468206,2
F7-T7,4,transicion,33.0,0.5391090073691741,2
F7-T7,4,transicion,33.5,0.49571235153733784,2
F7-T7,4,transicion,34.0,0.4206689917848489,2
F7-T7,4,transicion,34.5,0.13922289964253703,2
F7-T7,4,transicion,35.0,0.32397182766625954,2
F7-T7,4,transicion,35.5,0.691819958405633,2
F7-T7,4,transicion,36.0,0.47762437994503326,2
F7-T7,4,transicion,36.5,0.15423804009975142,2
F7-T7,4,transicion,37.0,0.06855464821746055,2
F7-T7,4,transicion,37.5,0.07272429878514886,2
F7-T7,4,transicion,38.0,0.04132739058394585,2
F7-T7,4,transicion,38.5,0.04354120701926385,2
F7-T7,4,transicion,39.0,0.06440540023113506,2
F7-T7,4,transicion,39.5,0.035037529412515936,2
F7-T7,4,transicion,40.0,0.017478034318740326,2
F7-T7,8,ictal,0.5,677.2536209308655,9
F7-T7,8,ictal,1.0,1681.9539612659864,9
F7-T7,8,ictal,1.5,1424.5363912376454,9
F7-T7,8,ictal,2.0,1279.6043581563404,9
F7-T7,8,ictal,2.5,850.3118094175959,9
F7-T7,8,ictal,3.0,1172.6664515530686,9
F7-T7,8,ictal,3.5,778.5250676744932,9
F7-T7,8,ictal,4.0,471.9484276316121,9
F7-T7,8,ictal,4.5,178.8470781292686,9
F7-T7,8,ictal,5.0,160.41728663447392,9
F7-T7,8,ictal,5.5,153.15426064959414,9
F7-T7,8,ictal,6.0,249.49181748275086,9
F7-T7,8,ictal,6.5,142.22802706297628,9
F7-T7,8,ictal,7.0,55.78111515459994,9
F7-T7,8,ictal,7.5,50.396818116739,9
F7-T7,8,ictal,8.0,34.1963851703776,9
F7-T7,8,ictal,8.5,20.72389997558793,9
F7-T7,8,ictal,9.0,17.486021461209724,9
F7-T7,8,ictal,9.5,16.588845592778718,9
F7-T7,8,ictal,10.0,26.349361745374722,9
F7-T7,8,ictal,10.5,13.681561550045824,9
F7-T7,8,ictal,11.0,9.091809564788829,9
F7-T7,8,ictal,11.5,7.745756711782413,9
F7-T7,8,ictal,12.0,9.952516687366836,9
F7-T7,8,ictal,12.5,9.185045730679695,9
F7-T7,8,ictal,13.0,7.455723130767949,9
F7-T7,8,ictal,13.5,5.975549946541899,9
F7-T7,8,ictal,14.0,6.245525260016398,9
F7-T7,8,ictal,14.5,5.462204060759761,9
F7-T7,8,ictal,15.0,5.896527610799786,9
F7-T7,8,ictal,15.5,6.401344406491764,9
F7-T7,8,ictal,16.0,9.133361316826571,9
F7-T7,8,ictal,16.5,5.440656813482143,9
F7-T7,8,ictal,17.0,3.2020551996216797,9
F7-T7,8,ictal,17.5,3.6233051947074073,9
F7-T7,8,ictal,18.0,3.5772023257614634,9
F7-T7,8,ictal,18.5,3.260101988132724,9
F7-T7,8,ictal,19.0,6.805369804742313,9
F7-T7,8,ictal,19.5,6.522004265855979,9
F7-T7,8,ictal,20.0,5.747405108032509,9
F7-T7,8,ictal,20.5,4.807932978611336,9
F7-T7,8,ictal,21.0,7.272516679191158,9
F7-T7,8,ictal,21.5,4.110918416515193,9
F7-T7,8,ictal,22.0,3.5669829088616276,9
F7-T7,8,ictal,22.5,2.9843463234552674,9
F7-T7,8,ictal,23.0,2.4629697758445865,9
F7-T7,8,ictal,23.5,2.6343238262093034,9
F7-T7,8,ictal,24.0,2.5908166112210975,9
F7-T7,8,ictal,24.5,2.7756558257917754,9
F7-T7,8,ictal,25.0,2.3221061030582306,9
F7-T7,8,ictal,25.5,2.4216579734003134,9
F7-T7,8,ictal,26.0,2.650084851334245,9
F7-T7,8,ictal,26.5,3.5700558087731373,9
F7-T7,8,ictal,27.0,2.5866909842088943,9
F7-T7,8,ictal,27.5,3.32664526968811,9
F7-T7,8,ictal,28.0,2.895411950426987,9
F7-T7,8,ictal,28.5,1.7906188102255007,9
F7-T7,8,ictal,29.0,1.9827041587790883,9
F7-T7,8,ictal,29.5,1.99745832565284,9
F7-T7,8,ictal,30.0,3.538286365500171,9
F7-T7,8,ictal,30.5,3.8775119819627326,9
F7-T7,8,ictal,31.0,1.5240114624639711,9
F7-T7,8,ictal,31.5,2.771182997796129,9
F7-T7,8,ictal,32.0,2.920932380789158,9
F7-T7,8,ictal,32.5,3.4118337183193392,9
F7-T7,8,ictal,33.0,2.55463474860059,9
F7-T7,8,ictal,33.5,1.2206722110048633,9
F7-T7,8,ictal,34.0,1.505137286024839,9
F7-T7,8,ictal,34.5,1.6402423911949502,9
F7-T7,8,ictal,35.0,2.2409914542905898,9
F7-T7,8,ictal,35.5,1.6797918386062332,9
F7-T7,8,ictal,36.0,1.5763462474953511,9
F7-T7,8,ictal,36.5,1.3540571463402442,9
F7-T7,8,ictal,37.0,0.8620009372865175,9
F7-T7,8,ictal,37.5,0.6450459961702134,9
F7-T7,8,ictal,38.0,0.6919332563491227,9
F7-T7,8,ictal,38.5,1.9452089402013475,9
F7-T7,8,ictal,39.0,1.5583225107283876,9
F7-T7,8,ictal,39.5,1.3858018791604825,9
F7-T7,8,ictal,40.0,0.4405936041481867,9
F7-T7,8,sin_crisis_anotada,0.5,64.41988212259959,58
F7-T7,8,sin_crisis_anotada,1.0,147.65355190031428,58
F7-T7,8,sin_crisis_anotada,1.5,201.04072465490862,58
F7-T7,8,sin_crisis_anotada,2.0,142.48318368386498,58
F7-T7,8,sin_crisis_anotada,2.5,78.46488337116403,58
F7-T7,8,sin_crisis_anotada,3.0,48.109594932919606,58
F7-T7,8,sin_crisis_anotada,3.5,37.180847924869695,58
F7-T7,8,sin_crisis_anotada,4.0,32.024226700713065,58
F7-T7,8,sin_crisis_anotada,4.5,26.93349261571764,58
F7-T7,8,sin_crisis_anotada,5.0,22.89074897843716,58
F7-T7,8,sin_crisis_anotada,5.5,22.505344952196392,58
F7-T7,8,sin_crisis_anotada,6.0,24.200785691162395,58
F7-T7,8,sin_crisis_anotada,6.5,15.763405114273304,58
F7-T7,8,sin_crisis_anotada,7.0,13.945686065099459,58
F7-T7,8,sin_crisis_anotada,7.5,10.660440109821444,58
F7-T7,8,sin_crisis_anotada,8.0,7.3869296117923025,58
F7-T7,8,sin_crisis_anotada,8.5,5.571803901916776,58
F7-T7,8,sin_crisis_anotada,9.0,4.302620648915196,58
F7-T7,8,sin_crisis_anotada,9.5,4.408038161821859,58
F7-T7,8,sin_crisis_anotada,10.0,4.011066453516634,58
F7-T7,8,sin_crisis_anotada,10.5,5.601441834880914,58
F7-T7,8,sin_crisis_anotada,11.0,6.620792283686181,58
F7-T7,8,sin_crisis_anotada,11.5,9.837805032035888,58
F7-T7,8,sin_crisis_anotada,12.0,9.303886635105645,58
F7-T7,8,sin_crisis_anotada,12.5,4.265657180498937,58
F7-T7,8,sin_crisis_anotada,13.0,3.6115696311914904,58
F7-T7,8,sin_crisis_anotada,13.5,3.396872941454764,58
F7-T7,8,sin_crisis_anotada,14.0,2.4086740638872364,58
F7-T7,8,sin_crisis_anotada,14.5,2.3121233196484665,58
F7-T7,8,sin_crisis_anotada,15.0,1.8068663787127377,58
F7-T7,8,sin_crisis_anotada,15.5,2.6162892472253265,58
F7-T7,8,sin_crisis_anotada,16.0,3.844798921734111,58
F7-T7,8,sin_crisis_anotada,16.5,1.7441219627593176,58
F7-T7,8,sin_crisis_anotada,17.0,0.9472244012687607,58
F7-T7,8,sin_crisis_anotada,17.5,0.781625788638241,58
F7-T7,8,sin_crisis_anotada,18.0,0.7447992626554215,58
F7-T7,8,sin_crisis_anotada,18.5,0.6257954597001667,58
F7-T7,8,sin_crisis_anotada,19.0,0.6193983536279652,58
F7-T7,8,sin_crisis_anotada,19.5,0.6503149648565307,58
F7-T7,8,sin_crisis_anotada,20.0,0.533014134751117,58
F7-T7,8,sin_crisis_anotada,20.5,0.4797954393180411,58
F7-T7,8,sin_crisis_anotada,21.0,0.4191485234472149,58
F7-T7,8,sin_crisis_anotada,21.5,0.5290284281148887,58
F7-T7,8,sin_crisis_anotada,22.0,0.5259694792672864,58
F7-T7,8,sin_crisis_anotada,22.5,0.41630434275500094,58
F7-T7,8,sin_crisis_anotada,23.0,0.4338205847468073,58
F7-T7,8,sin_crisis_anotada,23.5,0.3802937838940611,58
F7-T7,8,sin_crisis_anotada,24.0,0.3830333585092047,58
F7-T7,8,sin_crisis_anotada,24.5,0.2919695177416166,58
F7-T7,8,sin_crisis_anotada,25.0,0.2900157780159085,58
F7-T7,8,sin_crisis_anotada,25.5,0.38328465780716764,58
F7-T7,8,sin_crisis_anotada,26.0,0.26890213269176544,58
F7-T7,8,sin_crisis_anotada,26.5,0.23219400648509447,58
F7-T7,8,sin_crisis_anotada,27.0,0.2347457320207328,58
F7-T7,8,sin_crisis_anotada,27.5,0.22268740734453857,58
F7-T7,8,sin_crisis_anotada,28.0,0.26356237108663044,58
F7-T7,8,sin_crisis_anotada,28.5,0.18973855196765615,58
F7-T7,8,sin_crisis_anotada,29.0,0.17831491269034153,58
F7-T7,8,sin_crisis_anotada,29.5,0.18006720451098893,58
F7-T7,8,sin_crisis_anotada,30.0,0.16751814620292327,58
F7-T7,8,sin_crisis_anotada,30.5,0.1557585891835201,58
F7-T7,8,sin_crisis_anotada,31.0,0.14699811426793294,58
F7-T7,8,sin_crisis_anotada,31.5,0.8896376599756404,58
F7-T7,8,sin_crisis_anotada,32.0,3.370866742104117,58
F7-T7,8,sin_crisis_anotada,32.5,0.8943718263513042,58
F7-T7,8,sin_crisis_anotada,33.0,0.0971484567232734,58
F7-T7,8,sin_crisis_anotada,33.5,0.09412756448959128,58
F7-T7,8,sin_crisis_anotada,34.0,0.07804215497959,58
F7-T7,8,sin_crisis_anotada,34.5,0.08271710103720421,58
F7-T7,8,sin_crisis_anotada,35.0,0.07390393073844947,58
F7-T7,8,sin_crisis_anotada,35.5,0.07336357217811076,58
F7-T7,8,sin_crisis_anotada,36.0,0.06983336649192622,58
F7-T7,8,sin_crisis_anotada,36.5,0.06525067103084652,58
F7-T7,8,sin_crisis_anotada,37.0,0.048364812003515605,58
F7-T7,8,sin_crisis_anotada,37.5,0.04660155894990174,58
F7-T7,8,sin_crisis_anotada,38.0,0.037417102857560045,58
F7-T7,8,sin_crisis_anotada,38.5,0.03347620741838961,58
F7-T7,8,sin_crisis_anotada,39.0,0.023599458029660396,58
F7-T7,8,sin_crisis_anotada,39.5,0.019712540789045205,58
F7-T7,8,sin_crisis_anotada,40.0,0.016326423100742105,58
F7-T7,8,transicion,0.5,466.89948907288164,2
F7-T7,8,transicion,1.0,851.0635645573961,2
F7-T7,8,transicion,1.5,404.4311312106424,2
F7-T7,8,transicion,2.0,494.43159817425703,2
F7-T7,8,transicion,2.5,258.69719202270284,2
F7-T7,8,transicion,3.0,245.2453205849941,2
F7-T7,8,transicion,3.5,200.6548866473724,2
F7-T7,8,transicion,4.0,132.79833902211928,2
F7-T7,8,transicion,4.5,128.06349691226953,2
F7-T7,8,transicion,5.0,94.2055222920881,2
F7-T7,8,transicion,5.5,138.43455710605943,2
F7-T7,8,transicion,6.0,97.19139649355469,2
F7-T7,8,transicion,6.5,79.35799631160505,2
F7-T7,8,transicion,7.0,37.864423056466876,2
F7-T7,8,transicion,7.5,15.340333064714116,2
F7-T7,8,transicion,8.0,18.511616560450182,2
F7-T7,8,transicion,8.5,10.27650630990362,2
F7-T7,8,transicion,9.0,7.8890816452616495,2
F7-T7,8,transicion,9.5,7.079735620124973,2
F7-T7,8,transicion,10.0,8.904030209964024,2
F7-T7,8,transicion,10.5,12.540671196675927,2
F7-T7,8,transicion,11.0,6.602557913080389,2
F7-T7,8,transicion,11.5,8.043919199140047,2
F7-T7,8,transicion,12.0,10.887203532401601,2
F7-T7,8,transicion,12.5,7.417522311879714,2
F7-T7,8,transicion,13.0,4.193226963302465,2
F7-T7,8,transicion,13.5,4.194710714295732,2
F7-T7,8,transicion,14.0,3.103713443718251,2
F7-T7,8,transicion,14.5,2.7163713174793696,2
F7-T7,8,transicion,15.0,2.162007549032183,2
F7-T7,8,transicion,15.5,3.1201272586614968,2
F7-T7,8,transicion,16.0,3.951344158688127,2
F7-T7,8,transicion,16.5,2.6565454156958754,2
F7-T7,8,transicion,17.0,1.4022459977951798,2
F7-T7,8,transicion,17.5,1.7771209657630407,2
F7-T7,8,transicion,18.0,2.411692705144163,2
F7-T7,8,transicion,18.5,2.464966929971237,2
F7-T7,8,transicion,19.0,1.8855687745033303,2
F7-T7,8,transicion,19.5,1.4772368648542862,2
F7-T7,8,transicion,20.0,1.479861406814896,2
F7-T7,8,transicion,20.5,2.0431238000205783,2
F7-T7,8,transicion,21.0,1.5406156162602938,2
F7-T7,8,transicion,21.5,1.8504645005978027,2
F7-T7,8,transicion,22.0,1.6769837911068575,2
F7-T7,8,transicion,22.5,1.2143815303577021,2
F7-T7,8,transicion,23.0,0.9629275441060247,2
F7-T7,8,transicion,23.5,0.8239976776786425,2
F7-T7,8,transicion,24.0,0.5934979332025108,2
F7-T7,8,transicion,24.5,0.8539163017019341,2
F7-T7,8,transicion,25.0,0.49587777959619983,2
F7-T7,8,transicion,25.5,0.8227631718949611,2
F7-T7,8,transicion,26.0,0.8866036820725156,2
F7-T7,8,transicion,26.5,0.490920937982404,2
F7-T7,8,transicion,27.0,0.44447405800132644,2
F7-T7,8,transicion,27.5,0.5482049596464114,2
F7-T7,8,transicion,28.0,0.7702069855276349,2
F7-T7,8,transicion,28.5,0.6010382972750199,2
F7-T7,8,transicion,29.0,0.39165522985890155,2
F7-T7,8,transicion,29.5,0.2950815962316212,2
F7-T7,8,transicion,30.0,0.31862732724387666,2
F7-T7,8,transicion,30.5,0.4601862328367114,2
F7-T7,8,transicion,31.0,0.3637729349055494,2
F7-T7,8,transicion,31.5,1.1719633018121982,2
F7-T7,8,transicion,32.0,3.30721841233658,2
F7-T7,8,transicion,32.5,1.4498037887478439,2
F7-T7,8,transicion,33.0,0.5177819146722162,2
F7-T7,8,transicion,33.5,0.5741360685434922,2
F7-T7,8,transicion,34.0,0.656787415201358,2
F7-T7,8,transicion,34.5,0.3482453657292325,2
F7-T7,8,transicion,35.0,0.338836250761031,2
F7-T7,8,transicion,35.5,0.46321554841406987,2
F7-T7,8,transicion,36.0,0.4600241173839914,2
F7-T7,8,transicion,36.5,0.16361871572828754,2
F7-T7,8,transicion,37.0,0.07252670477647374,2
F7-T7,8,transicion,37.5,0.0804937313598878,2
F7-T7,8,transicion,38.0,0.05366383625964939,2
F7-T7,8,transicion,38.5,0.07415999809099667,2
F7-T7,8,transicion,39.0,0.05864864468400744,2
F7-T7,8,transicion,39.5,0.1450410971108511,2
F7-T7,8,transicion,40.0,0.1254688646158323,2
F8-T8,2,ictal,0.5,846.4944558586026,39
F8-T8,2,ictal,1.0,2121.796541653104,39
F8-T8,2,ictal,1.5,1445.0674055735167,39
F8-T8,2,ictal,2.0,1744.8451027470535,39
F8-T8,2,ictal,2.5,2140.4917323574896,39
F8-T8,2,ictal,3.0,1377.7169566993896,39
F8-T8,2,ictal,3.5,567.063605103828,39
F8-T8,2,ictal,4.0,260.7308960254266,39
F8-T8,2,ictal,4.5,245.9552166212096,39
F8-T8,2,ictal,5.0,191.52292176044296,39
F8-T8,2,ictal,5.5,168.12982760864804,39
F8-T8,2,ictal,6.0,150.57590741081788,39
F8-T8,2,ictal,6.5,193.16766411295887,39
F8-T8,2,ictal,7.0,170.2280098879666,39
F8-T8,2,ictal,7.5,72.83533788250533,39
F8-T8,2,ictal,8.0,48.042231183319664,39
F8-T8,2,ictal,8.5,32.09137721459823,39
F8-T8,2,ictal,9.0,26.197095547292907,39
F8-T8,2,ictal,9.5,20.30041489900953,39
F8-T8,2,ictal,10.0,13.885431825874406,39
F8-T8,2,ictal,10.5,13.71529314371705,39
F8-T8,2,ictal,11.0,16.375767294303877,39
F8-T8,2,ictal,11.5,22.26473455531019,39
F8-T8,2,ictal,12.0,24.09329181540726,39
F8-T8,2,ictal,12.5,17.901884488755734,39
F8-T8,2,ictal,13.0,19.01543257213902,39
F8-T8,2,ictal,13.5,11.982301016097448,39
F8-T8,2,ictal,14.0,16.41138009297471,39
F8-T8,2,ictal,14.5,16.077220043115723,39
F8-T8,2,ictal,15.0,13.150794794586895,39
F8-T8,2,ictal,15.5,22.584256110119288,39
F8-T8,2,ictal,16.0,41.4942339253587,39
F8-T8,2,ictal,16.5,21.963914085697652,39
F8-T8,2,ictal,17.0,13.565452584434954,39
F8-T8,2,ictal,17.5,18.36487819076815,39
F8-T8,2,ictal,18.0,16.288152346600626,39
F8-T8,2,ictal,18.5,17.060954104838125,39
F8-T8,2,ictal,19.0,11.544519513031709,39
F8-T8,2,ictal,19.5,10.164754704520194,39
F8-T8,2,ictal,20.0,19.26609781464992,39
F8-T8,2,ictal,20.5,26.40944376301335,39
F8-T8,2,ictal,21.0,15.61480098400201,39
F8-T8,2,ictal,21.5,13.284420695751333,39
F8-T8,2,ictal,22.0,12.104951203526825,39
F8-T8,2,ictal,22.5,11.647748023838876,39
F8-T8,2,ictal,23.0,21.053339093096312,39
F8-T8,2,ictal,23.5,23.366397516513047,39
F8-T8,2,ictal,24.0,17.620412510808634,39
F8-T8,2,ictal,24.5,25.217458490127964,39
F8-T8,2,ictal,25.0,20.389500143466933,39
F8-T8,2,ictal,25.5,26.34037436394986,39
F8-T8,2,ictal,26.0,23.41092007650181,39
F8-T8,2,ictal,26.5,18.881752177718298,39
F8-T8,2,ictal,27.0,18.103932980376513,39
F8-T8,2,ictal,27.5,14.970401927128934,39
F8-T8,2,ictal,28.0,15.115258097310537,39
F8-T8,2,ictal,28.5,14.263704393017234,39
F8-T8,2,ictal,29.0,15.287871355702856,39
F8-T8,2,ictal,29.5,12.410191290844438,39
F8-T8,2,ictal,30.0,16.517887812702337,39
F8-T8,2,ictal,30.5,19.473277951996273,39
F8-T8,2,ictal,31.0,18.725635094575956,39
F8-T8,2,ictal,31.5,20.289973743394818,39
F8-T8,2,ictal,32.0,48.86925474712765,39
F8-T8,2,ictal,32.5,26.61490679214643,39
F8-T8,2,ictal,33.0,16.265428645119332,39
F8-T8,2,ictal,33.5,14.368036419816594,39
F8-T8,2,ictal,34.0,12.340331657500236,39
F8-T8,2,ictal,34.5,12.855223860560828,39
F8-T8,2,ictal,35.0,17.13515804737596,39
F8-T8,2,ictal,35.5,11.993077692360352,39
F8-T8,2,ictal,36.0,9.546609213829907,39
F8-T8,2,ictal,36.5,14.829859678076481,39
F8-T8,2,ictal,37.0,7.854588123893387,39
F8-T8,2,ictal,37.5,13.099084464634863,39
F8-T8,2,ictal,38.0,12.356742458740587,39
F8-T8,2,ictal,38.5,11.666510720661767,39
F8-T8,2,ictal,39.0,9.391086465932403,39
F8-T8,2,ictal,39.5,6.573321612680088,39
F8-T8,2,ictal,40.0,7.513665483953696,39
F8-T8,2,sin_crisis_anotada,0.5,72.07638429179693,238
F8-T8,2,sin_crisis_anotada,1.0,161.44775779116918,238
F8-T8,2,sin_crisis_anotada,1.5,172.89977854006344,238
F8-T8,2,sin_crisis_anotada,2.0,122.35347694082577,238
F8-T8,2,sin_crisis_anotada,2.5,92.33920308019913,238
F8-T8,2,sin_crisis_anotada,3.0,52.55388407035869,238
F8-T8,2,sin_crisis_anotada,3.5,34.69309690638757,238
F8-T8,2,sin_crisis_anotada,4.0,29.550794968254007,238
F8-T8,2,sin_crisis_anotada,4.5,23.812673558548447,238
F8-T8,2,sin_crisis_anotada,5.0,23.047288670897508,238
F8-T8,2,sin_crisis_anotada,5.5,19.680231264434752,238
F8-T8,2,sin_crisis_anotada,6.0,20.22528101491703,238
F8-T8,2,sin_crisis_anotada,6.5,13.267932492970019,238
F8-T8,2,sin_crisis_anotada,7.0,11.916222529201168,238
F8-T8,2,sin_crisis_anotada,7.5,8.215412894757039,238
F8-T8,2,sin_crisis_anotada,8.0,4.927649023450217,238
F8-T8,2,sin_crisis_anotada,8.5,4.844416038408788,238
F8-T8,2,sin_crisis_anotada,9.0,3.474905802143343,238
F8-T8,2,sin_crisis_anotada,9.5,3.441382071065149,238
F8-T8,2,sin_crisis_anotada,10.0,3.569293382890327,238
F8-T8,2,sin_crisis_anotada,10.5,3.26652481698523,238
F8-T8,2,sin_crisis_anotada,11.0,3.662177552798128,238
F8-T8,2,sin_crisis_anotada,11.5,3.200749626618311,238
F8-T8,2,sin_crisis_anotada,12.0,3.454871820341963,238
F8-T8,2,sin_crisis_anotada,12.5,2.895978130816421,238
F8-T8,2,sin_crisis_anotada,13.0,2.5108640813707086,238
F8-T8,2,sin_crisis_anotada,13.5,2.5264185881903627,238
F8-T8,2,sin_crisis_anotada,14.0,2.115131459189229,238
F8-T8,2,sin_crisis_anotada,14.5,1.7928941701391834,238
F8-T8,2,sin_crisis_anotada,15.0,1.3837295240307088,238
F8-T8,2,sin_crisis_anotada,15.5,12.338815830191884,238
F8-T8,2,sin_crisis_anotada,16.0,43.09293758123959,238
F8-T8,2,sin_crisis_anotada,16.5,10.790994077380963,238
F8-T8,2,sin_crisis_anotada,17.0,0.6867434912421031,238
F8-T8,2,sin_crisis_anotada,17.5,0.6272257025605847,238
F8-T8,2,sin_crisis_anotada,18.0,0.5935108073522779,238
F8-T8,2,sin_crisis_anotada,18.5,0.5102525236558193,238
F8-T8,2,sin_crisis_anotada,19.0,0.5351801646697952,238
F8-T8,2,sin_crisis_anotada,19.5,0.4806033285296204,238
F8-T8,2,sin_crisis_anotada,20.0,0.7380883313942039,238
F8-T8,2,sin_crisis_anotada,20.5,0.4783850769022381,238
F8-T8,2,sin_crisis_anotada,21.0,0.40877372670305057,238
F8-T8,2,sin_crisis_anotada,21.5,0.41201114123303384,238
F8-T8,2,sin_crisis_anotada,22.0,0.3679213179755457,238
F8-T8,2,sin_crisis_anotada,22.5,0.448355212039548,238
F8-T8,2,sin_crisis_anotada,23.0,0.421156703486375,238
F8-T8,2,sin_crisis_anotada,23.5,0.4263941544722744,238
F8-T8,2,sin_crisis_anotada,24.0,0.31243472333992445,238
F8-T8,2,sin_crisis_anotada,24.5,0.3169413777644342,238
F8-T8,2,sin_crisis_anotada,25.0,0.2922615812740704,238
F8-T8,2,sin_crisis_anotada,25.5,0.2881783861331768,238
F8-T8,2,sin_crisis_anotada,26.0,0.24996719071608947,238
F8-T8,2,sin_crisis_anotada,26.5,0.21098445703629914,238
F8-T8,2,sin_crisis_anotada,27.0,0.22632845863567078,238
F8-T8,2,sin_crisis_anotada,27.5,0.3367301598164567,238
F8-T8,2,sin_crisis_anotada,28.0,0.8651005385138956,238
F8-T8,2,sin_crisis_anotada,28.5,0.36775895339742815,238
F8-T8,2,sin_crisis_anotada,29.0,0.1802114872255926,238
F8-T8,2,sin_crisis_anotada,29.5,0.19596110989497295,238
F8-T8,2,sin_crisis_anotada,30.0,0.16246778823902852,238
F8-T8,2,sin_crisis_anotada,30.5,0.14670208285008124,238
F8-T8,2,sin_crisis_anotada,31.0,0.12066659550420136,238
F8-T8,2,sin_crisis_anotada,31.5,5.454343671392115,238
F8-T8,2,sin_crisis_anotada,32.0,16.97460939177516,238
F8-T8,2,sin_crisis_anotada,32.5,4.710011703263245,238
F8-T8,2,sin_crisis_anotada,33.0,0.11088953335184082,238
F8-T8,2,sin_crisis_anotada,33.5,0.10597463069757591,238
F8-T8,2,sin_crisis_anotada,34.0,0.08852549790204062,238
F8-T8,2,sin_crisis_anotada,34.5,0.06685262606078912,238
F8-T8,2,sin_crisis_anotada,35.0,0.06946353236283284,238
F8-T8,2,sin_crisis_anotada,35.5,0.12205275474957177,238
F8-T8,2,sin_crisis_anotada,36.0,0.2302749740242877,238
F8-T8,2,sin_crisis_anotada,36.5,0.09027385568263392,238
F8-T8,2,sin_crisis_anotada,37.0,0.05356413914563025,238
F8-T8,2,sin_crisis_anotada,37.5,0.050273495733525866,238
F8-T8,2,sin_crisis_anotada,38.0,0.04220906462752409,238
F8-T8,2,sin_crisis_anotada,38.5,0.03609601553478199,238
F8-T8,2,sin_crisis_anotada,39.0,0.030166516533463677,238
F8-T8,2,sin_crisis_anotada,39.5,0.02709163695534516,238
F8-T8,2,sin_crisis_anotada,40.0,0.022762297970513712,238
F8-T8,2,transicion,0.5,1066.3952508437849,2
F8-T8,2,transicion,1.0,933.3428675409623,2
F8-T8,2,transicion,1.5,1146.268114698411,2
F8-T8,2,transicion,2.0,1878.0001358182158,2
F8-T8,2,transicion,2.5,981.359770150509,2
F8-T8,2,transicion,3.0,208.3711155146198,2
F8-T8,2,transicion,3.5,281.7508741694275,2
F8-T8,2,transicion,4.0,245.0831211139943,2
F8-T8,2,transicion,4.5,56.702007458781345,2
F8-T8,2,transicion,5.0,192.61310841960454,2
F8-T8,2,transicion,5.5,317.7972828504296,2
F8-T8,2,transicion,6.0,219.39621458892012,2
F8-T8,2,transicion,6.5,111.54278486358461,2
F8-T8,2,transicion,7.0,78.24348592734114,2
F8-T8,2,transicion,7.5,107.88608862426193,2
F8-T8,2,transicion,8.0,77.1305025582015,2
F8-T8,2,transicion,8.5,14.921506279431135,2
F8-T8,2,transicion,9.0,94.6397238425469,2
F8-T8,2,transicion,9.5,93.25880106583298,2
F8-T8,2,transicion,10.0,104.02977327324514,2
F8-T8,2,transicion,10.5,62.25486693335193,2
F8-T8,2,transicion,11.0,18.257588789470745,2
F8-T8,2,transicion,11.5,13.236534502013768,2
F8-T8,2,transicion,12.0,14.837522333028517,2
F8-T8,2,transicion,12.5,8.684683669238474,2
F8-T8,2,transicion,13.0,1.4470173053395785,2
F8-T8,2,transicion,13.5,3.8792829425140765,2
F8-T8,2,transicion,14.0,3.6131257929302314,2
F8-T8,2,transicion,14.5,9.249779466268961,2
F8-T8,2,transicion,15.0,3.5420545228666356,2
F8-T8,2,transicion,15.5,24.30330708617251,2
F8-T8,2,transicion,16.0,62.49137066998421,2
F8-T8,2,transicion,16.5,20.606269466146436,2
F8-T8,2,transicion,17.0,6.499708478800896,2
F8-T8,2,transicion,17.5,4.967153386401633,2
F8-T8,2,transicion,18.0,6.863890057207449,2
F8-T8,2,transicion,18.5,9.094840370957343,2
F8-T8,2,transicion,19.0,11.033461878816416,2
F8-T8,2,transicion,19.5,2.985411864511982,2
F8-T8,2,transicion,20.0,1.098171663891044,2
F8-T8,2,transicion,20.5,5.744918886371899,2
F8-T8,2,transicion,21.0,7.996467134950301,2
F8-T8,2,transicion,21.5,9.413111308575806,2
F8-T8,2,transicion,22.0,10.25070159245676,2
F8-T8,2,transicion,22.5,7.567696397394377,2
F8-T8,2,transicion,23.0,4.870597036915855,2
F8-T8,2,transicion,23.5,2.747961028867033,2
F8-T8,2,transicion,24.0,0.04904975466751562,2
F8-T8,2,transicion,24.5,2.7580800395722522,2
F8-T8,2,transicion,25.0,3.061621580344619,2
F8-T8,2,transicion,25.5,2.144982207609045,2
F8-T8,2,transicion,26.0,6.31449351793189,2
F8-T8,2,transicion,26.5,5.1457114668794395,2
F8-T8,2,transicion,27.0,10.507137960739444,2
F8-T8,2,transicion,27.5,12.005256289493023,2
F8-T8,2,transicion,28.0,2.526452968505549,2
F8-T8,2,transicion,28.5,0.9673110529267244,2
F8-T8,2,transicion,29.0,2.717081445480882,2
F8-T8,2,transicion,29.5,8.323211506566603,2
F8-T8,2,transicion,30.0,8.492857187385466,2
F8-T8,2,transicion,30.5,5.997176532107282,2
F8-T8,2,transicion,31.0,6.754926458643102,2
F8-T8,2,transicion,31.5,4.711725907680807,2
F8-T8,2,transicion,32.0,25.350729656029657,2
F8-T8,2,transicion,32.5,8.110158135351732,2
F8-T8,2,transicion,33.0,0.16937898912135838,2
F8-T8,2,transicion,33.5,1.1893260332611282,2
F8-T8,2,transicion,34.0,9.700680336714264,2
F8-T8,2,transicion,34.5,12.781863033124889,2
F8-T8,2,transicion,35.0,11.536924873537968,2
F8-T8,2,transicion,35.5,11.64558225456982,2
F8-T8,2,transicion,36.0,4.5298622689075945,2
F8-T8,2,transicion,36.5,5.492475727205644,2
F8-T8,2,transicion,37.0,7.112499727944045,2
F8-T8,2,transicion,37.5,3.89854607541316,2
F8-T8,2,transicion,38.0,0.8225458342979176,2
F8-T8,2,transicion,38.5,2.315947954745019,2
F8-T8,2,transicion,39.0,6.737630963100154,2
F8-T8,2,transicion,39.5,7.059309501504108,2
F8-T8,2,transicion,40.0,7.251516731286777,2
F8-T8,4,ictal,0.5,944.7778351979151,19
F8-T8,4,ictal,1.0,2449.9194735850224,19
F8-T8,4,ictal,1.5,2158.344427846011,19
F8-T8,4,ictal,2.0,2626.7145399388805,19
F8-T8,4,ictal,2.5,3180.420585975395,19
F8-T8,4,ictal,3.0,2050.423944616891,19
F8-T8,4,ictal,3.5,860.8968898586869,19
F8-T8,4,ictal,4.0,372.60634180273223,19
F8-T8,4,ictal,4.5,242.530356268663,19
F8-T8,4,ictal,5.0,317.0956447288095,19
F8-T8,4,ictal,5.5,262.2941521254056,19
F8-T8,4,ictal,6.0,426.9943161885712,19
F8-T8,4,ictal,6.5,485.611362220482,19
F8-T8,4,ictal,7.0,213.61667127662477,19
F8-T8,4,ictal,7.5,109.71232196519516,19
F8-T8,4,ictal,8.0,70.52566303356586,19
F8-T8,4,ictal,8.5,45.615190887707236,19
F8-T8,4,ictal,9.0,44.09559369597677,19
F8-T8,4,ictal,9.5,23.29139902404465,19
F8-T8,4,ictal,10.0,15.351489741143752,19
F8-T8,4,ictal,10.5,15.965340172730043,19
F8-T8,4,ictal,11.0,23.87304190259754,19
F8-T8,4,ictal,11.5,24.334899512175415,19
F8-T8,4,ictal,12.0,31.98486607514646,19
F8-T8,4,ictal,12.5,22.219992754733756,19
F8-T8,4,ictal,13.0,19.210665261766145,19
F8-T8,4,ictal,13.5,31.950005761206313,19
F8-T8,4,ictal,14.0,28.809940990416077,19
F8-T8,4,ictal,14.5,19.631641728621137,19
F8-T8,4,ictal,15.0,22.069143955058365,19
F8-T8,4,ictal,15.5,29.964519867758458,19
F8-T8,4,ictal,16.0,40.689636727855294,19
F8-T8,4,ictal,16.5,31.129805811791936,19
F8-T8,4,ictal,17.0,21.95794402159571,19
F8-T8,4,ictal,17.5,26.71709632005557,19
F8-T8,4,ictal,18.0,34.03068177659828,19
F8-T8,4,ictal,18.5,25.07740779000952,19
F8-T8,4,ictal,19.0,20.20884198676342,19
F8-T8,4,ictal,19.5,17.30879508831777,19
F8-T8,4,ictal,20.0,32.11750811367901,19
F8-T8,4,ictal,20.5,32.79449141081464,19
F8-T8,4,ictal,21.0,24.021954790237373,19
F8-T8,4,ictal,21.5,20.981994855169777,19
F8-T8,4,ictal,22.0,31.5785320919296,19
F8-T8,4,ictal,22.5,35.945797885734784,19
F8-T8,4,ictal,23.0,32.931677921741546,19
F8-T8,4,ictal,23.5,41.17736225945999,19
F8-T8,4,ictal,24.0,28.704976560282912,19
F8-T8,4,ictal,24.5,27.226518579597514,19
F8-T8,4,ictal,25.0,33.814150937693874,19
F8-T8,4,ictal,25.5,32.88375575670971,19
F8-T8,4,ictal,26.0,37.77908634227544,19
F8-T8,4,ictal,26.5,37.8493410349077,19
F8-T8,4,ictal,27.0,24.07305621429515,19
F8-T8,4,ictal,27.5,24.509990296125164,19
F8-T8,4,ictal,28.0,36.36666210914449,19
F8-T8,4,ictal,28.5,39.00085860893835,19
F8-T8,4,ictal,29.0,32.18592524770297,19
F8-T8,4,ictal,29.5,25.423404369160966,19
F8-T8,4,ictal,30.0,32.90615583771129,19
F8-T8,4,ictal,30.5,22.54283321431755,19
F8-T8,4,ictal,31.0,28.008610346410553,19
F8-T8,4,ictal,31.5,26.426486183727466,19
F8-T8,4,ictal,32.0,48.475580364399605,19
F8-T8,4,ictal,32.5,33.27005767041853,19
F8-T8,4,ictal,33.0,37.69781156007255,19
F8-T8,4,ictal,33.5,41.31305716686026,19
F8-T8,4,ictal,34.0,17.935899486945257,19
F8-T8,4,ictal,34.5,20.162310954191472,19
F8-T8,4,ictal,35.0,25.378203619126996,19
F8-T8,4,ictal,35.5,35.72819250235465,19
F8-T8,4,ictal,36.0,19.40080864781236,19
F8-T8,4,ictal,36.5,26.5013370380064,19
F8-T8,4,ictal,37.0,15.483496260533927,19
F8-T8,4,ictal,37.5,22.491488936297667,19
F8-T8,4,ictal,38.0,22.697224249528585,19
F8-T8,4,ictal,38.5,23.185392891826023,19
F8-T8,4,ictal,39.0,14.153556060745814,19
F8-T8,4,ictal,39.5,11.299403365383688,19
F8-T8,4,ictal,40.0,10.397995373624438,19
F8-T8,4,sin_crisis_anotada,0.5,85.84498211403825,118
F8-T8,4,sin_crisis_anotada,1.0,222.41775238898143,118
F8-T8,4,sin_crisis_anotada,1.5,247.63510657585613,118
F8-T8,4,sin_crisis_anotada,2.0,166.9913730885828,118
F8-T8,4,sin_crisis_anotada,2.5,113.12584135769174,118
F8-T8,4,sin_crisis_anotada,3.0,65.97580550946756,118
F8-T8,4,sin_crisis_anotada,3.5,50.49873803404644,118
F8-T8,4,sin_crisis_anotada,4.0,34.33596735635336,118
F8-T8,4,sin_crisis_anotada,4.5,34.812680387703296,118
F8-T8,4,sin_crisis_anotada,5.0,29.54183792931876,118
F8-T8,4,sin_crisis_anotada,5.5,27.548164818410395,118
F8-T8,4,sin_crisis_anotada,6.0,23.986155344124427,118
F8-T8,4,sin_crisis_anotada,6.5,19.68138630755182,118
F8-T8,4,sin_crisis_anotada,7.0,18.132968783907984,118
F8-T8,4,sin_crisis_anotada,7.5,11.107757589846905,118
F8-T8,4,sin_crisis_anotada,8.0,7.84089543482208,118
F8-T8,4,sin_crisis_anotada,8.5,6.7475757636645195,118
F8-T8,4,sin_crisis_anotada,9.0,4.869514315581313,118
F8-T8,4,sin_crisis_anotada,9.5,4.366815033737236,118
F8-T8,4,sin_crisis_anotada,10.0,4.661526412206681,118
F8-T8,4,sin_crisis_anotada,10.5,6.0466224453248305,118
F8-T8,4,sin_crisis_anotada,11.0,6.24350005167099,118
F8-T8,4,sin_crisis_anotada,11.5,6.819289258340108,118
F8-T8,4,sin_crisis_anotada,12.0,7.022598316183823,118
F8-T8,4,sin_crisis_anotada,12.5,4.78522565609399,118
F8-T8,4,sin_crisis_anotada,13.0,3.7113962770586726,118
F8-T8,4,sin_crisis_anotada,13.5,3.969870751027477,118
F8-T8,4,sin_crisis_anotada,14.0,3.0013380335477216,118
F8-T8,4,sin_crisis_anotada,14.5,2.575665586380752,118
F8-T8,4,sin_crisis_anotada,15.0,2.0486835572736997,118
F8-T8,4,sin_crisis_anotada,15.5,12.209178307078211,118
F8-T8,4,sin_crisis_anotada,16.0,53.510823861620054,118
F8-T8,4,sin_crisis_anotada,16.5,10.662037591733707,118
F8-T8,4,sin_crisis_anotada,17.0,0.905664359121862,118
F8-T8,4,sin_crisis_anotada,17.5,0.7809681328499285,118
F8-T8,4,sin_crisis_anotada,18.0,0.7779383574953843,118
F8-T8,4,sin_crisis_anotada,18.5,0.676173806651619,118
F8-T8,4,sin_crisis_anotada,19.0,0.653085794677707,118
F8-T8,4,sin_crisis_anotada,19.5,0.6897939268042528,118
F8-T8,4,sin_crisis_anotada,20.0,0.8801071259530329,118
F8-T8,4,sin_crisis_anotada,20.5,0.630992201587471,118
F8-T8,4,sin_crisis_anotada,21.0,0.543132677717507,118
F8-T8,4,sin_crisis_anotada,21.5,0.5327722729064778,118
F8-T8,4,sin_crisis_anotada,22.0,0.6949706182822266,118
F8-T8,4,sin_crisis_anotada,22.5,0.5342472074209232,118
F8-T8,4,sin_crisis_anotada,23.0,0.6233530241732981,118
F8-T8,4,sin_crisis_anotada,23.5,0.5096375641785078,118
F8-T8,4,sin_crisis_anotada,24.0,0.4167651557697645,118
F8-T8,4,sin_crisis_anotada,24.5,0.45212718149859416,118
F8-T8,4,sin_crisis_anotada,25.0,0.4166386380604583,118
F8-T8,4,sin_crisis_anotada,25.5,0.38190628496935397,118
F8-T8,4,sin_crisis_anotada,26.0,0.3243992705690364,118
F8-T8,4,sin_crisis_anotada,26.5,0.23665747825460137,118
F8-T8,4,sin_crisis_anotada,27.0,0.2582452392661942,118
F8-T8,4,sin_crisis_anotada,27.5,0.4081626640828152,118
F8-T8,4,sin_crisis_anotada,28.0,0.8660299088704198,118
F8-T8,4,sin_crisis_anotada,28.5,0.384364499405728,118
F8-T8,4,sin_crisis_anotada,29.0,0.1961223373493628,118
F8-T8,4,sin_crisis_anotada,29.5,0.2095778716049273,118
F8-T8,4,sin_crisis_anotada,30.0,0.20423541625682423,118
F8-T8,4,sin_crisis_anotada,30.5,0.14946272254895626,118
F8-T8,4,sin_crisis_anotada,31.0,0.12491732921373537,118
F8-T8,4,sin_crisis_anotada,31.5,6.402717760791154,118
F8-T8,4,sin_crisis_anotada,32.0,25.247033083950587,118
F8-T8,4,sin_crisis_anotada,32.5,5.020443433563594,118
F8-T8,4,sin_crisis_anotada,33.0,0.1175958373682722,118
F8-T8,4,sin_crisis_anotada,33.5,0.10886880579106295,118
F8-T8,4,sin_crisis_anotada,34.0,0.09889554243751507,118
F8-T8,4,sin_crisis_anotada,34.5,0.0712894019766716,118
F8-T8,4,sin_crisis_anotada,35.0,0.07839956211952095,118
F8-T8,4,sin_crisis_anotada,35.5,0.1309992227887055,118
F8-T8,4,sin_crisis_anotada,36.0,0.2506831548570658,118
F8-T8,4,sin_crisis_anotada,36.5,0.11542410312137794,118
F8-T8,4,sin_crisis_anotada,37.0,0.05505630606766335,118
F8-T8,4,sin_crisis_anotada,37.5,0.050771640700165904,118
F8-T8,4,sin_crisis_anotada,38.0,0.04060344039024772,118
F8-T8,4,sin_crisis_anotada,38.5,0.034399751399202205,118
F8-T8,4,sin_crisis_anotada,39.0,0.03667160307171062,118
F8-T8,4,sin_crisis_anotada,39.5,0.029810159709279988,118
F8-T8,4,sin_crisis_anotada,40.0,0.026991564412305644,118
F8-T8,4,transicion,0.5,881.3556608086894,2
F8-T8,4,transicion,1.0,1159.1936869496928,2
F8-T8,4,transicion,1.5,1508.5542051671343,2
F8-T8,4,transicion,2.0,1774.5040966479153,2
F8-T8,4,transicion,2.5,739.8056499645604,2
F8-T8,4,transicion,3.0,724.9795340244814,2
F8-T8,4,transicion,3.5,570.6996945321023,2
F8-T8,4,transicion,4.0,207.1001726086915,2
F8-T8,4,transicion,4.5,157.2700270666994,2
F8-T8,4,transicion,5.0,186.6000662429551,2
F8-T8,4,transicion,5.5,179.5008502996036,2
F8-T8,4,transicion,6.0,108.60822687490206,2
F8-T8,4,transicion,6.5,60.5163924604624,2
F8-T8,4,transicion,7.0,53.30496446035317,2
F8-T8,4,transicion,7.5,68.31629987944712,2
F8-T8,4,transicion,8.0,52.01348447718707,2
F8-T8,4,transicion,8.5,25.497737607779868,2
F8-T8,4,transicion,9.0,48.32901995162721,2
F8-T8,4,transicion,9.5,40.50745336638626,2
F8-T8,4,transicion,10.0,48.716070783887794,2
F8-T8,4,transicion,10.5,62.849523436099986,2
F8-T8,4,transicion,11.0,36.45189887488401,2
F8-T8,4,transicion,11.5,14.386886721159016,2
F8-T8,4,transicion,12.0,14.964545499597538,2
F8-T8,4,transicion,12.5,12.848797898332206,2
F8-T8,4,transicion,13.0,3.6384175624815094,2
F8-T8,4,transicion,13.5,2.8534313433118035,2
F8-T8,4,transicion,14.0,9.495521180018885,2
F8-T8,4,transicion,14.5,11.26768651456914,2
F8-T8,4,transicion,15.0,4.788474719089903,2
F8-T8,4,transicion,15.5,17.05219065320107,2
F8-T8,4,transicion,16.0,66.60453534674107,2
F8-T8,4,transicion,16.5,25.84574864007364,2
F8-T8,4,transicion,17.0,3.7855115178527803,2
F8-T8,4,transicion,17.5,4.012978101097284,2
F8-T8,4,transicion,18.0,3.89742370464602,2
F8-T8,4,transicion,18.5,5.004789209987807,2
F8-T8,4,transicion,19.0,6.321892752730073,2
F8-T8,4,transicion,19.5,5.379587336385883,2
F8-T8,4,transicion,20.0,7.009097320877275,2
F8-T8,4,transicion,20.5,14.023953746901887,2
F8-T8,4,transicion,21.0,19.60504435372161,2
F8-T8,4,transicion,21.5,17.42875790037345,2
F8-T8,4,transicion,22.0,10.169450896285225,2
F8-T8,4,transicion,22.5,10.098039958710004,2
F8-T8,4,transicion,23.0,14.752304450160791,2
F8-T8,4,transicion,23.5,11.222442394411427,2
F8-T8,4,transicion,24.0,12.330516655978462,2
F8-T8,4,transicion,24.5,10.389878239261025,2
F8-T8,4,transicion,25.0,5.3001421609272565,2
F8-T8,4,transicion,25.5,2.166109396028845,2
F8-T8,4,transicion,26.0,8.36466177057766,2
F8-T8,4,transicion,26.5,20.675587305118594,2
F8-T8,4,transicion,27.0,18.03464346928088,2
F8-T8,4,transicion,27.5,5.886457020727145,2
F8-T8,4,transicion,28.0,5.468950950684155,2
F8-T8,4,transicion,28.5,4.0630763899260405,2
F8-T8,4,transicion,29.0,2.7450584356296237,2
F8-T8,4,transicion,29.5,3.7377132849217656,2
F8-T8,4,transicion,30.0,5.053302344166248,2
F8-T8,4,transicion,30.5,6.384156437982848,2
F8-T8,4,transicion,31.0,3.330179387296633,2
F8-T8,4,transicion,31.5,11.278301320237663,2
F8-T8,4,transicion,32.0,35.925736381324754,2
F8-T8,4,transicion,32.5,7.990046004312872,2
F8-T8,4,transicion,33.0,1.5668812934059366,2
F8-T8,4,transicion,33.5,2.349868994565372,2
F8-T8,4,transicion,34.0,4.839518337074277,2
F8-T8,4,transicion,34.5,5.253350127716854,2
F8-T8,4,transicion,35.0,7.155761115781555,2
F8-T8,4,transicion,35.5,7.315542956289935,2
F8-T8,4,transicion,36.0,4.214208999177368,2
F8-T8,4,transicion,36.5,5.919417089491004,2
F8-T8,4,transicion,37.0,6.369979285855691,2
F8-T8,4,transicion,37.5,4.3380496762847045,2
F8-T8,4,transicion,38.0,5.356180181019728,2
F8-T8,4,transicion,38.5,2.677183594546578,2
F8-T8,4,transicion,39.0,3.9272649228867578,2
F8-T8,4,transicion,39.5,6.554345213173958,2
F8-T8,4,transicion,40.0,5.924188046877239,2
F8-T8,8,ictal,0.5,1299.0198648149074,9
F8-T8,8,ictal,1.0,3748.5598094543166,9
F8-T8,8,ictal,1.5,5846.864073621956,9
F8-T8,8,ictal,2.0,3839.080088748667,9
F8-T8,8,ictal,2.5,4448.482560915215,9
F8-T8,8,ictal,3.0,1722.7561884446234,9
F8-T8,8,ictal,3.5,797.6247157946027,9
F8-T8,8,ictal,4.0,382.94128527400056,9
F8-T8,8,ictal,4.5,251.48602645530462,9
F8-T8,8,ictal,5.0,305.33634168153816,9
F8-T8,8,ictal,5.5,255.4552886799231,9
F8-T8,8,ictal,6.0,411.56978480465824,9
F8-T8,8,ictal,6.5,543.0794772006808,9
F8-T8,8,ictal,7.0,251.539338362859,9
F8-T8,8,ictal,7.5,115.69360342939576,9
F8-T8,8,ictal,8.0,66.82655019602078,9
F8-T8,8,ictal,8.5,38.17672068597317,9
F8-T8,8,ictal,9.0,39.17824393330573,9
F8-T8,8,ictal,9.5,27.626034441827436,9
F8-T8,8,ictal,10.0,18.633233775922495,9
F8-T8,8,ictal,10.5,22.541860298481616,9
F8-T8,8,ictal,11.0,26.821949704691196,9
F8-T8,8,ictal,11.5,22.99466067901438,9
F8-T8,8,ictal,12.0,26.404658635134098,9
F8-T8,8,ictal,12.5,21.70625482603547,9
F8-T8,8,ictal,13.0,21.442370358049633,9
F8-T8,8,ictal,13.5,24.191350740789307,9
F8-T8,8,ictal,14.0,20.36478068465317,9
F8-T8,8,ictal,14.5,21.91975783633722,9
F8-T8,8,ictal,15.0,25.32767103891683,9
F8-T8,8,ictal,15.5,29.716966753403966,9
F8-T8,8,ictal,16.0,39.132954922672056,9
F8-T8,8,ictal,16.5,28.157937184233646,9
F8-T8,8,ictal,17.0,26.244501855378132,9
F8-T8,8,ictal,17.5,31.25894743342524,9
F8-T8,8,ictal,18.0,31.332518418149984,9
F8-T8,8,ictal,18.5,34.5479395281436,9
F8-T8,8,ictal,19.0,27.599509624003357,9
F8-T8,8,ictal,19.5,29.31024378136654,9
F8-T8,8,ictal,20.0,36.70225716059564,9
F8-T8,8,ictal,20.5,49.25045896039019,9
F8-T8,8,ictal,21.0,32.45967749476129,9
F8-T8,8,ictal,21.5,23.06671848147618,9
F8-T8,8,ictal,22.0,25.12370176646035,9
F8-T8,8,ictal,22.5,46.09768729448831,9
F8-T8,8,ictal,23.0,51.347323589667255,9
F8-T8,8,ictal,23.5,41.03357750925016,9
F8-T8,8,ictal,24.0,38.87806789398593,9
F8-T8,8,ictal,24.5,33.43217583383838,9
F8-T8,8,ictal,25.0,35.89126523143887,9
F8-T8,8,ictal,25.5,38.78726718727551,9
F8-T8,8,ictal,26.0,68.1322784538911,9
F8-T8,8,ictal,26.5,38.83498381046782,9
F8-T8,8,ictal,27.0,26.66566969403384,9
F8-T8,8,ictal,27.5,39.648289336533836,9
F8-T8,8,ictal,28.0,44.1462639482762,9
F8-T8,8,ictal,28.5,41.28808552949142,9
F8-T8,8,ictal,29.0,33.17686253708847,9
F8-T8,8,ictal,29.5,29.148536732674653,9
F8-T8,8,ictal,30.0,37.48971251349587,9
F8-T8,8,ictal,30.5,24.093582375746145,9
F8-T8,8,ictal,31.0,28.504427587182043,9
F8-T8,8,ictal,31.5,25.907535177349732,9
F8-T8,8,ictal,32.0,42.436397353633005,9
F8-T8,8,ictal,32.5,40.481394872062104,9
F8-T8,8,ictal,33.0,34.04145088777693,9
F8-T8,8,ictal,33.5,42.10547118324383,9
F8-T8,8,ictal,34.0,26.162829186069935,9
F8-T8,8,ictal,34.5,18.330242227274486,9
F8-T8,8,ictal,35.0,30.518010998099403,9
F8-T8,8,ictal,35.5,32.058724837495575,9
F8-T8,8,ictal,36.0,21.94565089320334,9
F8-T8,8,ictal,36.5,21.31005206573639,9
F8-T8,8,ictal,37.0,18.061387431192976,9
F8-T8,8,ictal,37.5,21.256854645292925,9
F8-T8,8,ictal,38.0,24.0470394812289,9
F8-T8,8,ictal,38.5,17.296586311817528,9
F8-T8,8,ictal,39.0,13.974619546896514,9
F8-T8,8,ictal,39.5,12.132566710329469,9
F8-T8,8,ictal,40.0,10.908880798493746,9
F8-T8,8,sin_crisis_anotada,0.5,86.3430669127834,58
F8-T8,8,sin_crisis_anotada,1.0,209.777379798221,58
F8-T8,8,sin_crisis_anotada,1.5,229.20774771995974,58
F8-T8,8,sin_crisis_anotada,2.0,182.72633134534328,58
F8-T8,8,sin_crisis_anotada,2.5,114.03738783394992,58
F8-T8,8,sin_crisis_anotada,3.0,83.57333204355412,58
F8-T8,8,sin_crisis_anotada,3.5,46.58844266701598,58
F8-T8,8,sin_crisis_anotada,4.0,39.875282832985604,58
F8-T8,8,sin_crisis_anotada,4.5,32.91822691508106,58
F8-T8,8,sin_crisis_anotada,5.0,29.03743805282047,58
F8-T8,8,sin_crisis_anotada,5.5,28.619028501300683,58
F8-T8,8,sin_crisis_anotada,6.0,27.612070748425843,58
F8-T8,8,sin_crisis_anotada,6.5,19.344879389463898,58
F8-T8,8,sin_crisis_anotada,7.0,18.0803296480021,58
F8-T8,8,sin_crisis_anotada,7.5,13.660941817494813,58
F8-T8,8,sin_crisis_anotada,8.0,8.098114719768782,58
F8-T8,8,sin_crisis_anotada,8.5,6.440169723575098,58
F8-T8,8,sin_crisis_anotada,9.0,5.560502324609084,58
F8-T8,8,sin_crisis_anotada,9.5,4.880003681343435,58
F8-T8,8,sin_crisis_anotada,10.0,5.890913389689224,58
F8-T8,8,sin_crisis_anotada,10.5,8.782103323301971,58
F8-T8,8,sin_crisis_anotada,11.0,9.076675420575699,58
F8-T8,8,sin_crisis_anotada,11.5,13.43134921212931,58
F8-T8,8,sin_crisis_anotada,12.0,14.034173315618837,58
F8-T8,8,sin_crisis_anotada,12.5,13.785831746320582,58
F8-T8,8,sin_crisis_anotada,13.0,6.894688296951763,58
F8-T8,8,sin_crisis_anotada,13.5,6.239727964311195,58
F8-T8,8,sin_crisis_anotada,14.0,4.341151454962876,58
F8-T8,8,sin_crisis_anotada,14.5,3.113731295645491,58
F8-T8,8,sin_crisis_anotada,15.0,2.5152749135126733,58
F8-T8,8,sin_crisis_anotada,15.5,13.74880547726018,58
F8-T8,8,sin_crisis_anotada,16.0,50.97268796660298,58
F8-T8,8,sin_crisis_anotada,16.5,13.509356016521558,58
F8-T8,8,sin_crisis_anotada,17.0,0.9500657712264906,58
F8-T8,8,sin_crisis_anotada,17.5,0.8252800908488179,58
F8-T8,8,sin_crisis_anotada,18.0,0.8089815323739094,58
F8-T8,8,sin_crisis_anotada,18.5,0.770941025231626,58
F8-T8,8,sin_crisis_anotada,19.0,0.7713501646443229,58
F8-T8,8,sin_crisis_anotada,19.5,0.7496774157040643,58
F8-T8,8,sin_crisis_anotada,20.0,0.8432532960770143,58
F8-T8,8,sin_crisis_anotada,20.5,0.666318905396022,58
F8-T8,8,sin_crisis_anotada,21.0,0.5259915587652119,58
F8-T8,8,sin_crisis_anotada,21.5,0.5555575678607412,58
F8-T8,8,sin_crisis_anotada,22.0,0.6208323588690419,58
F8-T8,8,sin_crisis_anotada,22.5,0.5986327236970438,58
F8-T8,8,sin_crisis_anotada,23.0,0.6546687300364619,58
F8-T8,8,sin_crisis_anotada,23.5,0.5893911871849802,58
F8-T8,8,sin_crisis_anotada,24.0,0.5140564544769655,58
F8-T8,8,sin_crisis_anotada,24.5,0.5493002739637431,58
F8-T8,8,sin_crisis_anotada,25.0,0.52780873754877,58
F8-T8,8,sin_crisis_anotada,25.5,0.4185037219388016,58
F8-T8,8,sin_crisis_anotada,26.0,0.3146989331651338,58
F8-T8,8,sin_crisis_anotada,26.5,0.26346842911742674,58
F8-T8,8,sin_crisis_anotada,27.0,0.2830030936902751,58
F8-T8,8,sin_crisis_anotada,27.5,0.40576146100688826,58
F8-T8,8,sin_crisis_anotada,28.0,0.8467715891544345,58
F8-T8,8,sin_crisis_anotada,28.5,0.3600459224971441,58
F8-T8,8,sin_crisis_anotada,29.0,0.22796819741444224,58
F8-T8,8,sin_crisis_anotada,29.5,0.20928755038707864,58
F8-T8,8,sin_crisis_anotada,30.0,0.19597398755531287,58
F8-T8,8,sin_crisis_anotada,30.5,0.15903069203385842,58
F8-T8,8,sin_crisis_anotada,31.0,0.18880528023628895,58
F8-T8,8,sin_crisis_anotada,31.5,8.306250607471194,58
F8-T8,8,sin_crisis_anotada,32.0,32.37657683967892,58
F8-T8,8,sin_crisis_anotada,32.5,7.973708737178712,58
F8-T8,8,sin_crisis_anotada,33.0,0.11668987707276991,58
F8-T8,8,sin_crisis_anotada,33.5,0.11513119245540356,58
F8-T8,8,sin_crisis_anotada,34.0,0.09934475173738218,58
F8-T8,8,sin_crisis_anotada,34.5,0.0829965555649991,58
F8-T8,8,sin_crisis_anotada,35.0,0.11287122877368386,58
F8-T8,8,sin_crisis_anotada,35.5,0.1409448092677965,58
F8-T8,8,sin_crisis_anotada,36.0,0.2507868266208537,58
F8-T8,8,sin_crisis_anotada,36.5,0.10567166852394974,58
F8-T8,8,sin_crisis_anotada,37.0,0.06188357788375956,58
F8-T8,8,sin_crisis_anotada,37.5,0.05421609419063273,58
F8-T8,8,sin_crisis_anotada,38.0,0.04272584282835305,58
F8-T8,8,sin_crisis_anotada,38.5,0.03492896183614977,58
F8-T8,8,sin_crisis_anotada,39.0,0.037150424502804806,58
F8-T8,8,sin_crisis_anotada,39.5,0.031652407339910454,58
F8-T8,8,sin_crisis_anotada,40.0,0.025095864593794585,58
F8-T8,8,transicion,0.5,838.3440875719947,2
F8-T8,8,transicion,1.0,763.870748960086,2
F8-T8,8,transicion,1.5,894.1487036137833,2
F8-T8,8,transicion,2.0,1071.5819432952023,2
F8-T8,8,transicion,2.5,1041.835958386139,2
F8-T8,8,transicion,3.0,715.5973078007324,2
F8-T8,8,transicion,3.5,475.7943552302642,2
F8-T8,8,transicion,4.0,242.733072624849,2
F8-T8,8,transicion,4.5,177.72192072229572,2
F8-T8,8,transicion,5.0,155.7715557448221,2
F8-T8,8,transicion,5.5,205.1185286935977,2
F8-T8,8,transicion,6.0,181.85497156493523,2
F8-T8,8,transicion,6.5,83.757617201802,2
F8-T8,8,transicion,7.0,38.630177826356366,2
F8-T8,8,transicion,7.5,50.3633180039985,2
F8-T8,8,transicion,8.0,61.00525555197619,2
F8-T8,8,transicion,8.5,29.842438835439886,2
F8-T8,8,transicion,9.0,34.383353793645654,2
F8-T8,8,transicion,9.5,32.97090829250965,2
F8-T8,8,transicion,10.0,33.19452804464105,2
F8-T8,8,transicion,10.5,34.524522727055675,2
F8-T8,8,transicion,11.0,27.461829517975637,2
F8-T8,8,transicion,11.5,16.201978892610313,2
F8-T8,8,transicion,12.0,15.924625772828477,2
F8-T8,8,transicion,12.5,8.885338589648093,2
F8-T8,8,transicion,13.0,3.577144703547818,2
F8-T8,8,transicion,13.5,3.850285613995281,2
F8-T8,8,transicion,14.0,9.556001029355965,2
F8-T8,8,transicion,14.5,8.76240797333936,2
F8-T8,8,transicion,15.0,5.645332381219856,2
F8-T8,8,transicion,15.5,17.600793690021675,2
F8-T8,8,transicion,16.0,62.10363053780723,2
F8-T8,8,transicion,16.5,22.51956857576659,2
F8-T8,8,transicion,17.0,3.07554914885467,2
F8-T8,8,transicion,17.5,3.3593236390367944,2
F8-T8,8,transicion,18.0,3.258219355971823,2
F8-T8,8,transicion,18.5,3.8200778107211444,2
F8-T8,8,transicion,19.0,4.726104610574683,2
F8-T8,8,transicion,19.5,4.481236061901319,2
F8-T8,8,transicion,20.0,7.4719791053418865,2
F8-T8,8,transicion,20.5,9.479423611887006,2
F8-T8,8,transicion,21.0,11.765234208406483,2
F8-T8,8,transicion,21.5,15.662470690314802,2
F8-T8,8,transicion,22.0,12.062692187797525,2
F8-T8,8,transicion,22.5,10.651546646898359,2
F8-T8,8,transicion,23.0,12.51342183077182,2
F8-T8,8,transicion,23.5,8.111325824844435,2
F8-T8,8,transicion,24.0,9.255060828697125,2
F8-T8,8,transicion,24.5,8.956510636853588,2
F8-T8,8,transicion,25.0,4.1849456527277376,2
F8-T8,8,transicion,25.5,3.979988118203692,2
F8-T8,8,transicion,26.0,5.991359538993939,2
F8-T8,8,transicion,26.5,9.715827974727839,2
F8-T8,8,transicion,27.0,9.874803560990681,2
F8-T8,8,transicion,27.5,7.298378437419353,2
F8-T8,8,transicion,28.0,6.212563005105743,2
F8-T8,8,transicion,28.5,4.018323946001928,2
F8-T8,8,transicion,29.0,3.1985654140757864,2
F8-T8,8,transicion,29.5,3.926233872790153,2
F8-T8,8,transicion,30.0,5.406402297971805,2
F8-T8,8,transicion,30.5,10.57968167604888,2
F8-T8,8,transicion,31.0,10.089691839579425,2
F8-T8,8,transicion,31.5,20.809127233335225,2
F8-T8,8,transicion,32.0,43.53759465422521,2
F8-T8,8,transicion,32.5,8.411618942658993,2
F8-T8,8,transicion,33.0,2.1294888936686984,2
F8-T8,8,transicion,33.5,1.7956394885643427,2
F8-T8,8,transicion,34.0,3.290279768555408,2
F8-T8,8,transicion,34.5,2.9857660017990337,2
F8-T8,8,transicion,35.0,4.038635219345178,2
F8-T8,8,transicion,35.5,4.653717176203831,2
F8-T8,8,transicion,36.0,3.0843504321464876,2
F8-T8,8,transicion,36.5,3.673038956093059,2
F8-T8,8,transicion,37.0,3.384418643950738,2
F8-T8,8,transicion,37.5,2.3832577490247004,2
F8-T8,8,transicion,38.0,2.7285021143808774,2
F8-T8,8,transicion,38.5,1.5668925482048937,2
F8-T8,8,transicion,39.0,3.3539429771767795,2
F8-T8,8,transicion,39.5,4.434290965548051,2
F8-T8,8,transicion,40.0,3.9641011856830404,2
FP1-F3,2,ictal,0.5,518.2774226998259,39
FP1-F3,2,ictal,1.0,1592.0700749403518,39
FP1-F3,2,ictal,1.5,2458.550956629125,39
FP1-F3,2,ictal,2.0,2871.484265205627,39
FP1-F3,2,ictal,2.5,2063.83724778946,39
FP1-F3,2,ictal,3.0,1894.193877816986,39
FP1-F3,2,ictal,3.5,1323.514564670006,39
FP1-F3,2,ictal,4.0,507.62461283137924,39
FP1-F3,2,ictal,4.5,465.2880052090597,39
FP1-F3,2,ictal,5.0,310.51163446956883,39
FP1-F3,2,ictal,5.5,508.5902948470723,39
FP1-F3,2,ictal,6.0,311.9094994135525,39
FP1-F3,2,ictal,6.5,230.66195055334802,39
FP1-F3,2,ictal,7.0,104.15052042060799,39
FP1-F3,2,ictal,7.5,57.52387315784661,39
FP1-F3,2,ictal,8.0,37.419011139356826,39
FP1-F3,2,ictal,8.5,31.849311227533747,39
FP1-F3,2,ictal,9.0,23.338746124620766,39
FP1-F3,2,ictal,9.5,26.96989500527506,39
FP1-F3,2,ictal,10.0,21.749940962437574,39
FP1-F3,2,ictal,10.5,26.840768328309167,39
FP1-F3,2,ictal,11.0,20.253782409046615,39
FP1-F3,2,ictal,11.5,26.16222105575992,39
FP1-F3,2,ictal,12.0,14.938191720243768,39
FP1-F3,2,ictal,12.5,13.896531280912285,39
FP1-F3,2,ictal,13.0,15.293745918867655,39
FP1-F3,2,ictal,13.5,7.917675071387205,39
FP1-F3,2,ictal,14.0,7.054326519603259,39
FP1-F3,2,ictal,14.5,10.109767234554122,39
FP1-F3,2,ictal,15.0,10.080113231139167,39
FP1-F3,2,ictal,15.5,14.746105800943404,39
FP1-F3,2,ictal,16.0,30.944709608431825,39
FP1-F3,2,ictal,16.5,11.11147821142406,39
FP1-F3,2,ictal,17.0,4.073763843601765,39
FP1-F3,2,ictal,17.5,6.2752947325565795,39
FP1-F3,2,ictal,18.0,5.047800040840881,39
FP1-F3,2,ictal,18.5,3.770852139864939,39
FP1-F3,2,ictal,19.0,6.127274103569804,39
FP1-F3,2,ictal,19.5,4.345210858834928,39
FP1-F3,2,ictal,20.0,8.047597608203736,39
FP1-F3,2,ictal,20.5,8.132214437639956,39
FP1-F3,2,ictal,21.0,5.904680692927102,39
FP1-F3,2,ictal,21.5,5.952219064936243,39
FP1-F3,2,ictal,22.0,5.824728710327756,39
FP1-F3,2,ictal,22.5,3.7604106205522307,39
FP1-F3,2,ictal,23.0,3.2468234466821544,39
FP1-F3,2,ictal,23.5,8.773255490340423,39
FP1-F3,2,ictal,24.0,4.271375301472802,39
FP1-F3,2,ictal,24.5,4.98045135802091,39
FP1-F3,2,ictal,25.0,7.251244353374892,39
FP1-F3,2,ictal,25.5,4.882150825269734,39
FP1-F3,2,ictal,26.0,4.891594789292485,39
FP1-F3,2,ictal,26.5,11.621709988083202,39
FP1-F3,2,ictal,27.0,8.406391449474791,39
FP1-F3,2,ictal,27.5,12.45975821034153,39
FP1-F3,2,ictal,28.0,12.908504156833773,39
FP1-F3,2,ictal,28.5,8.91226018463755,39
FP1-F3,2,ictal,29.0,6.818629759072774,39
FP1-F3,2,ictal,29.5,11.559459017271283,39
FP1-F3,2,ictal,30.0,9.608485556592061,39
FP1-F3,2,ictal,30.5,8.41445058659161,39
FP1-F3,2,ictal,31.0,10.749833816605085,39
FP1-F3,2,ictal,31.5,9.114334298165174,39
FP1-F3,2,ictal,32.0,21.052274903452997,39
FP1-F3,2,ictal,32.5,10.37915609749151,39
FP1-F3,2,ictal,33.0,6.234948665785771,39
FP1-F3,2,ictal,33.5,10.240838995674887,39
FP1-F3,2,ictal,34.0,6.952223689237646,39
FP1-F3,2,ictal,34.5,6.425113845065826,39
FP1-F3,2,ictal,35.0,5.282013294110602,39
FP1-F3,2,ictal,35.5,6.936529949156511,39
FP1-F3,2,ictal,36.0,5.850338567229514,39
FP1-F3,2,ictal,36.5,9.331509129701983,39
FP1-F3,2,ictal,37.0,6.373831747687526,39
FP1-F3,2,ictal,37.5,4.441131750654831,39
FP1-F3,2,ictal,38.0,3.2066863555760814,39
FP1-F3,2,ictal,38.5,2.008748481976327,39
FP1-F3,2,ictal,39.0,4.84615608246371,39
FP1-F3,2,ictal,39.5,1.9742268206727613,39
FP1-F3,2,ictal,40.0,0.767563439504569,39
FP1-F3,2,sin_crisis_anotada,0.5,76.69079374959578,238
FP1-F3,2,sin_crisis_anotada,1.0,177.2715859683601,238
FP1-F3,2,sin_crisis_anotada,1.5,167.86691446467887,238
FP1-F3,2,sin_crisis_anotada,2.0,106.17976735269355,238
FP1-F3,2,sin_crisis_anotada,2.5,81.9280493775607,238
FP1-F3,2,sin_crisis_anotada,3.0,64.71035131002664,238
FP1-F3,2,sin_crisis_anotada,3.5,48.89449146763924,238
FP1-F3,2,sin_crisis_anotada,4.0,41.13504004762004,238
FP1-F3,2,sin_crisis_anotada,4.5,28.162195323932185,238
FP1-F3,2,sin_crisis_anotada,5.0,23.916718797245945,238
FP1-F3,2,sin_crisis_anotada,5.5,21.35166390715697,238
FP1-F3,2,sin_crisis_anotada,6.0,24.396110593524558,238
FP1-F3,2,sin_crisis_anotada,6.5,20.771572252283846,238
FP1-F3,2,sin_crisis_anotada,7.0,15.980400660679884,238
FP1-F3,2,sin_crisis_anotada,7.5,9.430959193999435,238
FP1-F3,2,sin_crisis_anotada,8.0,6.517631226391819,238
FP1-F3,2,sin_crisis_anotada,8.5,4.53353872856821,238
FP1-F3,2,sin_crisis_anotada,9.0,3.3528781237757146,238
FP1-F3,2,sin_crisis_anotada,9.5,3.012350100460317,238
FP1-F3,2,sin_crisis_anotada,10.0,2.971504240183066,238
FP1-F3,2,sin_crisis_anotada,10.5,3.503678795403398,238
FP1-F3,2,sin_crisis_anotada,11.0,4.097604708238849,238
FP1-F3,2,sin_crisis_anotada,11.5,4.606833659440983,238
FP1-F3,2,sin_crisis_anotada,12.0,5.422576632359895,238
FP1-F3,2,sin_crisis_anotada,12.5,5.493836311113978,238
FP1-F3,2,sin_crisis_anotada,13.0,6.207440071558615,238
FP1-F3,2,sin_crisis_anotada,13.5,4.781493061793455,238
FP1-F3,2,sin_crisis_anotada,14.0,3.235864999020217,238
FP1-F3,2,sin_crisis_anotada,14.5,2.437284942236248,238
FP1-F3,2,sin_crisis_anotada,15.0,1.869516845687298,238
FP1-F3,2,sin_crisis_anotada,15.5,7.112695223441525,238
FP1-F3,2,sin_crisis_anotada,16.0,23.82787648356139,238
FP1-F3,2,sin_crisis_anotada,16.5,6.3386759691325025,238
FP1-F3,2,sin_crisis_anotada,17.0,1.2192790477919,238
FP1-F3,2,sin_crisis_anotada,17.5,0.9404017639385766,238
FP1-F3,2,sin_crisis_anotada,18.0,0.9305724028680618,238
FP1-F3,2,sin_crisis_anotada,18.5,0.8352169113935071,238
FP1-F3,2,sin_crisis_anotada,19.0,0.7844302011317309,238
FP1-F3,2,sin_crisis_anotada,19.5,0.7159598211319727,238
FP1-F3,2,sin_crisis_anotada,20.0,0.7078230905816529,238
FP1-F3,2,sin_crisis_anotada,20.5,0.5841157078479473,238
FP1-F3,2,sin_crisis_anotada,21.0,0.6060773711291079,238
FP1-F3,2,sin_crisis_anotada,21.5,0.5132567162463555,238
FP1-F3,2,sin_crisis_anotada,22.0,0.4744173494365562,238
FP1-F3,2,sin_crisis_anotada,22.5,0.504796679448839,238
FP1-F3,2,sin_crisis_anotada,23.0,0.4737726886513285,238
FP1-F3,2,sin_crisis_anotada,23.5,0.4282876417730561,238
FP1-F3,2,sin_crisis_anotada,24.0,0.5419398439193475,238
FP1-F3,2,sin_crisis_anotada,24.5,0.45349120519632113,238
FP1-F3,2,sin_crisis_anotada,25.0,0.424471718621389,238
FP1-F3,2,sin_crisis_anotada,25.5,0.33062872276112626,238
FP1-F3,2,sin_crisis_anotada,26.0,0.2808021481236187,238
FP1-F3,2,sin_crisis_anotada,26.5,0.2303977143145119,238
FP1-F3,2,sin_crisis_anotada,27.0,0.2093652453042703,238
FP1-F3,2,sin_crisis_anotada,27.5,0.2193953213945492,238
FP1-F3,2,sin_crisis_anotada,28.0,0.21934599065547783,238
FP1-F3,2,sin_crisis_anotada,28.5,0.20189985114372522,238
FP1-F3,2,sin_crisis_anotada,29.0,0.15892654246854798,238
FP1-F3,2,sin_crisis_anotada,29.5,0.1755493655592737,238
FP1-F3,2,sin_crisis_anotada,30.0,0.12600932025854528,238
FP1-F3,2,sin_crisis_anotada,30.5,0.11539239622485087,238
FP1-F3,2,sin_crisis_anotada,31.0,0.12309233409186722,238
FP1-F3,2,sin_crisis_anotada,31.5,2.832766994747368,238
FP1-F3,2,sin_crisis_anotada,32.0,9.842976570037457,238
FP1-F3,2,sin_crisis_anotada,32.5,2.7950458909810143,238
FP1-F3,2,sin_crisis_anotada,33.0,0.08210547345996574,238
FP1-F3,2,sin_crisis_anotada,33.5,0.07795974338990866,238
FP1-F3,2,sin_crisis_anotada,34.0,0.07757289358520919,238
FP1-F3,2,sin_crisis_anotada,34.5,0.07295079934723418,238
FP1-F3,2,sin_crisis_anotada,35.0,0.06205370235822601,238
FP1-F3,2,sin_crisis_anotada,35.5,0.05407084782866352,238
FP1-F3,2,sin_crisis_anotada,36.0,0.056954305078891404,238
FP1-F3,2,sin_crisis_anotada,36.5,0.0500328204066981,238
FP1-F3,2,sin_crisis_anotada,37.0,0.039912697282562595,238
FP1-F3,2,sin_crisis_anotada,37.5,0.03892156656433225,238
FP1-F3,2,sin_crisis_anotada,38.0,0.030476618759217047,238
FP1-F3,2,sin_crisis_anotada,38.5,0.02703863404601501,238
FP1-F3,2,sin_crisis_anotada,39.0,0.020720290454947964,238
FP1-F3,2,sin_crisis_anotada,39.5,0.018808018103953075,238
FP1-F3,2,sin_crisis_anotada,40.0,0.016237997388873583,238
FP1-F3,2,transicion,0.5,358.91177642785203,2
FP1-F3,2,transicion,1.0,757.0234558638087,2
FP1-F3,2,transicion,1.5,291.23008403032816,2
FP1-F3,2,transicion,2.0,680.7461745238998,2
FP1-F3,2,transicion,2.5,1104.581046759247,2
FP1-F3,2,transicion,3.0,151.5658600317072,2
FP1-F3,2,transicion,3.5,84.14112190915637,2
FP1-F3,2,transicion,4.0,249.74045936510683,2
FP1-F3,2,transicion,4.5,116.01616943052184,2
FP1-F3,2,transicion,5.0,291.0232990842745,2
FP1-F3,2,transicion,5.5,503.6681899336647,2
FP1-F3,2,transicion,6.0,235.3651610956224,2
FP1-F3,2,transicion,6.5,215.09304807994195,2
FP1-F3,2,transicion,7.0,87.29257143737001,2
FP1-F3,2,transicion,7.5,104.17690707794146,2
FP1-F3,2,transicion,8.0,74.02245860498819,2
FP1-F3,2,transicion,8.5,26.33918069949739,2
FP1-F3,2,transicion,9.0,87.95941540242183,2
FP1-F3,2,transicion,9.5,63.38087228901526,2
FP1-F3,2,transicion,10.0,16.000289126936543,2
FP1-F3,2,transicion,10.5,86.50050454010409,2
FP1-F3,2,transicion,11.0,168.84742192273166,2
FP1-F3,2,transicion,11.5,55.11024740298902,2
FP1-F3,2,transicion,12.0,64.8522491482701,2
FP1-F3,2,transicion,12.5,172.89920956870264,2
FP1-F3,2,transicion,13.0,152.89642334228728,2
FP1-F3,2,transicion,13.5,23.36407385776048,2
FP1-F3,2,transicion,14.0,21.401380907059753,2
FP1-F3,2,transicion,14.5,38.8496329300062,2
FP1-F3,2,transicion,15.0,28.283105885261413,2
FP1-F3,2,transicion,15.5,27.5058714763678,2
FP1-F3,2,transicion,16.0,39.734523580632334,2
FP1-F3,2,transicion,16.5,15.137525093336965,2
FP1-F3,2,transicion,17.0,4.195152252789207,2
FP1-F3,2,transicion,17.5,2.439991771776454,2
FP1-F3,2,transicion,18.0,0.6333595958530329,2
FP1-F3,2,transicion,18.5,2.7921261014976455,2
FP1-F3,2,transicion,19.0,1.9172895882325678,2
FP1-F3,2,transicion,19.5,2.831866814745717,2
FP1-F3,2,transicion,20.0,1.6441414164337034,2
FP1-F3,2,transicion,20.5,1.472336763040948,2
FP1-F3,2,transicion,21.0,1.3824043900666871,2
FP1-F3,2,transicion,21.5,0.6863838587204575,2
FP1-F3,2,transicion,22.0,0.6862974794805912,2
FP1-F3,2,transicion,22.5,0.741167679729682,2
FP1-F3,2,transicion,23.0,2.4402903009103207,2
FP1-F3,2,transicion,23.5,2.816276186851894,2
FP1-F3,2,transicion,24.0,1.0965816846565848,2
FP1-F3,2,transicion,24.5,0.7884325308536461,2
FP1-F3,2,transicion,25.0,1.1790299273723308,2
FP1-F3,2,transicion,25.5,0.7944722405168073,2
FP1-F3,2,transicion,26.0,0.7588692111045743,2
FP1-F3,2,transicion,26.5,0.9206357066358458,2
FP1-F3,2,transicion,27.0,1.1746625902726242,2
FP1-F3,2,transicion,27.5,1.0987287975287863,2
FP1-F3,2,transicion,28.0,0.6598567677112901,2
FP1-F3,2,transicion,28.5,0.2338678030202874,2
FP1-F3,2,transicion,29.0,0.5556991807786235,2
FP1-F3,2,transicion,29.5,0.7848386925503235,2
FP1-F3,2,transicion,30.0,0.3330750535360388,2
FP1-F3,2,transicion,30.5,0.12580015681571866,2
FP1-F3,2,transicion,31.0,0.3552729787076499,2
FP1-F3,2,transicion,31.5,3.9981723724849685,2
FP1-F3,2,transicion,32.0,14.783444005755541,2
FP1-F3,2,transicion,32.5,3.759942055661241,2
FP1-F3,2,transicion,33.0,0.17107575241275402,2
FP1-F3,2,transicion,33.5,0.10049002642250945,2
FP1-F3,2,transicion,34.0,0.03256214819687826,2
FP1-F3,2,transicion,34.5,0.09197037023811032,2
FP1-F3,2,transicion,35.0,0.050562751009322476,2
FP1-F3,2,transicion,35.5,0.18173150756511938,2
FP1-F3,2,transicion,36.0,0.5181085588320594,2
FP1-F3,2,transicion,36.5,1.1311607920382047,2
FP1-F3,2,transicion,37.0,1.1850957371480204,2
FP1-F3,2,transicion,37.5,0.6962958406160095,2
FP1-F3,2,transicion,38.0,0.36039114297230346,2
FP1-F3,2,transicion,38.5,0.3398822218983837,2
FP1-F3,2,transicion,39.0,0.3088291438275145,2
FP1-F3,2,transicion,39.5,0.38673952084831753,2
FP1-F3,2,transicion,40.0,0.181605437144686,2
FP1-F3,4,ictal,0.5,770.4943568390022,19
FP1-F3,4,ictal,1.0,2100.236541191617,19
FP1-F3,4,ictal,1.5,3995.958648454096,19
FP1-F3,4,ictal,2.0,2694.7777453108733,19
FP1-F3,4,ictal,2.5,2934.566147160509,19
FP1-F3,4,ictal,3.0,2584.0089918303906,19
FP1-F3,4,ictal,3.5,1712.385229936642,19
FP1-F3,4,ictal,4.0,1011.7617471892678,19
FP1-F3,4,ictal,4.5,602.9383588311556,19
FP1-F3,4,ictal,5.0,530.3741410864922,19
FP1-F3,4,ictal,5.5,635.2943707662395,19
FP1-F3,4,ictal,6.0,494.2197086862744,19
FP1-F3,4,ictal,6.5,281.25605591447356,19
FP1-F3,4,ictal,7.0,117.1050414245805,19
FP1-F3,4,ictal,7.5,64.09774808758698,19
FP1-F3,4,ictal,8.0,55.22717329278533,19
FP1-F3,4,ictal,8.5,44.33454639463944,19
FP1-F3,4,ictal,9.0,30.211725279142957,19
FP1-F3,4,ictal,9.5,32.9807903262398,19
FP1-F3,4,ictal,10.0,25.185984550629446,19
FP1-F3,4,ictal,10.5,30.057978890166208,19
FP1-F3,4,ictal,11.0,26.39927051949208,19
FP1-F3,4,ictal,11.5,23.570539631386712,19
FP1-F3,4,ictal,12.0,16.363230640393713,19
FP1-F3,4,ictal,12.5,15.348597695717581,19
FP1-F3,4,ictal,13.0,15.776208146566752,19
FP1-F3,4,ictal,13.5,12.575743863992471,19
FP1-F3,4,ictal,14.0,8.869148806486548,19
FP1-F3,4,ictal,14.5,11.061388775404978,19
FP1-F3,4,ictal,15.0,11.47839534940399,19
FP1-F3,4,ictal,15.5,15.219763912590333,19
FP1-F3,4,ictal,16.0,28.611845788504155,19
FP1-F3,4,ictal,16.5,12.317429795915608,19
FP1-F3,4,ictal,17.0,11.923536287073205,19
FP1-F3,4,ictal,17.5,6.25592138035377,19
FP1-F3,4,ictal,18.0,13.20569545592847,19
FP1-F3,4,ictal,18.5,10.489716514017521,19
FP1-F3,4,ictal,19.0,9.710599218472368,19
FP1-F3,4,ictal,19.5,12.17219863043058,19
FP1-F3,4,ictal,20.0,10.293235176982787,19
FP1-F3,4,ictal,20.5,18.79224831869165,19
FP1-F3,4,ictal,21.0,19.216069809092474,19
FP1-F3,4,ictal,21.5,19.667616547576667,19
FP1-F3,4,ictal,22.0,19.702168000971838,19
FP1-F3,4,ictal,22.5,8.726569766740194,19
FP1-F3,4,ictal,23.0,8.890741708710145,19
FP1-F3,4,ictal,23.5,10.260508510696107,19
FP1-F3,4,ictal,24.0,15.156852220035747,19
FP1-F3,4,ictal,24.5,11.413489900126166,19
FP1-F3,4,ictal,25.0,13.99928002242576,19
FP1-F3,4,ictal,25.5,9.225105881737642,19
FP1-F3,4,ictal,26.0,15.075873208305978,19
FP1-F3,4,ictal,26.5,17.085654922470294,19
FP1-F3,4,ictal,27.0,21.18550181499677,19
FP1-F3,4,ictal,27.5,27.858924746276454,19
FP1-F3,4,ictal,28.0,21.409341902759532,19
FP1-F3,4,ictal,28.5,11.344408851734428,19
FP1-F3,4,ictal,29.0,10.365435438358343,19
FP1-F3,4,ictal,29.5,18.688293958541717,19
FP1-F3,4,ictal,30.0,19.078696691232107,19
FP1-F3,4,ictal,30.5,26.933307422615098,19
FP1-F3,4,ictal,31.0,12.464156932379462,19
FP1-F3,4,ictal,31.5,18.488100116322503,19
FP1-F3,4,ictal,32.0,32.06304755555065,19
FP1-F3,4,ictal,32.5,8.903938306511803,19
FP1-F3,4,ictal,33.0,9.451879769415072,19
FP1-F3,4,ictal,33.5,9.806361481934989,19
FP1-F3,4,ictal,34.0,9.521605371769352,19
FP1-F3,4,ictal,34.5,9.939775648406114,19
FP1-F3,4,ictal,35.0,15.641334120860293,19
FP1-F3,4,ictal,35.5,10.005914321432483,19
FP1-F3,4,ictal,36.0,22.379696046544307,19
FP1-F3,4,ictal,36.5,11.168392918048825,19
FP1-F3,4,ictal,37.0,6.515279756647067,19
FP1-F3,4,ictal,37.5,6.960717098882586,19
FP1-F3,4,ictal,38.0,5.273711590915476,19
FP1-F3,4,ictal,38.5,4.6337550774882255,19
FP1-F3,4,ictal,39.0,9.008423187277716,19
FP1-F3,4,ictal,39.5,3.4050966293913003,19
FP1-F3,4,ictal,40.0,3.6077176943866167,19
FP1-F3,4,sin_crisis_anotada,0.5,104.4568804383127,118
FP1-F3,4,sin_crisis_anotada,1.0,240.00706782610956,118
FP1-F3,4,sin_crisis_anotada,1.5,243.44716341216372,118
FP1-F3,4,sin_crisis_anotada,2.0,149.28703512425017,118
FP1-F3,4,sin_crisis_anotada,2.5,109.58810940595234,118
FP1-F3,4,sin_crisis_anotada,3.0,75.48282850038424,118
FP1-F3,4,sin_crisis_anotada,3.5,73.85899953367894,118
FP1-F3,4,sin_crisis_anotada,4.0,54.81105789429337,118
FP1-F3,4,sin_crisis_anotada,4.5,33.753773485757335,118
FP1-F3,4,sin_crisis_anotada,5.0,31.546799728138257,118
FP1-F3,4,sin_crisis_anotada,5.5,34.96383565437883,118
FP1-F3,4,sin_crisis_anotada,6.0,30.359698888258634,118
FP1-F3,4,sin_crisis_anotada,6.5,26.9922031945025,118
FP1-F3,4,sin_crisis_anotada,7.0,26.920221745764636,118
FP1-F3,4,sin_crisis_anotada,7.5,13.27850560757851,118
FP1-F3,4,sin_crisis_anotada,8.0,8.004421385463312,118
FP1-F3,4,sin_crisis_anotada,8.5,6.370496248174238,118
FP1-F3,4,sin_crisis_anotada,9.0,5.188555348737893,118
FP1-F3,4,sin_crisis_anotada,9.5,5.327032979385891,118
FP1-F3,4,sin_crisis_anotada,10.0,4.7474152027094,118
FP1-F3,4,sin_crisis_anotada,10.5,7.4265449925216895,118
FP1-F3,4,sin_crisis_anotada,11.0,7.880764381225534,118
FP1-F3,4,sin_crisis_anotada,11.5,9.791938097781124,118
FP1-F3,4,sin_crisis_anotada,12.0,9.773170410897901,118
FP1-F3,4,sin_crisis_anotada,12.5,11.336202887152366,118
FP1-F3,4,sin_crisis_anotada,13.0,11.711454385442378,118
FP1-F3,4,sin_crisis_anotada,13.5,8.926731258146559,118
FP1-F3,4,sin_crisis_anotada,14.0,5.8286371979534835,118
FP1-F3,4,sin_crisis_anotada,14.5,3.428519359192139,118
FP1-F3,4,sin_crisis_anotada,15.0,2.4939458375914767,118
FP1-F3,4,sin_crisis_anotada,15.5,8.77618802297049,118
FP1-F3,4,sin_crisis_anotada,16.0,22.17538047578251,118
FP1-F3,4,sin_crisis_anotada,16.5,6.8079628057578265,118
FP1-F3,4,sin_crisis_anotada,17.0,1.5740004591378276,118
FP1-F3,4,sin_crisis_anotada,17.5,1.3300276737492456,118
FP1-F3,4,sin_crisis_anotada,18.0,1.398592645568355,118
FP1-F3,4,sin_crisis_anotada,18.5,1.257609630902355,118
FP1-F3,4,sin_crisis_anotada,19.0,1.0250107539284845,118
FP1-F3,4,sin_crisis_anotada,19.5,0.8192090913503451,118
FP1-F3,4,sin_crisis_anotada,20.0,0.873041311016951,118
FP1-F3,4,sin_crisis_anotada,20.5,0.7827205625787854,118
FP1-F3,4,sin_crisis_anotada,21.0,0.7498088893049322,118
FP1-F3,4,sin_crisis_anotada,21.5,0.7531520245648801,118
FP1-F3,4,sin_crisis_anotada,22.0,0.7130109713509158,118
FP1-F3,4,sin_crisis_anotada,22.5,0.7777758288268235,118
FP1-F3,4,sin_crisis_anotada,23.0,0.7725409007706932,118
FP1-F3,4,sin_crisis_anotada,23.5,0.778231677161061,118
FP1-F3,4,sin_crisis_anotada,24.0,0.6732242310572429,118
FP1-F3,4,sin_crisis_anotada,24.5,0.551902022190886,118
FP1-F3,4,sin_crisis_anotada,25.0,0.5198077524590278,118
FP1-F3,4,sin_crisis_anotada,25.5,0.41521118808309665,118
FP1-F3,4,sin_crisis_anotada,26.0,0.36809049109950975,118
FP1-F3,4,sin_crisis_anotada,26.5,0.3087272955456807,118
FP1-F3,4,sin_crisis_anotada,27.0,0.27353871517790007,118
FP1-F3,4,sin_crisis_anotada,27.5,0.30021798422653256,118
FP1-F3,4,sin_crisis_anotada,28.0,0.2906699045732115,118
FP1-F3,4,sin_crisis_anotada,28.5,0.23793636403233187,118
FP1-F3,4,sin_crisis_anotada,29.0,0.20352133527084382,118
FP1-F3,4,sin_crisis_anotada,29.5,0.19827287783171932,118
FP1-F3,4,sin_crisis_anotada,30.0,0.17264509839067232,118
FP1-F3,4,sin_crisis_anotada,30.5,0.17012484922025828,118
FP1-F3,4,sin_crisis_anotada,31.0,0.1712014283390758,118
FP1-F3,4,sin_crisis_anotada,31.5,3.2679926660299867,118
FP1-F3,4,sin_crisis_anotada,32.0,10.87274874590775,118
FP1-F3,4,sin_crisis_anotada,32.5,3.755296455990064,118
FP1-F3,4,sin_crisis_anotada,33.0,0.0999517179598736,118
FP1-F3,4,sin_crisis_anotada,33.5,0.09331685723818528,118
FP1-F3,4,sin_crisis_anotada,34.0,0.10178866344145883,118
FP1-F3,4,sin_crisis_anotada,34.5,0.09226078282459303,118
FP1-F3,4,sin_crisis_anotada,35.0,0.07872355082203988,118
FP1-F3,4,sin_crisis_anotada,35.5,0.06395570699931968,118
FP1-F3,4,sin_crisis_anotada,36.0,0.06500825754171477,118
FP1-F3,4,sin_crisis_anotada,36.5,0.0574117674521067,118
FP1-F3,4,sin_crisis_anotada,37.0,0.05339873843225464,118
FP1-F3,4,sin_crisis_anotada,37.5,0.045799386046785254,118
FP1-F3,4,sin_crisis_anotada,38.0,0.035531036347908926,118
FP1-F3,4,sin_crisis_anotada,38.5,0.0332162074014529,118
FP1-F3,4,sin_crisis_anotada,39.0,0.02860941601170145,118
FP1-F3,4,sin_crisis_anotada,39.5,0.025424923089593654,118
FP1-F3,4,sin_crisis_anotada,40.0,0.020785646910559154,118
FP1-F3,4,transicion,0.5,396.15241233439394,2
FP1-F3,4,transicion,1.0,1276.2719940925035,2
FP1-F3,4,transicion,1.5,1191.0532643446907,2
FP1-F3,4,transicion,2.0,1189.064028028336,2
FP1-F3,4,transicion,2.5,1526.1406181949008,2
FP1-F3,4,transicion,3.0,1523.5722825918497,2
FP1-F3,4,transicion,3.5,563.3072325685434,2
FP1-F3,4,transicion,4.0,283.88535674371434,2
FP1-F3,4,transicion,4.5,232.29123098785718,2
FP1-F3,4,transicion,5.0,215.1308591391332,2
FP1-F3,4,transicion,5.5,530.6384572454804,2
FP1-F3,4,transicion,6.0,395.360436321712,2
FP1-F3,4,transicion,6.5,160.3684992928673,2
FP1-F3,4,transicion,7.0,68.26548855905922,2
FP1-F3,4,transicion,7.5,88.58857314380374,2
FP1-F3,4,transicion,8.0,57.98421829550303,2
FP1-F3,4,transicion,8.5,28.069751326671664,2
FP1-F3,4,transicion,9.0,40.43473463691955,2
FP1-F3,4,transicion,9.5,44.57537003439837,2
FP1-F3,4,transicion,10.0,81.11199286348604,2
FP1-F3,4,transicion,10.5,167.59437554993605,2
FP1-F3,4,transicion,11.0,176.03610836590698,2
FP1-F3,4,transicion,11.5,38.88669490122,2
FP1-F3,4,transicion,12.0,39.101061295155255,2
FP1-F3,4,transicion,12.5,72.70013562400855,2
FP1-F3,4,transicion,13.0,64.10080307274679,2
FP1-F3,4,transicion,13.5,12.861343270726616,2
FP1-F3,4,transicion,14.0,9.074043804955148,2
FP1-F3,4,transicion,14.5,18.34854768128306,2
FP1-F3,4,transicion,15.0,11.794053664521654,2
FP1-F3,4,transicion,15.5,19.810989583045775,2
FP1-F3,4,transicion,16.0,38.42506327078753,2
FP1-F3,4,transicion,16.5,12.071346519026733,2
FP1-F3,4,transicion,17.0,3.440378303908348,2
FP1-F3,4,transicion,17.5,2.6091983606026177,2
FP1-F3,4,transicion,18.0,2.0404227155708563,2
FP1-F3,4,transicion,18.5,2.78813123903316,2
FP1-F3,4,transicion,19.0,0.8789028707560871,2
FP1-F3,4,transicion,19.5,2.2802998710210303,2
FP1-F3,4,transicion,20.0,0.965315336454351,2
FP1-F3,4,transicion,20.5,1.4535981983619373,2
FP1-F3,4,transicion,21.0,0.6863752970669381,2
FP1-F3,4,transicion,21.5,0.8304636116224389,2
FP1-F3,4,transicion,22.0,1.399455661361017,2
FP1-F3,4,transicion,22.5,0.945630812807496,2
FP1-F3,4,transicion,23.0,1.183474894847184,2
FP1-F3,4,transicion,23.5,0.9883854090904705,2
FP1-F3,4,transicion,24.0,0.657430531046407,2
FP1-F3,4,transicion,24.5,0.7848647162692113,2
FP1-F3,4,transicion,25.0,0.7052802289736804,2
FP1-F3,4,transicion,25.5,0.4601694416355877,2
FP1-F3,4,transicion,26.0,0.458830825979902,2
FP1-F3,4,transicion,26.5,0.4125881063626883,2
FP1-F3,4,transicion,27.0,0.5448053681832407,2
FP1-F3,4,transicion,27.5,0.5062189716016432,2
FP1-F3,4,transicion,28.0,0.5653543093061448,2
FP1-F3,4,transicion,28.5,0.35536707889841507,2
FP1-F3,4,transicion,29.0,0.4910188674679689,2
FP1-F3,4,transicion,29.5,0.3854978235965877,2
FP1-F3,4,transicion,30.0,0.19426051710169245,2
FP1-F3,4,transicion,30.5,0.2477613221338642,2
FP1-F3,4,transicion,31.0,0.17961527337338168,2
FP1-F3,4,transicion,31.5,4.775580889148042,2
FP1-F3,4,transicion,32.0,17.261540334170192,2
FP1-F3,4,transicion,32.5,4.536938146695455,2
FP1-F3,4,transicion,33.0,0.18665766050285662,2
FP1-F3,4,transicion,33.5,0.14566471959899657,2
FP1-F3,4,transicion,34.0,0.17910727080369718,2
FP1-F3,4,transicion,34.5,0.12370209160555415,2
FP1-F3,4,transicion,35.0,0.05844647874920246,2
FP1-F3,4,transicion,35.5,0.2160939433892405,2
FP1-F3,4,transicion,36.0,0.2594108390188127,2
FP1-F3,4,transicion,36.5,0.5634205481469987,2
FP1-F3,4,transicion,37.0,0.48593579784449786,2
FP1-F3,4,transicion,37.5,0.2738437654824673,2
FP1-F3,4,transicion,38.0,0.14127759217093855,2
FP1-F3,4,transicion,38.5,0.17351656591077677,2
FP1-F3,4,transicion,39.0,0.18559459652084906,2
FP1-F3,4,transicion,39.5,0.19447777460721438,2
FP1-F3,4,transicion,40.0,0.15152093917928716,2
FP1-F3,8,ictal,0.5,496.5963001535387,9
FP1-F3,8,ictal,1.0,2886.487244138807,9
FP1-F3,8,ictal,1.5,3817.111564810846,9
FP1-F3,8,ictal,2.0,3700.060187250611,9
FP1-F3,8,ictal,2.5,4201.013863033395,9
FP1-F3,8,ictal,3.0,3007.3492855967515,9
FP1-F3,8,ictal,3.5,2096.457104093762,9
FP1-F3,8,ictal,4.0,1211.5127658514373,9
FP1-F3,8,ictal,4.5,650.5634975286741,9
FP1-F3,8,ictal,5.0,604.5445485821707,9
FP1-F3,8,ictal,5.5,667.6962914781876,9
FP1-F3,8,ictal,6.0,526.3792655892108,9
FP1-F3,8,ictal,6.5,282.9917500945125,9
FP1-F3,8,ictal,7.0,141.50431361224446,9
FP1-F3,8,ictal,7.5,69.9275101774884,9
FP1-F3,8,ictal,8.0,56.20019359385434,9
FP1-F3,8,ictal,8.5,53.494375265474034,9
FP1-F3,8,ictal,9.0,36.81751809097932,9
FP1-F3,8,ictal,9.5,29.495140390080884,9
FP1-F3,8,ictal,10.0,36.6693964941274,9
FP1-F3,8,ictal,10.5,36.949425437247264,9
FP1-F3,8,ictal,11.0,26.720005369838674,9
FP1-F3,8,ictal,11.5,21.49473487359383,9
FP1-F3,8,ictal,12.0,16.464360203774465,9
FP1-F3,8,ictal,12.5,21.37245121665237,9
FP1-F3,8,ictal,13.0,22.80869291859556,9
FP1-F3,8,ictal,13.5,11.833942100644972,9
FP1-F3,8,ictal,14.0,12.129143937580697,9
FP1-F3,8,ictal,14.5,11.335970345274697,9
FP1-F3,8,ictal,15.0,15.189815994622425,9
FP1-F3,8,ictal,15.5,19.072743226815874,9
FP1-F3,8,ictal,16.0,31.968284028302907,9
FP1-F3,8,ictal,16.5,16.83114839547224,9
FP1-F3,8,ictal,17.0,14.18739655080465,9
FP1-F3,8,ictal,17.5,7.631883013961799,9
FP1-F3,8,ictal,18.0,14.304568873130393,9
FP1-F3,8,ictal,18.5,13.148209890571,9
FP1-F3,8,ictal,19.0,15.34609654279792,9
FP1-F3,8,ictal,19.5,18.176893013866874,9
FP1-F3,8,ictal,20.0,16.27394623174048,9
FP1-F3,8,ictal,20.5,16.72422209943348,9
FP1-F3,8,ictal,21.0,17.917008228092346,9
FP1-F3,8,ictal,21.5,17.902619534271626,9
FP1-F3,8,ictal,22.0,15.425042633373389,9
FP1-F3,8,ictal,22.5,9.223334099013979,9
FP1-F3,8,ictal,23.0,9.30724145031388,9
FP1-F3,8,ictal,23.5,25.75342439901155,9
FP1-F3,8,ictal,24.0,35.27051189028045,9
FP1-F3,8,ictal,24.5,12.532208481094163,9
FP1-F3,8,ictal,25.0,21.136949985851647,9
FP1-F3,8,ictal,25.5,15.014436217576607,9
FP1-F3,8,ictal,26.0,17.711473616884646,9
FP1-F3,8,ictal,26.5,20.604591264919765,9
FP1-F3,8,ictal,27.0,18.462181961563846,9
FP1-F3,8,ictal,27.5,21.33830627999976,9
FP1-F3,8,ictal,28.0,21.366339460936494,9
FP1-F3,8,ictal,28.5,17.600304191381657,9
FP1-F3,8,ictal,29.0,7.3514791363246985,9
FP1-F3,8,ictal,29.5,19.135451986476337,9
FP1-F3,8,ictal,30.0,17.958830343537084,9
FP1-F3,8,ictal,30.5,25.90583033406096,9
FP1-F3,8,ictal,31.0,24.40827348193085,9
FP1-F3,8,ictal,31.5,16.82168185856545,9
FP1-F3,8,ictal,32.0,36.1339606363808,9
FP1-F3,8,ictal,32.5,16.429595541505744,9
FP1-F3,8,ictal,33.0,14.060352278793633,9
FP1-F3,8,ictal,33.5,11.375073330299495,9
FP1-F3,8,ictal,34.0,16.468088148748656,9
FP1-F3,8,ictal,34.5,15.838223950503172,9
FP1-F3,8,ictal,35.0,21.83303311696695,9
FP1-F3,8,ictal,35.5,17.988669850543772,9
FP1-F3,8,ictal,36.0,20.208972129844426,9
FP1-F3,8,ictal,36.5,20.74130851701549,9
FP1-F3,8,ictal,37.0,13.537400961418825,9
FP1-F3,8,ictal,37.5,12.311134356722347,9
FP1-F3,8,ictal,38.0,10.19884975576079,9
FP1-F3,8,ictal,38.5,8.01712065685887,9
FP1-F3,8,ictal,39.0,8.560976023595044,9
FP1-F3,8,ictal,39.5,4.769908320949208,9
FP1-F3,8,ictal,40.0,3.4196683301297166,9
FP1-F3,8,sin_crisis_anotada,0.5,109.50454960080859,58
FP1-F3,8,sin_crisis_anotada,1.0,261.3237025307353,58
FP1-F3,8,sin_crisis_anotada,1.5,287.12118183223095,58
FP1-F3,8,sin_crisis_anotada,2.0,164.76873973919993,58
FP1-F3,8,sin_crisis_anotada,2.5,119.10262464416749,58
FP1-F3,8,sin_crisis_anotada,3.0,88.2255161741448,58
FP1-F3,8,sin_crisis_anotada,3.5,72.50234929725059,58
FP1-F3,8,sin_crisis_anotada,4.0,53.94302502424695,58
FP1-F3,8,sin_crisis_anotada,4.5,37.21568799012388,58
FP1-F3,8,sin_crisis_anotada,5.0,36.07012753840574,58
FP1-F3,8,sin_crisis_anotada,5.5,37.205828626780175,58
FP1-F3,8,sin_crisis_anotada,6.0,39.10568468752311,58
FP1-F3,8,sin_crisis_anotada,6.5,35.71844262462429,58
FP1-F3,8,sin_crisis_anotada,7.0,32.891420553416225,58
FP1-F3,8,sin_crisis_anotada,7.5,18.120122318300176,58
FP1-F3,8,sin_crisis_anotada,8.0,10.767347942437702,58
FP1-F3,8,sin_crisis_anotada,8.5,7.12343510994333,58
FP1-F3,8,sin_crisis_anotada,9.0,6.312639103995679,58
FP1-F3,8,sin_crisis_anotada,9.5,6.534962453766056,58
FP1-F3,8,sin_crisis_anotada,10.0,7.0195936351283175,58
FP1-F3,8,sin_crisis_anotada,10.5,14.632708195175233,58
FP1-F3,8,sin_crisis_anotada,11.0,22.900672911201553,58
FP1-F3,8,sin_crisis_anotada,11.5,26.66192652020093,58
FP1-F3,8,sin_crisis_anotada,12.0,18.13517780602708,58
FP1-F3,8,sin_crisis_anotada,12.5,17.62400850871812,58
FP1-F3,8,sin_crisis_anotada,13.0,14.192080011658547,58
FP1-F3,8,sin_crisis_anotada,13.5,11.893658521188925,58
FP1-F3,8,sin_crisis_anotada,14.0,8.153602347808418,58
FP1-F3,8,sin_crisis_anotada,14.5,4.3165030078429165,58
FP1-F3,8,sin_crisis_anotada,15.0,2.8060518423261076,58
FP1-F3,8,sin_crisis_anotada,15.5,9.590707135101965,58
FP1-F3,8,sin_crisis_anotada,16.0,22.069040059522123,58
FP1-F3,8,sin_crisis_anotada,16.5,7.662498683614983,58
FP1-F3,8,sin_crisis_anotada,17.0,1.677385618099663,58
FP1-F3,8,sin_crisis_anotada,17.5,1.5031772837906008,58
FP1-F3,8,sin_crisis_anotada,18.0,1.4657447766093379,58
FP1-F3,8,sin_crisis_anotada,18.5,1.3308604386608582,58
FP1-F3,8,sin_crisis_anotada,19.0,1.0331266027546406,58
FP1-F3,8,sin_crisis_anotada,19.5,0.8594223246211199,58
FP1-F3,8,sin_crisis_anotada,20.0,0.9562862633594473,58
FP1-F3,8,sin_crisis_anotada,20.5,0.933276937756806,58
FP1-F3,8,sin_crisis_anotada,21.0,0.8814569078995965,58
FP1-F3,8,sin_crisis_anotada,21.5,0.8875525068421384,58
FP1-F3,8,sin_crisis_anotada,22.0,0.880257127588487,58
FP1-F3,8,sin_crisis_anotada,22.5,1.1598230444986755,58
FP1-F3,8,sin_crisis_anotada,23.0,1.245300201781121,58
FP1-F3,8,sin_crisis_anotada,23.5,1.2491614210517716,58
FP1-F3,8,sin_crisis_anotada,24.0,0.9859702208029919,58
FP1-F3,8,sin_crisis_anotada,24.5,0.7494058173688667,58
FP1-F3,8,sin_crisis_anotada,25.0,0.6801807714966439,58
FP1-F3,8,sin_crisis_anotada,25.5,0.5547584903289131,58
FP1-F3,8,sin_crisis_anotada,26.0,0.4630386273729864,58
FP1-F3,8,sin_crisis_anotada,26.5,0.3645649055062874,58
FP1-F3,8,sin_crisis_anotada,27.0,0.3324198277998318,58
FP1-F3,8,sin_crisis_anotada,27.5,0.37394370451074105,58
FP1-F3,8,sin_crisis_anotada,28.0,0.374743306024673,58
FP1-F3,8,sin_crisis_anotada,28.5,0.28099737373305633,58
FP1-F3,8,sin_crisis_anotada,29.0,0.2573836681475818,58
FP1-F3,8,sin_crisis_anotada,29.5,0.24389240716683766,58
FP1-F3,8,sin_crisis_anotada,30.0,0.18963939459441323,58
FP1-F3,8,sin_crisis_anotada,30.5,0.17860374849687655,58
FP1-F3,8,sin_crisis_anotada,31.0,0.17654616734415735,58
FP1-F3,8,sin_crisis_anotada,31.5,3.985050482709227,58
FP1-F3,8,sin_crisis_anotada,32.0,14.206734093974154,58
FP1-F3,8,sin_crisis_anotada,32.5,4.079656763450195,58
FP1-F3,8,sin_crisis_anotada,33.0,0.12867738318952104,58
FP1-F3,8,sin_crisis_anotada,33.5,0.1235812660518967,58
FP1-F3,8,sin_crisis_anotada,34.0,0.1090100420318374,58
FP1-F3,8,sin_crisis_anotada,34.5,0.09220308836846017,58
FP1-F3,8,sin_crisis_anotada,35.0,0.08317740402594573,58
FP1-F3,8,sin_crisis_anotada,35.5,0.06657163324012531,58
FP1-F3,8,sin_crisis_anotada,36.0,0.06991248775583234,58
FP1-F3,8,sin_crisis_anotada,36.5,0.05695037322114296,58
FP1-F3,8,sin_crisis_anotada,37.0,0.05416879447086494,58
FP1-F3,8,sin_crisis_anotada,37.5,0.054440815289828096,58
FP1-F3,8,sin_crisis_anotada,38.0,0.046925567834253036,58
FP1-F3,8,sin_crisis_anotada,38.5,0.033010974157478515,58
FP1-F3,8,sin_crisis_anotada,39.0,0.0318321048366354,58
FP1-F3,8,sin_crisis_anotada,39.5,0.021167414733692116,58
FP1-F3,8,sin_crisis_anotada,40.0,0.0231270226357525,58
FP1-F3,8,transicion,0.5,632.2383577364491,2
FP1-F3,8,transicion,1.0,1062.1869973274543,2
FP1-F3,8,transicion,1.5,1224.677969667643,2
FP1-F3,8,transicion,2.0,1347.0340150101297,2
FP1-F3,8,transicion,2.5,942.8895871665995,2
FP1-F3,8,transicion,3.0,1035.800420961155,2
FP1-F3,8,transicion,3.5,687.4302811942543,2
FP1-F3,8,transicion,4.0,466.93298215595223,2
FP1-F3,8,transicion,4.5,276.1737872650138,2
FP1-F3,8,transicion,5.0,214.07239461760008,2
FP1-F3,8,transicion,5.5,373.026154800724,2
FP1-F3,8,transicion,6.0,307.44244062581646,2
FP1-F3,8,transicion,6.5,207.5462773251187,2
FP1-F3,8,transicion,7.0,88.94035162114976,2
FP1-F3,8,transicion,7.5,70.84046838094332,2
FP1-F3,8,transicion,8.0,58.77836174873853,2
FP1-F3,8,transicion,8.5,24.230407685803286,2
FP1-F3,8,transicion,9.0,25.767198510993882,2
FP1-F3,8,transicion,9.5,33.75869597209306,2
FP1-F3,8,transicion,10.0,54.55860896474184,2
FP1-F3,8,transicion,10.5,87.87327054534308,2
FP1-F3,8,transicion,11.0,114.91842798287456,2
FP1-F3,8,transicion,11.5,38.89982024294841,2
FP1-F3,8,transicion,12.0,36.61715968932893,2
FP1-F3,8,transicion,12.5,44.341365375021155,2
FP1-F3,8,transicion,13.0,37.361105092076,2
FP1-F3,8,transicion,13.5,14.988737380937332,2
FP1-F3,8,transicion,14.0,8.702168531289034,2
FP1-F3,8,transicion,14.5,9.07116929659789,2
FP1-F3,8,transicion,15.0,6.196652352695161,2
FP1-F3,8,transicion,15.5,14.73649237059838,2
FP1-F3,8,transicion,16.0,36.96845778768632,2
FP1-F3,8,transicion,16.5,10.882928955206909,2
FP1-F3,8,transicion,17.0,3.0599664578309245,2
FP1-F3,8,transicion,17.5,2.304123473642184,2
FP1-F3,8,transicion,18.0,1.463251001219572,2
FP1-F3,8,transicion,18.5,2.125410831852941,2
FP1-F3,8,transicion,19.0,1.5233151292088543,2
FP1-F3,8,transicion,19.5,1.9491975460635844,2
FP1-F3,8,transicion,20.0,0.9619387439169147,2
FP1-F3,8,transicion,20.5,1.426067384739551,2
FP1-F3,8,transicion,21.0,0.7694438636994488,2
FP1-F3,8,transicion,21.5,0.789073586190622,2
FP1-F3,8,transicion,22.0,1.0456642948165014,2
FP1-F3,8,transicion,22.5,0.7733862082534892,2
FP1-F3,8,transicion,23.0,0.7464975310851107,2
FP1-F3,8,transicion,23.5,0.6598862802723663,2
FP1-F3,8,transicion,24.0,0.6259399896158947,2
FP1-F3,8,transicion,24.5,0.631271159316361,2
FP1-F3,8,transicion,25.0,0.5843256402584619,2
FP1-F3,8,transicion,25.5,0.6210644089830848,2
FP1-F3,8,transicion,26.0,0.7382599083303378,2
FP1-F3,8,transicion,26.5,0.565248193976768,2
FP1-F3,8,transicion,27.0,0.5203439091368467,2
FP1-F3,8,transicion,27.5,0.45486736463305844,2
FP1-F3,8,transicion,28.0,0.5091888177191501,2
FP1-F3,8,transicion,28.5,0.36704690399284323,2
FP1-F3,8,transicion,29.0,0.5310160196805119,2
FP1-F3,8,transicion,29.5,0.38084687641188,2
FP1-F3,8,transicion,30.0,0.24900668113554753,2
FP1-F3,8,transicion,30.5,0.21698028290327817,2
FP1-F3,8,transicion,31.0,0.21594068284924456,2
FP1-F3,8,transicion,31.5,4.224319052505365,2
FP1-F3,8,transicion,32.0,16.734662717156706,2
FP1-F3,8,transicion,32.5,4.360730905037201,2
FP1-F3,8,transicion,33.0,0.18301413976524816,2
FP1-F3,8,transicion,33.5,0.1585113489181482,2
FP1-F3,8,transicion,34.0,0.11024111376220613,2
FP1-F3,8,transicion,34.5,0.10232884929724986,2
FP1-F3,8,transicion,35.0,0.11961878207960344,2
FP1-F3,8,transicion,35.5,0.19767162245098993,2
FP1-F3,8,transicion,36.0,0.188689863278104,2
FP1-F3,8,transicion,36.5,0.37256003076592664,2
FP1-F3,8,transicion,37.0,0.3141023789996626,2
FP1-F3,8,transicion,37.5,0.17954299502790982,2
FP1-F3,8,transicion,38.0,0.1660151364931592,2
FP1-F3,8,transicion,38.5,0.1317007825103135,2
FP1-F3,8,transicion,39.0,0.13026153981648206,2
FP1-F3,8,transicion,39.5,0.15383404751404303,2
FP1-F3,8,transicion,40.0,0.11643721386859325,2
FP1-F7,2,ictal,0.5,626.886219426156,39
FP1-F7,2,ictal,1.0,2089.69102037398,39
FP1-F7,2,ictal,1.5,1822.904429824619,39
FP1-F7,2,ictal,2.0,2346.3994882870657,39
FP1-F7,2,ictal,2.5,1959.7429974103857,39
FP1-F7,2,ictal,3.0,1752.8761062769365,39
FP1-F7,2,ictal,3.5,670.6341527112935,39
FP1-F7,2,ictal,4.0,385.5435141220487,39
FP1-F7,2,ictal,4.5,200.27196323860574,39
FP1-F7,2,ictal,5.0,142.69388347395926,39
FP1-F7,2,ictal,5.5,292.47160737237374,39
FP1-F7,2,ictal,6.0,331.7090126102743,39
FP1-F7,2,ictal,6.5,206.48162662509148,39
FP1-F7,2,ictal,7.0,113.98333248205515,39
FP1-F7,2,ictal,7.5,43.649782782531,39
FP1-F7,2,ictal,8.0,27.371925370726863,39
FP1-F7,2,ictal,8.5,25.47864181622146,39
FP1-F7,2,ictal,9.0,19.882716873588382,39
FP1-F7,2,ictal,9.5,18.601645646684947,39
FP1-F7,2,ictal,10.0,17.72121262232042,39
FP1-F7,2,ictal,10.5,14.671577172127297,39
FP1-F7,2,ictal,11.0,8.637717107483123,39
FP1-F7,2,ictal,11.5,9.746344852872657,39
FP1-F7,2,ictal,12.0,8.160457034975815,39
FP1-F7,2,ictal,12.5,6.798873266185875,39
FP1-F7,2,ictal,13.0,7.189544466024946,39
FP1-F7,2,ictal,13.5,6.244949430489481,39
FP1-F7,2,ictal,14.0,6.998671238554709,39
FP1-F7,2,ictal,14.5,8.117378069195357,39
FP1-F7,2,ictal,15.0,5.478879493880351,39
FP1-F7,2,ictal,15.5,9.939065311689316,39
FP1-F7,2,ictal,16.0,24.678583077983813,39
FP1-F7,2,ictal,16.5,9.498454819391279,39
FP1-F7,2,ictal,17.0,6.121881513860044,39
FP1-F7,2,ictal,17.5,5.27091535518237,39
FP1-F7,2,ictal,18.0,5.406705409935013,39
FP1-F7,2,ictal,18.5,5.228938980096345,39
FP1-F7,2,ictal,19.0,5.894791702495361,39
FP1-F7,2,ictal,19.5,3.6829594623824784,39
FP1-F7,2,ictal,20.0,4.667039720274391,39
FP1-F7,2,ictal,20.5,4.169462070061636,39
FP1-F7,2,ictal,21.0,3.9825020474185453,39
FP1-F7,2,ictal,21.5,3.1502636621346243,39
FP1-F7,2,ictal,22.0,3.5848104481164773,39
FP1-F7,2,ictal,22.5,2.7304500688324698,39
FP1-F7,2,ictal,23.0,4.755404098971362,39
FP1-F7,2,ictal,23.5,4.569380125413365,39
FP1-F7,2,ictal,24.0,7.771687812298161,39
FP1-F7,2,ictal,24.5,7.688004366143067,39
FP1-F7,2,ictal,25.0,7.119516896151382,39
FP1-F7,2,ictal,25.5,4.255718149776657,39
FP1-F7,2,ictal,26.0,6.793917324172696,39
FP1-F7,2,ictal,26.5,8.654540201867947,39
FP1-F7,2,ictal,27.0,5.809534958484038,39
FP1-F7,2,ictal,27.5,10.544916394696394,39
FP1-F7,2,ictal,28.0,7.887654114844151,39
FP1-F7,2,ictal,28.5,5.898670228266788,39
FP1-F7,2,ictal,29.0,4.526901797613769,39
FP1-F7,2,ictal,29.5,9.184180692611207,39
FP1-F7,2,ictal,30.0,4.618060536947911,39
FP1-F7,2,ictal,30.5,9.114141609773327,39
FP1-F7,2,ictal,31.0,5.983738388875364,39
FP1-F7,2,ictal,31.5,9.910425858963759,39
FP1-F7,2,ictal,32.0,16.625427406108763,39
FP1-F7,2,ictal,32.5,11.199294284540244,39
FP1-F7,2,ictal,33.0,6.9304953957732724,39
FP1-F7,2,ictal,33.5,2.881248657075247,39
FP1-F7,2,ictal,34.0,6.538348660207962,39
FP1-F7,2,ictal,34.5,3.3391748042919014,39
FP1-F7,2,ictal,35.0,3.400693195076876,39
FP1-F7,2,ictal,35.5,4.237692758794455,39
FP1-F7,2,ictal,36.0,8.19812540462868,39
FP1-F7,2,ictal,36.5,6.159802929988204,39
FP1-F7,2,ictal,37.0,3.667239891466519,39
FP1-F7,2,ictal,37.5,2.9740527058817054,39
FP1-F7,2,ictal,38.0,1.8789688060195224,39
FP1-F7,2,ictal,38.5,2.696953477398524,39
FP1-F7,2,ictal,39.0,3.4910540861707795,39
FP1-F7,2,ictal,39.5,1.4389039162358364,39
FP1-F7,2,ictal,40.0,0.9281223541536769,39
FP1-F7,2,sin_crisis_anotada,0.5,49.26581983313085,238
FP1-F7,2,sin_crisis_anotada,1.0,92.0879678756081,238
FP1-F7,2,sin_crisis_anotada,1.5,126.8212914399063,238
FP1-F7,2,sin_crisis_anotada,2.0,91.93754647065609,238
FP1-F7,2,sin_crisis_anotada,2.5,52.41428231952213,238
FP1-F7,2,sin_crisis_anotada,3.0,46.757873385302986,238
FP1-F7,2,sin_crisis_anotada,3.5,38.71277312356489,238
FP1-F7,2,sin_crisis_anotada,4.0,22.66367051162471,238
FP1-F7,2,sin_crisis_anotada,4.5,21.326870521172992,238
FP1-F7,2,sin_crisis_anotada,5.0,14.082720823029677,238
FP1-F7,2,sin_crisis_anotada,5.5,16.306780497449008,238
FP1-F7,2,sin_crisis_anotada,6.0,13.914808238189602,238
FP1-F7,2,sin_crisis_anotada,6.5,10.531517484942547,238
FP1-F7,2,sin_crisis_anotada,7.0,8.527823041295292,238
FP1-F7,2,sin_crisis_anotada,7.5,6.433322558886716,238
FP1-F7,2,sin_crisis_anotada,8.0,5.074895756574707,238
FP1-F7,2,sin_crisis_anotada,8.5,3.098475420950739,238
FP1-F7,2,sin_crisis_anotada,9.0,2.963207324455082,238
FP1-F7,2,sin_crisis_anotada,9.5,3.2250022125344175,238
FP1-F7,2,sin_crisis_anotada,10.0,2.0797208721150193,238
FP1-F7,2,sin_crisis_anotada,10.5,2.828102528013221,238
FP1-F7,2,sin_crisis_anotada,11.0,3.02005971141001,238
FP1-F7,2,sin_crisis_anotada,11.5,2.7331444990484615,238
FP1-F7,2,sin_crisis_anotada,12.0,2.332117751564235,238
FP1-F7,2,sin_crisis_anotada,12.5,2.1145916464727215,238
FP1-F7,2,sin_crisis_anotada,13.0,2.1411117616140127,238
FP1-F7,2,sin_crisis_anotada,13.5,1.5970849736843853,238
FP1-F7,2,sin_crisis_anotada,14.0,1.5474834542252243,238
FP1-F7,2,sin_crisis_anotada,14.5,1.1335791527173478,238
FP1-F7,2,sin_crisis_anotada,15.0,0.9789295631474948,238
FP1-F7,2,sin_crisis_anotada,15.5,6.88201576570886,238
FP1-F7,2,sin_crisis_anotada,16.0,23.443787840754432,238
FP1-F7,2,sin_crisis_anotada,16.5,6.65438693364101,238
FP1-F7,2,sin_crisis_anotada,17.0,0.715435183050479,238
FP1-F7,2,sin_crisis_anotada,17.5,0.686030088212189,238
FP1-F7,2,sin_crisis_anotada,18.0,0.5673852452232924,238
FP1-F7,2,sin_crisis_anotada,18.5,0.5276392967028698,238
FP1-F7,2,sin_crisis_anotada,19.0,0.48027589379817803,238
FP1-F7,2,sin_crisis_anotada,19.5,0.5473735819255761,238
FP1-F7,2,sin_crisis_anotada,20.0,0.507208529783286,238
FP1-F7,2,sin_crisis_anotada,20.5,0.434740831391733,238
FP1-F7,2,sin_crisis_anotada,21.0,0.30215905011707583,238
FP1-F7,2,sin_crisis_anotada,21.5,0.27868948512699904,238
FP1-F7,2,sin_crisis_anotada,22.0,0.3211717421608532,238
FP1-F7,2,sin_crisis_anotada,22.5,0.31681068584441563,238
FP1-F7,2,sin_crisis_anotada,23.0,0.3147885627966496,238
FP1-F7,2,sin_crisis_anotada,23.5,0.32802436059875373,238
FP1-F7,2,sin_crisis_anotada,24.0,0.35255662240875163,238
FP1-F7,2,sin_crisis_anotada,24.5,0.23631077391493666,238
FP1-F7,2,sin_crisis_anotada,25.0,0.22394058817782042,238
FP1-F7,2,sin_crisis_anotada,25.5,0.20674423594210545,238
FP1-F7,2,sin_crisis_anotada,26.0,0.1791058476597761,238
FP1-F7,2,sin_crisis_anotada,26.5,0.14467520796370453,238
FP1-F7,2,sin_crisis_anotada,27.0,0.1369294755518652,238
FP1-F7,2,sin_crisis_anotada,27.5,0.12377076914813971,238
FP1-F7,2,sin_crisis_anotada,28.0,0.16367850534282433,238
FP1-F7,2,sin_crisis_anotada,28.5,0.11290598135085063,238
FP1-F7,2,sin_crisis_anotada,29.0,0.12365879097250765,238
FP1-F7,2,sin_crisis_anotada,29.5,0.11605248925103695,238
FP1-F7,2,sin_crisis_anotada,30.0,0.08141955571348113,238
FP1-F7,2,sin_crisis_anotada,30.5,0.08125778290775379,238
FP1-F7,2,sin_crisis_anotada,31.0,0.07727053044297194,238
FP1-F7,2,sin_crisis_anotada,31.5,2.3739556769141608,238
FP1-F7,2,sin_crisis_anotada,32.0,7.672609399644742,238
FP1-F7,2,sin_crisis_anotada,32.5,2.431711154530719,238
FP1-F7,2,sin_crisis_anotada,33.0,0.05808859018303568,238
FP1-F7,2,sin_crisis_anotada,33.5,0.05302941254604579,238
FP1-F7,2,sin_crisis_anotada,34.0,0.06321828034572335,238
FP1-F7,2,sin_crisis_anotada,34.5,0.046853441033459536,238
FP1-F7,2,sin_crisis_anotada,35.0,0.041214682432272325,238
FP1-F7,2,sin_crisis_anotada,35.5,0.0442247923167281,238
FP1-F7,2,sin_crisis_anotada,36.0,0.05413609365233915,238
FP1-F7,2,sin_crisis_anotada,36.5,0.036400152517093456,238
FP1-F7,2,sin_crisis_anotada,37.0,0.024469778043002967,238
FP1-F7,2,sin_crisis_anotada,37.5,0.024502679655502554,238
FP1-F7,2,sin_crisis_anotada,38.0,0.019096690942495612,238
FP1-F7,2,sin_crisis_anotada,38.5,0.0175861057877241,238
FP1-F7,2,sin_crisis_anotada,39.0,0.015620358591801147,238
FP1-F7,2,sin_crisis_anotada,39.5,0.013330859877666624,238
FP1-F7,2,sin_crisis_anotada,40.0,0.013207898845792342,238
FP1-F7,2,transicion,0.5,288.77318634549624,2
FP1-F7,2,transicion,1.0,530.6820098008252,2
FP1-F7,2,transicion,1.5,190.43606573760133,2
FP1-F7,2,transicion,2.0,1923.0213104017037,2
FP1-F7,2,transicion,2.5,1672.2996832136712,2
FP1-F7,2,transicion,3.0,457.970185669531,2
FP1-F7,2,transicion,3.5,275.0356639244102,2
FP1-F7,2,transicion,4.0,25.32786839554227,2
FP1-F7,2,transicion,4.5,103.0384458977561,2
FP1-F7,2,transicion,5.0,28.3195249351771,2
FP1-F7,2,transicion,5.5,52.892297111952466,2
FP1-F7,2,transicion,6.0,60.49255861436154,2
FP1-F7,2,transicion,6.5,142.90977567517172,2
FP1-F7,2,transicion,7.0,48.63280792057386,2
FP1-F7,2,transicion,7.5,127.21066635775661,2
FP1-F7,2,transicion,8.0,68.17485801283645,2
FP1-F7,2,transicion,8.5,39.52864549209172,2
FP1-F7,2,transicion,9.0,100.72517619358952,2
FP1-F7,2,transicion,9.5,28.20599602184178,2
FP1-F7,2,transicion,10.0,7.733349185410422,2
FP1-F7,2,transicion,10.5,15.523797621319046,2
FP1-F7,2,transicion,11.0,11.468674145140657,2
FP1-F7,2,transicion,11.5,17.21459151438514,2
FP1-F7,2,transicion,12.0,19.002832355093414,2
FP1-F7,2,transicion,12.5,50.338124990995105,2
FP1-F7,2,transicion,13.0,30.574032163438677,2
FP1-F7,2,transicion,13.5,0.9502708710787127,2
FP1-F7,2,transicion,14.0,7.777786574214401,2
FP1-F7,2,transicion,14.5,8.014195466040128,2
FP1-F7,2,transicion,15.0,10.692035561786723,2
FP1-F7,2,transicion,15.5,12.362574865217567,2
FP1-F7,2,transicion,16.0,14.85976541297106,2
FP1-F7,2,transicion,16.5,1.8588483017309525,2
FP1-F7,2,transicion,17.0,0.5661686076810013,2
FP1-F7,2,transicion,17.5,1.0346633206413072,2
FP1-F7,2,transicion,18.0,1.0223034745643949,2
FP1-F7,2,transicion,18.5,1.1417760703659334,2
FP1-F7,2,transicion,19.0,0.2798663716724749,2
FP1-F7,2,transicion,19.5,0.6221041657502432,2
FP1-F7,2,transicion,20.0,0.24091145425864094,2
FP1-F7,2,transicion,20.5,0.7704852074716105,2
FP1-F7,2,transicion,21.0,0.6088053597719862,2
FP1-F7,2,transicion,21.5,0.787032652121796,2
FP1-F7,2,transicion,22.0,2.0452107263548656,2
FP1-F7,2,transicion,22.5,1.2679502201663104,2
FP1-F7,2,transicion,23.0,0.22783361230238966,2
FP1-F7,2,transicion,23.5,0.7322445568925522,2
FP1-F7,2,transicion,24.0,0.3583648242975822,2
FP1-F7,2,transicion,24.5,0.08950641854068105,2
FP1-F7,2,transicion,25.0,0.5111187503620627,2
FP1-F7,2,transicion,25.5,0.5665873117314303,2
FP1-F7,2,transicion,26.0,0.18913395362449467,2
FP1-F7,2,transicion,26.5,0.3307930806714522,2
FP1-F7,2,transicion,27.0,0.7194485892824216,2
FP1-F7,2,transicion,27.5,0.38822023493267677,2
FP1-F7,2,transicion,28.0,0.14942724538833185,2
FP1-F7,2,transicion,28.5,0.5915716912505047,2
FP1-F7,2,transicion,29.0,0.5985173424963853,2
FP1-F7,2,transicion,29.5,0.22311867054223383,2
FP1-F7,2,transicion,30.0,0.21451538166107206,2
FP1-F7,2,transicion,30.5,0.08156123609698805,2
FP1-F7,2,transicion,31.0,0.20572422436475557,2
FP1-F7,2,transicion,31.5,2.618730406393695,2
FP1-F7,2,transicion,32.0,13.801078553946912,2
FP1-F7,2,transicion,32.5,3.649521816487255,2
FP1-F7,2,transicion,33.0,0.13732054095091534,2
FP1-F7,2,transicion,33.5,0.27031949117331683,2
FP1-F7,2,transicion,34.0,0.46060237732487347,2
FP1-F7,2,transicion,34.5,0.667673405605885,2
FP1-F7,2,transicion,35.0,0.669142004153005,2
FP1-F7,2,transicion,35.5,0.5265567240797742,2
FP1-F7,2,transicion,36.0,0.3325473589238933,2
FP1-F7,2,transicion,36.5,0.10656791924917917,2
FP1-F7,2,transicion,37.0,0.1358057449084502,2
FP1-F7,2,transicion,37.5,0.34389198299938706,2
FP1-F7,2,transicion,38.0,0.5682488216088415,2
FP1-F7,2,transicion,38.5,0.38562382740723755,2
FP1-F7,2,transicion,39.0,0.2989176561160486,2
FP1-F7,2,transicion,39.5,0.5153448054696371,2
FP1-F7,2,transicion,40.0,0.2982059530029264,2
FP1-F7,4,ictal,0.5,833.3361459566303,19
FP1-F7,4,ictal,1.0,2141.3133356944363,19
FP1-F7,4,ictal,1.5,3328.78013587181,19
FP1-F7,4,ictal,2.0,2737.7441272927313,19
FP1-F7,4,ictal,2.5,1853.6388813581164,19
FP1-F7,4,ictal,3.0,1967.1498996229639,19
FP1-F7,4,ictal,3.5,1161.4116373262761,19
FP1-F7,4,ictal,4.0,426.7759055002794,19
FP1-F7,4,ictal,4.5,268.51782568935784,19
FP1-F7,4,ictal,5.0,316.594554843851,19
FP1-F7,4,ictal,5.5,304.0465358939629,19
FP1-F7,4,ictal,6.0,358.34764693963984,19
FP1-F7,4,ictal,6.5,267.22793278969056,19
FP1-F7,4,ictal,7.0,150.02887810436752,19
FP1-F7,4,ictal,7.5,75.57825152644706,19
FP1-F7,4,ictal,8.0,44.12756177587779,19
FP1-F7,4,ictal,8.5,36.210251868130776,19
FP1-F7,4,ictal,9.0,21.102887797082932,19
FP1-F7,4,ictal,9.5,16.71406086506972,19
FP1-F7,4,ictal,10.0,19.9198428157792,19
FP1-F7,4,ictal,10.5,18.65631674243202,19
FP1-F7,4,ictal,11.0,9.21345220274131,19
FP1-F7,4,ictal,11.5,11.336533640079827,19
FP1-F7,4,ictal,12.0,7.579308980934411,19
FP1-F7,4,ictal,12.5,11.021438584401674,19
FP1-F7,4,ictal,13.0,10.920592040662521,19
FP1-F7,4,ictal,13.5,8.110604011134496,19
FP1-F7,4,ictal,14.0,10.743785717473301,19
FP1-F7,4,ictal,14.5,10.424631554524018,19
FP1-F7,4,ictal,15.0,6.971955653434978,19
FP1-F7,4,ictal,15.5,9.819731940626179,19
FP1-F7,4,ictal,16.0,31.714946784434975,19
FP1-F7,4,ictal,16.5,14.19230812008301,19
FP1-F7,4,ictal,17.0,9.17326716364019,19
FP1-F7,4,ictal,17.5,5.504323074214176,19
FP1-F7,4,ictal,18.0,7.36951063712592,19
FP1-F7,4,ictal,18.5,6.090839029921003,19
FP1-F7,4,ictal,19.0,10.958093142309528,19
FP1-F7,4,ictal,19.5,8.673586627727877,19
FP1-F7,4,ictal,20.0,6.5241259533229154,19
FP1-F7,4,ictal,20.5,11.061513075479077,19
FP1-F7,4,ictal,21.0,6.250518643328841,19
FP1-F7,4,ictal,21.5,10.593290647517183,19
FP1-F7,4,ictal,22.0,10.285400046693075,19
FP1-F7,4,ictal,22.5,6.785479663854477,19
FP1-F7,4,ictal,23.0,7.588497186491087,19
FP1-F7,4,ictal,23.5,11.537520048120534,19
FP1-F7,4,ictal,24.0,14.3384550286319,19
FP1-F7,4,ictal,24.5,10.277551871938215,19
FP1-F7,4,ictal,25.0,11.122623507308143,19
FP1-F7,4,ictal,25.5,6.291232226820821,19
FP1-F7,4,ictal,26.0,15.88581968327106,19
FP1-F7,4,ictal,26.5,13.660091548471756,19
FP1-F7,4,ictal,27.0,17.986360209066167,19
FP1-F7,4,ictal,27.5,15.165107579334354,19
FP1-F7,4,ictal,28.0,11.665425267009597,19
FP1-F7,4,ictal,28.5,6.384734731127751,19
FP1-F7,4,ictal,29.0,5.872012508544931,19
FP1-F7,4,ictal,29.5,10.195739635077162,19
FP1-F7,4,ictal,30.0,15.99754058728299,19
FP1-F7,4,ictal,30.5,15.174306829359942,19
FP1-F7,4,ictal,31.0,8.818013317677211,19
FP1-F7,4,ictal,31.5,14.51159138240851,19
FP1-F7,4,ictal,32.0,30.637786374429922,19
FP1-F7,4,ictal,32.5,11.975612000812196,19
FP1-F7,4,ictal,33.0,8.62858444478558,19
FP1-F7,4,ictal,33.5,5.4978885189687965,19
FP1-F7,4,ictal,34.0,5.361924148177049,19
FP1-F7,4,ictal,34.5,9.786766678035535,19
FP1-F7,4,ictal,35.0,11.217609361295521,19
FP1-F7,4,ictal,35.5,8.691128009205677,19
FP1-F7,4,ictal,36.0,14.793776776042257,19
FP1-F7,4,ictal,36.5,7.052107315412748,19
FP1-F7,4,ictal,37.0,4.968487018057545,19
FP1-F7,4,ictal,37.5,5.110434838974551,19
FP1-F7,4,ictal,38.0,6.637995451727782,19
FP1-F7,4,ictal,38.5,9.240511866111069,19
FP1-F7,4,ictal,39.0,8.200414815749093,19
FP1-F7,4,ictal,39.5,4.826096948351672,19
FP1-F7,4,ictal,40.0,2.415683365521581,19
FP1-F7,4,sin_crisis_anotada,0.5,61.12555783655087,118
FP1-F7,4,sin_crisis_anotada,1.0,141.85942436829998,118
FP1-F7,4,sin_crisis_anotada,1.5,168.62577945497281,118
FP1-F7,4,sin_crisis_anotada,2.0,120.1195345181544,118
FP1-F7,4,sin_crisis_anotada,2.5,67.62791248593513,118
FP1-F7,4,sin_crisis_anotada,3.0,53.9898383085325,118
FP1-F7,4,sin_crisis_anotada,3.5,46.70376945662427,118
FP1-F7,4,sin_crisis_anotada,4.0,27.55447662024384,118
FP1-F7,4,sin_crisis_anotada,4.5,24.835256453412807,118
FP1-F7,4,sin_crisis_anotada,5.0,20.929515533502503,118
FP1-F7,4,sin_crisis_anotada,5.5,19.947372768428494,118
FP1-F7,4,sin_crisis_anotada,6.0,19.87831213312638,118
FP1-F7,4,sin_crisis_anotada,6.5,16.923196587234294,118
FP1-F7,4,sin_crisis_anotada,7.0,15.480633146391376,118
FP1-F7,4,sin_crisis_anotada,7.5,9.316142685964644,118
FP1-F7,4,sin_crisis_anotada,8.0,6.507660066370425,118
FP1-F7,4,sin_crisis_anotada,8.5,4.640138590169423,118
FP1-F7,4,sin_crisis_anotada,9.0,4.094647285332937,118
FP1-F7,4,sin_crisis_anotada,9.5,4.566643135116204,118
FP1-F7,4,sin_crisis_anotada,10.0,4.070135567740096,118
FP1-F7,4,sin_crisis_anotada,10.5,4.864014596582614,118
FP1-F7,4,sin_crisis_anotada,11.0,5.29876742233568,118
FP1-F7,4,sin_crisis_anotada,11.5,4.671855593885672,118
FP1-F7,4,sin_crisis_anotada,12.0,4.607442421258542,118
FP1-F7,4,sin_crisis_anotada,12.5,3.634862374973922,118
FP1-F7,4,sin_crisis_anotada,13.0,3.693388537111894,118
FP1-F7,4,sin_crisis_anotada,13.5,2.505955077353998,118
FP1-F7,4,sin_crisis_anotada,14.0,1.9269320848553355,118
FP1-F7,4,sin_crisis_anotada,14.5,1.6367212841850498,118
FP1-F7,4,sin_crisis_anotada,15.0,1.2995126955850638,118
FP1-F7,4,sin_crisis_anotada,15.5,6.910034950036179,118
FP1-F7,4,sin_crisis_anotada,16.0,18.94939350469288,118
FP1-F7,4,sin_crisis_anotada,16.5,6.558309698119233,118
FP1-F7,4,sin_crisis_anotada,17.0,0.8883332991879955,118
FP1-F7,4,sin_crisis_anotada,17.5,0.8502876838374533,118
FP1-F7,4,sin_crisis_anotada,18.0,0.7545160759965366,118
FP1-F7,4,sin_crisis_anotada,18.5,0.7768377519393124,118
FP1-F7,4,sin_crisis_anotada,19.0,0.70971872920947,118
FP1-F7,4,sin_crisis_anotada,19.5,0.5968555756230215,118
FP1-F7,4,sin_crisis_anotada,20.0,0.5986330697523401,118
FP1-F7,4,sin_crisis_anotada,20.5,0.47721665395187746,118
FP1-F7,4,sin_crisis_anotada,21.0,0.4050827922465032,118
FP1-F7,4,sin_crisis_anotada,21.5,0.49062731943177074,118
FP1-F7,4,sin_crisis_anotada,22.0,0.5002615608433105,118
FP1-F7,4,sin_crisis_anotada,22.5,0.4874591704957492,118
FP1-F7,4,sin_crisis_anotada,23.0,0.4820992888548371,118
FP1-F7,4,sin_crisis_anotada,23.5,0.4535489361145081,118
FP1-F7,4,sin_crisis_anotada,24.0,0.40136902404358316,118
FP1-F7,4,sin_crisis_anotada,24.5,0.28799808967187335,118
FP1-F7,4,sin_crisis_anotada,25.0,0.3049591659320374,118
FP1-F7,4,sin_crisis_anotada,25.5,0.24394504452966012,118
FP1-F7,4,sin_crisis_anotada,26.0,0.21929408097845063,118
FP1-F7,4,sin_crisis_anotada,26.5,0.15469716193351063,118
FP1-F7,4,sin_crisis_anotada,27.0,0.1701411961307123,118
FP1-F7,4,sin_crisis_anotada,27.5,0.1674297419572681,118
FP1-F7,4,sin_crisis_anotada,28.0,0.20124656051799972,118
FP1-F7,4,sin_crisis_anotada,28.5,0.16758420932121226,118
FP1-F7,4,sin_crisis_anotada,29.0,0.1551394247527162,118
FP1-F7,4,sin_crisis_anotada,29.5,0.14076367343836313,118
FP1-F7,4,sin_crisis_anotada,30.0,0.09703717984207072,118
FP1-F7,4,sin_crisis_anotada,30.5,0.09576138471194223,118
FP1-F7,4,sin_crisis_anotada,31.0,0.09767226045286648,118
FP1-F7,4,sin_crisis_anotada,31.5,2.440589700209567,118
FP1-F7,4,sin_crisis_anotada,32.0,12.448316252651527,118
FP1-F7,4,sin_crisis_anotada,32.5,3.7778333580217662,118
FP1-F7,4,sin_crisis_anotada,33.0,0.07207131754563875,118
FP1-F7,4,sin_crisis_anotada,33.5,0.06898243463568794,118
FP1-F7,4,sin_crisis_anotada,34.0,0.07032107008182478,118
FP1-F7,4,sin_crisis_anotada,34.5,0.053606454317839405,118
FP1-F7,4,sin_crisis_anotada,35.0,0.05080003533301369,118
FP1-F7,4,sin_crisis_anotada,35.5,0.063120686439007,118
FP1-F7,4,sin_crisis_anotada,36.0,0.06444822064515299,118
FP1-F7,4,sin_crisis_anotada,36.5,0.042543408807033625,118
FP1-F7,4,sin_crisis_anotada,37.0,0.032659182280159293,118
FP1-F7,4,sin_crisis_anotada,37.5,0.028309224402404867,118
FP1-F7,4,sin_crisis_anotada,38.0,0.023450101480877936,118
FP1-F7,4,sin_crisis_anotada,38.5,0.021316005334941237,118
FP1-F7,4,sin_crisis_anotada,39.0,0.019877611480361143,118
FP1-F7,4,sin_crisis_anotada,39.5,0.018014485519307653,118
FP1-F7,4,sin_crisis_anotada,40.0,0.016085332451694426,118
FP1-F7,4,transicion,0.5,344.79833305513586,2
FP1-F7,4,transicion,1.0,993.0407201302935,2
FP1-F7,4,transicion,1.5,996.3398455123123,2
FP1-F7,4,transicion,2.0,1824.4893906499324,2
FP1-F7,4,transicion,2.5,1881.0457017989067,2
FP1-F7,4,transicion,3.0,2372.9719202148117,2
FP1-F7,4,transicion,3.5,1315.6943520723069,2
FP1-F7,4,transicion,4.0,263.95380174738125,2
FP1-F7,4,transicion,4.5,160.5893431003322,2
FP1-F7,4,transicion,5.0,208.1813135198795,2
FP1-F7,4,transicion,5.5,192.45794904036222,2
FP1-F7,4,transicion,6.0,161.90067953043553,2
FP1-F7,4,transicion,6.5,127.80378013724385,2
FP1-F7,4,transicion,7.0,104.8603766898211,2
FP1-F7,4,transicion,7.5,107.18396325792237,2
FP1-F7,4,transicion,8.0,40.91379482910039,2
FP1-F7,4,transicion,8.5,53.9540386959893,2
FP1-F7,4,transicion,9.0,59.55315943249233,2
FP1-F7,4,transicion,9.5,24.464816903782403,2
FP1-F7,4,transicion,10.0,58.53553253414394,2
FP1-F7,4,transicion,10.5,82.27621804262135,2
FP1-F7,4,transicion,11.0,21.161600004135973,2
FP1-F7,4,transicion,11.5,21.613329783745726,2
FP1-F7,4,transicion,12.0,22.32406705683779,2
FP1-F7,4,transicion,12.5,23.48800061247535,2
FP1-F7,4,transicion,13.0,12.894420640875195,2
FP1-F7,4,transicion,13.5,2.3455149520860137,2
FP1-F7,4,transicion,14.0,3.245957067234658,2
FP1-F7,4,transicion,14.5,5.8376097407453855,2
FP1-F7,4,transicion,15.0,5.254834141384405,2
FP1-F7,4,transicion,15.5,12.94252246950224,2
FP1-F7,4,transicion,16.0,28.890182783320945,2
FP1-F7,4,transicion,16.5,9.995153145329017,2
FP1-F7,4,transicion,17.0,2.0065659537993135,2
FP1-F7,4,transicion,17.5,2.3154607667462708,2
FP1-F7,4,transicion,18.0,1.7665196179360987,2
FP1-F7,4,transicion,18.5,1.3345346307996468,2
FP1-F7,4,transicion,19.0,0.8748626947442918,2
FP1-F7,4,transicion,19.5,0.8108474936496486,2
FP1-F7,4,transicion,20.0,0.35372401183553515,2
FP1-F7,4,transicion,20.5,0.6518856697765838,2
FP1-F7,4,transicion,21.0,0.3931502376401149,2
FP1-F7,4,transicion,21.5,0.7834248973502821,2
FP1-F7,4,transicion,22.0,1.013084395471198,2
FP1-F7,4,transicion,22.5,1.1317671969088448,2
FP1-F7,4,transicion,23.0,0.37359117590055757,2
FP1-F7,4,transicion,23.5,0.6151231907359156,2
FP1-F7,4,transicion,24.0,0.36108453767364923,2
FP1-F7,4,transicion,24.5,0.2779332635186479,2
FP1-F7,4,transicion,25.0,0.3292399485494166,2
FP1-F7,4,transicion,25.5,0.5593602900706767,2
FP1-F7,4,transicion,26.0,0.5765093512473225,2
FP1-F7,4,transicion,26.5,0.776935435412465,2
FP1-F7,4,transicion,27.0,0.7357584799570689,2
FP1-F7,4,transicion,27.5,0.5420721399422422,2
FP1-F7,4,transicion,28.0,0.2831726580530138,2
FP1-F7,4,transicion,28.5,0.6115980984209177,2
FP1-F7,4,transicion,29.0,0.5077667125235827,2
FP1-F7,4,transicion,29.5,0.530681008471271,2
FP1-F7,4,transicion,30.0,0.8577654194538145,2
FP1-F7,4,transicion,30.5,0.7676491894803517,2
FP1-F7,4,transicion,31.0,0.6086124547518601,2
FP1-F7,4,transicion,31.5,3.9011736571219497,2
FP1-F7,4,transicion,32.0,15.96640657814033,2
FP1-F7,4,transicion,32.5,4.461530340131242,2
FP1-F7,4,transicion,33.0,0.33737318122034216,2
FP1-F7,4,transicion,33.5,0.3468827658044766,2
FP1-F7,4,transicion,34.0,0.356562826850162,2
FP1-F7,4,transicion,34.5,0.3357817769993578,2
FP1-F7,4,transicion,35.0,0.3099298239491285,2
FP1-F7,4,transicion,35.5,0.27845896494679867,2
FP1-F7,4,transicion,36.0,0.1601521165702656,2
FP1-F7,4,transicion,36.5,0.07857058190783435,2
FP1-F7,4,transicion,37.0,0.10743388083706036,2
FP1-F7,4,transicion,37.5,0.15985469633448857,2
FP1-F7,4,transicion,38.0,0.21990074408575572,2
FP1-F7,4,transicion,38.5,0.22484178054031834,2
FP1-F7,4,transicion,39.0,0.20443166029994453,2
FP1-F7,4,transicion,39.5,0.2173391196725086,2
FP1-F7,4,transicion,40.0,0.1775967170613228,2
FP1-F7,8,ictal,0.5,920.7077641600084,9
FP1-F7,8,ictal,1.0,2419.9371846996714,9
FP1-F7,8,ictal,1.5,3343.092010138258,9
FP1-F7,8,ictal,2.0,3196.59726682613,9
FP1-F7,8,ictal,2.5,1862.974626953562,9
FP1-F7,8,ictal,3.0,3134.1475639152877,9
FP1-F7,8,ictal,3.5,1655.58683536062,9
FP1-F7,8,ictal,4.0,711.5940673131714,9
FP1-F7,8,ictal,4.5,290.434891843975,9
FP1-F7,8,ictal,5.0,314.4513791071622,9
FP1-F7,8,ictal,5.5,437.35926973644956,9
FP1-F7,8,ictal,6.0,390.54630343899015,9
FP1-F7,8,ictal,6.5,295.50178638885427,9
FP1-F7,8,ictal,7.0,181.03050576550956,9
FP1-F7,8,ictal,7.5,54.24945844062318,9
FP1-F7,8,ictal,8.0,48.611189798194914,9
FP1-F7,8,ictal,8.5,33.5153590487404,9
FP1-F7,8,ictal,9.0,26.325314757267186,9
FP1-F7,8,ictal,9.5,15.305811185034093,9
FP1-F7,8,ictal,10.0,34.103101588196914,9
FP1-F7,8,ictal,10.5,32.823814806607515,9
FP1-F7,8,ictal,11.0,15.726781937354605,9
FP1-F7,8,ictal,11.5,13.954988423125007,9
FP1-F7,8,ictal,12.0,10.142743729418864,9
FP1-F7,8,ictal,12.5,8.656352013431444,9
FP1-F7,8,ictal,13.0,12.555732267334266,9
FP1-F7,8,ictal,13.5,11.063503734025758,9
FP1-F7,8,ictal,14.0,11.312403923062096,9
FP1-F7,8,ictal,14.5,11.249914488416623,9
FP1-F7,8,ictal,15.0,6.434570225872669,9
FP1-F7,8,ictal,15.5,14.383075180691746,9
FP1-F7,8,ictal,16.0,27.82865377142644,9
FP1-F7,8,ictal,16.5,13.884782107302401,9
FP1-F7,8,ictal,17.0,12.853970450273684,9
FP1-F7,8,ictal,17.5,6.359890078915247,9
FP1-F7,8,ictal,18.0,9.317505574490637,9
FP1-F7,8,ictal,18.5,8.509933451701793,9
FP1-F7,8,ictal,19.0,18.23129968586149,9
FP1-F7,8,ictal,19.5,16.052334914558607,9
FP1-F7,8,ictal,20.0,14.499129764328544,9
FP1-F7,8,ictal,20.5,13.443317464651622,9
FP1-F7,8,ictal,21.0,10.082961075421304,9
FP1-F7,8,ictal,21.5,10.536587226909164,9
FP1-F7,8,ictal,22.0,14.250059598810356,9
FP1-F7,8,ictal,22.5,10.912583577480527,9
FP1-F7,8,ictal,23.0,7.954761681982318,9
FP1-F7,8,ictal,23.5,14.913019726603254,9
FP1-F7,8,ictal,24.0,18.23876880669116,9
FP1-F7,8,ictal,24.5,13.263024179625956,9
FP1-F7,8,ictal,25.0,13.404984846540682,9
FP1-F7,8,ictal,25.5,9.043714430365856,9
FP1-F7,8,ictal,26.0,13.094407752998345,9
FP1-F7,8,ictal,26.5,15.979704158747255,9
FP1-F7,8,ictal,27.0,12.890095858339716,9
FP1-F7,8,ictal,27.5,12.20323861802694,9
FP1-F7,8,ictal,28.0,10.278644097350485,9
FP1-F7,8,ictal,28.5,14.161373334733783,9
FP1-F7,8,ictal,29.0,8.738087934121404,9
FP1-F7,8,ictal,29.5,11.964800680449638,9
FP1-F7,8,ictal,30.0,12.709655583147148,9
FP1-F7,8,ictal,30.5,15.567236407283898,9
FP1-F7,8,ictal,31.0,13.335844268545127,9
FP1-F7,8,ictal,31.5,13.01413796984536,9
FP1-F7,8,ictal,32.0,26.499694164482573,9
FP1-F7,8,ictal,32.5,15.29407935519893,9
FP1-F7,8,ictal,33.0,10.032311393768989,9
FP1-F7,8,ictal,33.5,4.894534241220863,9
FP1-F7,8,ictal,34.0,7.466417927748909,9
FP1-F7,8,ictal,34.5,15.852066914394054,9
FP1-F7,8,ictal,35.0,15.953541742763223,9
FP1-F7,8,ictal,35.5,20.773909441657775,9
FP1-F7,8,ictal,36.0,18.73873052834752,9
FP1-F7,8,ictal,36.5,15.630424791291968,9
FP1-F7,8,ictal,37.0,10.316549465573743,9
FP1-F7,8,ictal,37.5,8.158775256919187,9
FP1-F7,8,ictal,38.0,4.973897895771195,9
FP1-F7,8,ictal,38.5,8.780774292961826,9
FP1-F7,8,ictal,39.0,11.360066526412094,9
FP1-F7,8,ictal,39.5,6.081644712104203,9
FP1-F7,8,ictal,40.0,2.875420986826725,9
FP1-F7,8,sin_crisis_anotada,0.5,74.63188393559264,58
FP1-F7,8,sin_crisis_anotada,1.0,176.36070297531086,58
FP1-F7,8,sin_crisis_anotada,1.5,187.322012767805,58
FP1-F7,8,sin_crisis_anotada,2.0,125.70164695074807,58
FP1-F7,8,sin_crisis_anotada,2.5,77.43786001177058,58
FP1-F7,8,sin_crisis_anotada,3.0,58.21468938557007,58
FP1-F7,8,sin_crisis_anotada,3.5,50.103048252327675,58
FP1-F7,8,sin_crisis_anotada,4.0,33.58301350357613,58
FP1-F7,8,sin_crisis_anotada,4.5,25.55196074148725,58
FP1-F7,8,sin_crisis_anotada,5.0,22.836350025644364,58
FP1-F7,8,sin_crisis_anotada,5.5,22.24698116727902,58
FP1-F7,8,sin_crisis_anotada,6.0,23.013700391600665,58
FP1-F7,8,sin_crisis_anotada,6.5,18.522967145402003,58
FP1-F7,8,sin_crisis_anotada,7.0,16.26759727377125,58
FP1-F7,8,sin_crisis_anotada,7.5,12.510558436761908,58
FP1-F7,8,sin_crisis_anotada,8.0,8.433639251660782,58
FP1-F7,8,sin_crisis_anotada,8.5,5.7348384128361545,58
FP1-F7,8,sin_crisis_anotada,9.0,5.183449293882486,58
FP1-F7,8,sin_crisis_anotada,9.5,5.797380048721923,58
FP1-F7,8,sin_crisis_anotada,10.0,6.413846529787767,58
FP1-F7,8,sin_crisis_anotada,10.5,7.212563444451369,58
FP1-F7,8,sin_crisis_anotada,11.0,13.186358803123316,58
FP1-F7,8,sin_crisis_anotada,11.5,7.180119364863649,58
FP1-F7,8,sin_crisis_anotada,12.0,5.852631790946987,58
FP1-F7,8,sin_crisis_anotada,12.5,5.376549632455582,58
FP1-F7,8,sin_crisis_anotada,13.0,5.209666221923857,58
FP1-F7,8,sin_crisis_anotada,13.5,3.166774920959432,58
FP1-F7,8,sin_crisis_anotada,14.0,2.333308609971386,58
FP1-F7,8,sin_crisis_anotada,14.5,2.047613596346345,58
FP1-F7,8,sin_crisis_anotada,15.0,1.6857848683975662,58
FP1-F7,8,sin_crisis_anotada,15.5,6.4174289078165785,58
FP1-F7,8,sin_crisis_anotada,16.0,21.736870318355454,58
FP1-F7,8,sin_crisis_anotada,16.5,7.043492489527289,58
FP1-F7,8,sin_crisis_anotada,17.0,1.133481063959413,58
FP1-F7,8,sin_crisis_anotada,17.5,0.9872133137928603,58
FP1-F7,8,sin_crisis_anotada,18.0,0.8319700904396856,58
FP1-F7,8,sin_crisis_anotada,18.5,0.7798455834967134,58
FP1-F7,8,sin_crisis_anotada,19.0,0.7236354750452502,58
FP1-F7,8,sin_crisis_anotada,19.5,0.7446675161586281,58
FP1-F7,8,sin_crisis_anotada,20.0,0.706354515381915,58
FP1-F7,8,sin_crisis_anotada,20.5,0.5406162017760385,58
FP1-F7,8,sin_crisis_anotada,21.0,0.49489785789782453,58
FP1-F7,8,sin_crisis_anotada,21.5,0.523963396800708,58
FP1-F7,8,sin_crisis_anotada,22.0,0.6681376650540416,58
FP1-F7,8,sin_crisis_anotada,22.5,0.612318491655301,58
FP1-F7,8,sin_crisis_anotada,23.0,0.58675554711675,58
FP1-F7,8,sin_crisis_anotada,23.5,0.5295950120495405,58
FP1-F7,8,sin_crisis_anotada,24.0,0.5064303128506565,58
FP1-F7,8,sin_crisis_anotada,24.5,0.3380051957968589,58
FP1-F7,8,sin_crisis_anotada,25.0,0.333262825374285,58
FP1-F7,8,sin_crisis_anotada,25.5,0.30067132646156824,58
FP1-F7,8,sin_crisis_anotada,26.0,0.23932430281203937,58
FP1-F7,8,sin_crisis_anotada,26.5,0.1875473022034054,58
FP1-F7,8,sin_crisis_anotada,27.0,0.18133920310740598,58
FP1-F7,8,sin_crisis_anotada,27.5,0.20678902223265866,58
FP1-F7,8,sin_crisis_anotada,28.0,0.24287765281044643,58
FP1-F7,8,sin_crisis_anotada,28.5,0.19006399463672718,58
FP1-F7,8,sin_crisis_anotada,29.0,0.1500432025827788,58
FP1-F7,8,sin_crisis_anotada,29.5,0.144150517070397,58
FP1-F7,8,sin_crisis_anotada,30.0,0.1360533332876011,58
FP1-F7,8,sin_crisis_anotada,30.5,0.1342617614813818,58
FP1-F7,8,sin_crisis_anotada,31.0,0.10960483474551455,58
FP1-F7,8,sin_crisis_anotada,31.5,3.670262086436808,58
FP1-F7,8,sin_crisis_anotada,32.0,15.214124569060475,58
FP1-F7,8,sin_crisis_anotada,32.5,3.9699129543004683,58
FP1-F7,8,sin_crisis_anotada,33.0,0.08047024249374164,58
FP1-F7,8,sin_crisis_anotada,33.5,0.08580663210966613,58
FP1-F7,8,sin_crisis_anotada,34.0,0.07854525878454527,58
FP1-F7,8,sin_crisis_anotada,34.5,0.05854092787869895,58
FP1-F7,8,sin_crisis_anotada,35.0,0.06444682290836802,58
FP1-F7,8,sin_crisis_anotada,35.5,0.06632774129099286,58
FP1-F7,8,sin_crisis_anotada,36.0,0.06782095552533063,58
FP1-F7,8,sin_crisis_anotada,36.5,0.043402444374608745,58
FP1-F7,8,sin_crisis_anotada,37.0,0.036142437425079,58
FP1-F7,8,sin_crisis_anotada,37.5,0.028757079102562613,58
FP1-F7,8,sin_crisis_anotada,38.0,0.025524807722643577,58
FP1-F7,8,sin_crisis_anotada,38.5,0.02074875258228539,58
FP1-F7,8,sin_crisis_anotada,39.0,0.019563241853466973,58
FP1-F7,8,sin_crisis_anotada,39.5,0.019957079064069433,58
FP1-F7,8,sin_crisis_anotada,40.0,0.01769492389896137,58
FP1-F7,8,transicion,0.5,510.0431778498721,2
FP1-F7,8,transicion,1.0,968.5797696711483,2
FP1-F7,8,transicion,1.5,1148.3102732941563,2
FP1-F7,8,transicion,2.0,1523.0452886192604,2
FP1-F7,8,transicion,2.5,1387.0879155814666,2
FP1-F7,8,transicion,3.0,1371.5445774793336,2
FP1-F7,8,transicion,3.5,861.9979616661534,2
FP1-F7,8,transicion,4.0,336.1812752483313,2
FP1-F7,8,transicion,4.5,148.13708730728186,2
FP1-F7,8,transicion,5.0,120.2618316083324,2
FP1-F7,8,transicion,5.5,221.91962948720172,2
FP1-F7,8,transicion,6.0,216.51433097701454,2
FP1-F7,8,transicion,6.5,149.0019041409874,2
FP1-F7,8,transicion,7.0,84.61293765137903,2
FP1-F7,8,transicion,7.5,70.81995250140884,2
FP1-F7,8,transicion,8.0,50.04546989876374,2
FP1-F7,8,transicion,8.5,35.9496832825274,2
FP1-F7,8,transicion,9.0,30.263410158549334,2
FP1-F7,8,transicion,9.5,19.007563436051342,2
FP1-F7,8,transicion,10.0,35.57383771877458,2
FP1-F7,8,transicion,10.5,43.71015286297309,2
FP1-F7,8,transicion,11.0,30.09482306561548,2
FP1-F7,8,transicion,11.5,21.648755276993114,2
FP1-F7,8,transicion,12.0,20.23571139282521,2
FP1-F7,8,transicion,12.5,13.344495007850877,2
FP1-F7,8,transicion,13.0,8.721254320466707,2
FP1-F7,8,transicion,13.5,4.714614874626341,2
FP1-F7,8,transicion,14.0,4.411126020460493,2
FP1-F7,8,transicion,14.5,4.568923065326178,2
FP1-F7,8,transicion,15.0,3.9386603489716405,2
FP1-F7,8,transicion,15.5,8.335455324847878,2
FP1-F7,8,transicion,16.0,27.457623768209714,2
FP1-F7,8,transicion,16.5,9.553619469860038,2
FP1-F7,8,transicion,17.0,1.726880969637129,2
FP1-F7,8,transicion,17.5,2.185278517732084,2
FP1-F7,8,transicion,18.0,2.2091196865077034,2
FP1-F7,8,transicion,18.5,1.557433615390336,2
FP1-F7,8,transicion,19.0,0.9063085511950908,2
FP1-F7,8,transicion,19.5,0.8489221598592398,2
FP1-F7,8,transicion,20.0,0.6993023853673614,2
FP1-F7,8,transicion,20.5,0.7119869794363207,2
FP1-F7,8,transicion,21.0,0.6362668633439104,2
FP1-F7,8,transicion,21.5,0.7001976152146335,2
FP1-F7,8,transicion,22.0,0.829701421711331,2
FP1-F7,8,transicion,22.5,1.084307561177604,2
FP1-F7,8,transicion,23.0,0.6830582245630283,2
FP1-F7,8,transicion,23.5,0.6701596001913315,2
FP1-F7,8,transicion,24.0,0.8915077195481425,2
FP1-F7,8,transicion,24.5,0.877882898324682,2
FP1-F7,8,transicion,25.0,0.4755507135360435,2
FP1-F7,8,transicion,25.5,0.6411359509333189,2
FP1-F7,8,transicion,26.0,0.8930231682863825,2
FP1-F7,8,transicion,26.5,0.6681168053847213,2
FP1-F7,8,transicion,27.0,0.6049783510991584,2
FP1-F7,8,transicion,27.5,0.5841183567919916,2
FP1-F7,8,transicion,28.0,0.32058860275873297,2
FP1-F7,8,transicion,28.5,0.3898674143784528,2
FP1-F7,8,transicion,29.0,0.4932980634655148,2
FP1-F7,8,transicion,29.5,0.5927430493011581,2
FP1-F7,8,transicion,30.0,0.6834340937073287,2
FP1-F7,8,transicion,30.5,0.665194658254754,2
FP1-F7,8,transicion,31.0,0.36244098797137375,2
FP1-F7,8,transicion,31.5,4.451842534573558,2
FP1-F7,8,transicion,32.0,17.44556160994507,2
FP1-F7,8,transicion,32.5,4.927024122592302,2
FP1-F7,8,transicion,33.0,0.33500442566948424,2
FP1-F7,8,transicion,33.5,0.3527433611114106,2
FP1-F7,8,transicion,34.0,0.36226606151147744,2
FP1-F7,8,transicion,34.5,0.31936885444979274,2
FP1-F7,8,transicion,35.0,0.26158792607633147,2
FP1-F7,8,transicion,35.5,0.21134158102068779,2
FP1-F7,8,transicion,36.0,0.14822380957836523,2
FP1-F7,8,transicion,36.5,0.08248866258633494,2
FP1-F7,8,transicion,37.0,0.09218722628851339,2
FP1-F7,8,transicion,37.5,0.15389651470805535,2
FP1-F7,8,transicion,38.0,0.15408220899311492,2
FP1-F7,8,transicion,38.5,0.19398841248612708,2
FP1-F7,8,transicion,39.0,0.17823157682916618,2
FP1-F7,8,transicion,39.5,0.22377794477368027,2
FP1-F7,8,transicion,40.0,0.18632951162475997,2
FP2-F4,2,ictal,0.5,610.4540310977872,39
FP2-F4,2,ictal,1.0,1151.2519030245087,39
FP2-F4,2,ictal,1.5,1431.1060396316243,39
FP2-F4,2,ictal,2.0,1822.8570192163477,39
FP2-F4,2,ictal,2.5,1394.609455725293,39
FP2-F4,2,ictal,3.0,1368.0506553103203,39
FP2-F4,2,ictal,3.5,841.0886703781445,39
FP2-F4,2,ictal,4.0,588.4337370131295,39
FP2-F4,2,ictal,4.5,444.22770857295524,39
FP2-F4,2,ictal,5.0,256.7163707404904,39
FP2-F4,2,ictal,5.5,357.4998697160572,39
FP2-F4,2,ictal,6.0,417.5421416827563,39
FP2-F4,2,ictal,6.5,284.68385568831184,39
FP2-F4,2,ictal,7.0,114.14705557509835,39
FP2-F4,2,ictal,7.5,67.31116092920706,39
FP2-F4,2,ictal,8.0,63.438478415526276,39
FP2-F4,2,ictal,8.5,51.06692819634263,39
FP2-F4,2,ictal,9.0,36.93615524693992,39
FP2-F4,2,ictal,9.5,30.74941709502959,39
FP2-F4,2,ictal,10.0,15.922888149402871,39
FP2-F4,2,ictal,10.5,25.62135789945442,39
FP2-F4,2,ictal,11.0,17.537030014563243,39
FP2-F4,2,ictal,11.5,18.382596468125918,39
FP2-F4,2,ictal,12.0,11.298594892938809,39
FP2-F4,2,ictal,12.5,9.485920508054392,39
FP2-F4,2,ictal,13.0,16.712194042407233,39
FP2-F4,2,ictal,13.5,11.503711146428916,39
FP2-F4,2,ictal,14.0,6.329074211049722,39
FP2-F4,2,ictal,14.5,10.20458656789026,39
FP2-F4,2,ictal,15.0,12.600116884292941,39
FP2-F4,2,ictal,15.5,9.52270254273521,39
FP2-F4,2,ictal,16.0,15.377800786327757,39
FP2-F4,2,ictal,16.5,8.296553194376628,39
FP2-F4,2,ictal,17.0,14.743594722077427,39
FP2-F4,2,ictal,17.5,10.55644722937879,39
FP2-F4,2,ictal,18.0,8.40495762548249,39
FP2-F4,2,ictal,18.5,13.894456919039753,39
FP2-F4,2,ictal,19.0,13.987358047189188,39
FP2-F4,2,ictal,19.5,9.234686334801918,39
FP2-F4,2,ictal,20.0,16.050034490392516,39
FP2-F4,2,ictal,20.5,9.141951241402207,39
FP2-F4,2,ictal,21.0,10.937519523668875,39
FP2-F4,2,ictal,21.5,15.486851785778363,39
FP2-F4,2,ictal,22.0,16.52767421948426,39
FP2-F4,2,ictal,22.5,14.324523836869476,39
FP2-F4,2,ictal,23.0,10.001655081344506,39
FP2-F4,2,ictal,23.5,15.621720540488104,39
FP2-F4,2,ictal,24.0,10.79261766459129,39
FP2-F4,2,ictal,24.5,9.652069672327478,39
FP2-F4,2,ictal,25.0,8.028592157485589,39
FP2-F4,2,ictal,25.5,13.330583715097454,39
FP2-F4,2,ictal,26.0,32.652447274539206,39
FP2-F4,2,ictal,26.5,14.136061019543371,39
FP2-F4,2,ictal,27.0,14.010288023743879,39
FP2-F4,2,ictal,27.5,26.73523010368195,39
FP2-F4,2,ictal,28.0,37.06527170133735,39
FP2-F4,2,ictal,28.5,20.803131804557033,39
FP2-F4,2,ictal,29.0,23.19491488845732,39
FP2-F4,2,ictal,29.5,19.718023977803238,39
FP2-F4,2,ictal,30.0,24.416578028543125,39
FP2-F4,2,ictal,30.5,9.777771671281366,39
FP2-F4,2,ictal,31.0,15.055391734951373,39
FP2-F4,2,ictal,31.5,25.591103363432474,39
FP2-F4,2,ictal,32.0,19.424279121029254,39
FP2-F4,2,ictal,32.5,14.750364952365326,39
FP2-F4,2,ictal,33.0,26.83084205299637,39
FP2-F4,2,ictal,33.5,20.714107035168965,39
FP2-F4,2,ictal,34.0,14.455695622255174,39
FP2-F4,2,ictal,34.5,11.848536154988453,39
FP2-F4,2,ictal,35.0,13.343912146427895,39
FP2-F4,2,ictal,35.5,17.05001456901319,39
FP2-F4,2,ictal,36.0,11.774821410136912,39
FP2-F4,2,ictal,36.5,9.74494277916485,39
FP2-F4,2,ictal,37.0,9.443500999351228,39
FP2-F4,2,ictal,37.5,7.564802674588542,39
FP2-F4,2,ictal,38.0,8.27699232859218,39
FP2-F4,2,ictal,38.5,4.366213931374768,39
FP2-F4,2,ictal,39.0,7.46145086659063,39
FP2-F4,2,ictal,39.5,5.495521723337646,39
FP2-F4,2,ictal,40.0,4.232111620095181,39
FP2-F4,2,sin_crisis_anotada,0.5,64.20835487826137,238
FP2-F4,2,sin_crisis_anotada,1.0,161.06579693833555,238
FP2-F4,2,sin_crisis_anotada,1.5,176.55232479114545,238
FP2-F4,2,sin_crisis_anotada,2.0,115.06857604351691,238
FP2-F4,2,sin_crisis_anotada,2.5,85.26174454456427,238
FP2-F4,2,sin_crisis_anotada,3.0,60.57205029624982,238
FP2-F4,2,sin_crisis_anotada,3.5,50.49495541817039,238
FP2-F4,2,sin_crisis_anotada,4.0,38.542500881156684,238
FP2-F4,2,sin_crisis_anotada,4.5,26.73383204542135,238
FP2-F4,2,sin_crisis_anotada,5.0,24.835851168055186,238
FP2-F4,2,sin_crisis_anotada,5.5,25.781842709016143,238
FP2-F4,2,sin_crisis_anotada,6.0,21.66048443201452,238
FP2-F4,2,sin_crisis_anotada,6.5,21.759869126322698,238
FP2-F4,2,sin_crisis_anotada,7.0,18.1928857176395,238
FP2-F4,2,sin_crisis_anotada,7.5,10.22945867261712,238
FP2-F4,2,sin_crisis_anotada,8.0,7.617503673761208,238
FP2-F4,2,sin_crisis_anotada,8.5,5.482525555217366,238
FP2-F4,2,sin_crisis_anotada,9.0,4.425264667154048,238
FP2-F4,2,sin_crisis_anotada,9.5,3.7009947254579383,238
FP2-F4,2,sin_crisis_anotada,10.0,4.343122492605334,238
FP2-F4,2,sin_crisis_anotada,10.5,5.031968704309303,238
FP2-F4,2,sin_crisis_anotada,11.0,5.061864133468527,238
FP2-F4,2,sin_crisis_anotada,11.5,4.8341997772816585,238
FP2-F4,2,sin_crisis_anotada,12.0,4.435609783703223,238
FP2-F4,2,sin_crisis_anotada,12.5,4.01847289648397,238
FP2-F4,2,sin_crisis_anotada,13.0,4.076144271872356,238
FP2-F4,2,sin_crisis_anotada,13.5,3.659911802191538,238
FP2-F4,2,sin_crisis_anotada,14.0,2.643120620048921,238
FP2-F4,2,sin_crisis_anotada,14.5,1.9698011498538743,238
FP2-F4,2,sin_crisis_anotada,15.0,1.7742416642572278,238
FP2-F4,2,sin_crisis_anotada,15.5,3.5140364551466092,238
FP2-F4,2,sin_crisis_anotada,16.0,8.395953323023264,238
FP2-F4,2,sin_crisis_anotada,16.5,2.791972312214662,238
FP2-F4,2,sin_crisis_anotada,17.0,1.025747303168722,238
FP2-F4,2,sin_crisis_anotada,17.5,0.8031027903682255,238
FP2-F4,2,sin_crisis_anotada,18.0,0.6820318377111031,238
FP2-F4,2,sin_crisis_anotada,18.5,0.6296030294926367,238
FP2-F4,2,sin_crisis_anotada,19.0,0.6585216359024013,238
FP2-F4,2,sin_crisis_anotada,19.5,0.5647327909673885,238
FP2-F4,2,sin_crisis_anotada,20.0,0.6364179317613401,238
FP2-F4,2,sin_crisis_anotada,20.5,0.5712165328802369,238
FP2-F4,2,sin_crisis_anotada,21.0,0.42851564910882955,238
FP2-F4,2,sin_crisis_anotada,21.5,0.4146017011152101,238
FP2-F4,2,sin_crisis_anotada,22.0,0.41446465057705983,238
FP2-F4,2,sin_crisis_anotada,22.5,0.42510283417671535,238
FP2-F4,2,sin_crisis_anotada,23.0,0.4655153286732363,238
FP2-F4,2,sin_crisis_anotada,23.5,0.4049469329015021,238
FP2-F4,2,sin_crisis_anotada,24.0,0.30421137297843803,238
FP2-F4,2,sin_crisis_anotada,24.5,0.3463978851474282,238
FP2-F4,2,sin_crisis_anotada,25.0,0.3475616823813399,238
FP2-F4,2,sin_crisis_anotada,25.5,0.2546891657645785,238
FP2-F4,2,sin_crisis_anotada,26.0,0.2627320918895727,238
FP2-F4,2,sin_crisis_anotada,26.5,0.22875953280434352,238
FP2-F4,2,sin_crisis_anotada,27.0,0.22206143473035173,238
FP2-F4,2,sin_crisis_anotada,27.5,0.19710996290545363,238
FP2-F4,2,sin_crisis_anotada,28.0,0.239182101384877,238
FP2-F4,2,sin_crisis_anotada,28.5,0.20036394488884782,238
FP2-F4,2,sin_crisis_anotada,29.0,0.17426540897098902,238
FP2-F4,2,sin_crisis_anotada,29.5,0.15482883252532337,238
FP2-F4,2,sin_crisis_anotada,30.0,0.1227730412386458,238
FP2-F4,2,sin_crisis_anotada,30.5,0.10547139806810905,238
FP2-F4,2,sin_crisis_anotada,31.0,0.10159299971484326,238
FP2-F4,2,sin_crisis_anotada,31.5,1.0241771740027548,238
FP2-F4,2,sin_crisis_anotada,32.0,3.7235599123117895,238
FP2-F4,2,sin_crisis_anotada,32.5,1.022306821428174,238
FP2-F4,2,sin_crisis_anotada,33.0,0.0842676959676339,238
FP2-F4,2,sin_crisis_anotada,33.5,0.06701507131002464,238
FP2-F4,2,sin_crisis_anotada,34.0,0.083523129011676,238
FP2-F4,2,sin_crisis_anotada,34.5,0.07653164859848924,238
FP2-F4,2,sin_crisis_anotada,35.0,0.05725293229555399,238
FP2-F4,2,sin_crisis_anotada,35.5,0.04975472716951777,238
FP2-F4,2,sin_crisis_anotada,36.0,0.05970268255342617,238
FP2-F4,2,sin_crisis_anotada,36.5,0.04499502456929614,238
FP2-F4,2,sin_crisis_anotada,37.0,0.03316785024571561,238
FP2-F4,2,sin_crisis_anotada,37.5,0.031170380577120915,238
FP2-F4,2,sin_crisis_anotada,38.0,0.025816204675504904,238
FP2-F4,2,sin_crisis_anotada,38.5,0.023981668994568495,238
FP2-F4,2,sin_crisis_anotada,39.0,0.021088812197267555,238
FP2-F4,2,sin_crisis_anotada,39.5,0.020277185282138822,238
FP2-F4,2,sin_crisis_anotada,40.0,0.016708099014930478,238
FP2-F4,2,transicion,0.5,107.51969264624967,2
FP2-F4,2,transicion,1.0,157.71785030436791,2
FP2-F4,2,transicion,1.5,688.5364281882673,2
FP2-F4,2,transicion,2.0,488.69065878441126,2
FP2-F4,2,transicion,2.5,1159.503173998327,2
FP2-F4,2,transicion,3.0,1373.96245307338,2
FP2-F4,2,transicion,3.5,339.7828301972962,2
FP2-F4,2,transicion,4.0,118.66221299921507,2
FP2-F4,2,transicion,4.5,149.79810580765795,2
FP2-F4,2,transicion,5.0,584.9312747342851,2
FP2-F4,2,transicion,5.5,452.1692302073832,2
FP2-F4,2,transicion,6.0,198.6428660492461,2
FP2-F4,2,transicion,6.5,139.34023472306038,2
FP2-F4,2,transicion,7.0,24.612348743190893,2
FP2-F4,2,transicion,7.5,136.2511247109072,2
FP2-F4,2,transicion,8.0,53.03639409380022,2
FP2-F4,2,transicion,8.5,13.18260119258251,2
FP2-F4,2,transicion,9.0,77.74412072078478,2
FP2-F4,2,transicion,9.5,43.12218797253296,2
FP2-F4,2,transicion,10.0,105.08246591747782,2
FP2-F4,2,transicion,10.5,48.888093281363886,2
FP2-F4,2,transicion,11.0,31.287482353271972,2
FP2-F4,2,transicion,11.5,76.17547688530068,2
FP2-F4,2,transicion,12.0,70.44973025698071,2
FP2-F4,2,transicion,12.5,64.76360052527697,2
FP2-F4,2,transicion,13.0,41.885485931797284,2
FP2-F4,2,transicion,13.5,14.004278172729515,2
FP2-F4,2,transicion,14.0,6.326909417335967,2
FP2-F4,2,transicion,14.5,13.302412473268891,2
FP2-F4,2,transicion,15.0,12.30703079872694,2
FP2-F4,2,transicion,15.5,1.3326321526957114,2
FP2-F4,2,transicion,16.0,8.169058385673601,2
FP2-F4,2,transicion,16.5,5.126740847944539,2
FP2-F4,2,transicion,17.0,0.4335959832282839,2
FP2-F4,2,transicion,17.5,1.1305183971527175,2
FP2-F4,2,transicion,18.0,3.918322496063028,2
FP2-F4,2,transicion,18.5,2.107758796705501,2
FP2-F4,2,transicion,19.0,0.44663028408713135,2
FP2-F4,2,transicion,19.5,0.9945683205199509,2
FP2-F4,2,transicion,20.0,1.2880954789633785,2
FP2-F4,2,transicion,20.5,0.46377521456229864,2
FP2-F4,2,transicion,21.0,0.8346170013663365,2
FP2-F4,2,transicion,21.5,0.9742013238711078,2
FP2-F4,2,transicion,22.0,1.7807986870495451,2
FP2-F4,2,transicion,22.5,2.201238900670119,2
FP2-F4,2,transicion,23.0,1.4706672669539937,2
FP2-F4,2,transicion,23.5,1.3440695466508052,2
FP2-F4,2,transicion,24.0,1.9927502066000677,2
FP2-F4,2,transicion,24.5,2.133259818147503,2
FP2-F4,2,transicion,25.0,2.2675858920782734,2
FP2-F4,2,transicion,25.5,1.4415528233447896,2
FP2-F4,2,transicion,26.0,0.7241527238325721,2
FP2-F4,2,transicion,26.5,0.24193403779218448,2
FP2-F4,2,transicion,27.0,0.5533280619152329,2
FP2-F4,2,transicion,27.5,0.609841361275106,2
FP2-F4,2,transicion,28.0,0.388637442503569,2
FP2-F4,2,transicion,28.5,0.49027678713488243,2
FP2-F4,2,transicion,29.0,0.5493901978473473,2
FP2-F4,2,transicion,29.5,0.6240624740623131,2
FP2-F4,2,transicion,30.0,0.45012618141175353,2
FP2-F4,2,transicion,30.5,0.264481379637147,2
FP2-F4,2,transicion,31.0,0.52049842061657,2
FP2-F4,2,transicion,31.5,2.7506133154819925,2
FP2-F4,2,transicion,32.0,5.591264515839165,2
FP2-F4,2,transicion,32.5,0.8111961944876157,2
FP2-F4,2,transicion,33.0,0.32708175725159894,2
FP2-F4,2,transicion,33.5,0.9284962846420745,2
FP2-F4,2,transicion,34.0,1.2070117569391599,2
FP2-F4,2,transicion,34.5,1.1005403955171567,2
FP2-F4,2,transicion,35.0,0.8940855929127477,2
FP2-F4,2,transicion,35.5,0.7629584093674019,2
FP2-F4,2,transicion,36.0,0.7262670743292969,2
FP2-F4,2,transicion,36.5,0.28067783100528365,2
FP2-F4,2,transicion,37.0,0.03358170184278207,2
FP2-F4,2,transicion,37.5,0.2799729034644895,2
FP2-F4,2,transicion,38.0,0.39020841020315,2
FP2-F4,2,transicion,38.5,0.33990533399961675,2
FP2-F4,2,transicion,39.0,0.20563981080177257,2
FP2-F4,2,transicion,39.5,0.028420651407394384,2
FP2-F4,2,transicion,40.0,0.1002862390900006,2
FP2-F4,4,ictal,0.5,1022.2534301102629,19
FP2-F4,4,ictal,1.0,2371.2484853698106,19
FP2-F4,4,ictal,1.5,2550.7340556798254,19
FP2-F4,4,ictal,2.0,3109.939607355848,19
FP2-F4,4,ictal,2.5,1689.8912314697461,19
FP2-F4,4,ictal,3.0,1703.0004818738491,19
FP2-F4,4,ictal,3.5,1150.241959043455,19
FP2-F4,4,ictal,4.0,746.5161475761488,19
FP2-F4,4,ictal,4.5,491.6149448336103,19
FP2-F4,4,ictal,5.0,359.57294568175956,19
FP2-F4,4,ictal,5.5,508.314158894189,19
FP2-F4,4,ictal,6.0,607.7987030690778,19
FP2-F4,4,ictal,6.5,341.2094388470219,19
FP2-F4,4,ictal,7.0,211.41838659437664,19
FP2-F4,4,ictal,7.5,82.52103777908864,19
FP2-F4,4,ictal,8.0,68.47515856499031,19
FP2-F4,4,ictal,8.5,56.43597120767614,19
FP2-F4,4,ictal,9.0,36.11339151371931,19
FP2-F4,4,ictal,9.5,31.39126053961716,19
FP2-F4,4,ictal,10.0,24.012644981048496,19
FP2-F4,4,ictal,10.5,31.998112887726894,19
FP2-F4,4,ictal,11.0,21.918626102455097,19
FP2-F4,4,ictal,11.5,20.395818476508328,19
FP2-F4,4,ictal,12.0,14.040544375890832,19
FP2-F4,4,ictal,12.5,17.45375980833987,19
FP2-F4,4,ictal,13.0,32.85731337521762,19
FP2-F4,4,ictal,13.5,15.958815309412323,19
FP2-F4,4,ictal,14.0,11.313075409697788,19
FP2-F4,4,ictal,14.5,17.651732734933884,19
FP2-F4,4,ictal,15.0,20.769112611372886,19
FP2-F4,4,ictal,15.5,12.658549047931722,19
FP2-F4,4,ictal,16.0,15.000779722597755,19
FP2-F4,4,ictal,16.5,17.434537749036682,19
FP2-F4,4,ictal,17.0,27.132409559389586,19
FP2-F4,4,ictal,17.5,18.30927560557239,19
FP2-F4,4,ictal,18.0,13.486933913687194,19
FP2-F4,4,ictal,18.5,17.448179824063914,19
FP2-F4,4,ictal,19.0,28.080461794870995,19
FP2-F4,4,ictal,19.5,22.386865312188405,19
FP2-F4,4,ictal,20.0,23.861131451303212,19
FP2-F4,4,ictal,20.5,22.45015483995247,19
FP2-F4,4,ictal,21.0,15.180013687096178,19
FP2-F4,4,ictal,21.5,32.57524414703223,19
FP2-F4,4,ictal,22.0,31.73012154585834,19
FP2-F4,4,ictal,22.5,18.69413616024207,19
FP2-F4,4,ictal,23.0,11.89917861878149,19
FP2-F4,4,ictal,23.5,21.298177852527672,19
FP2-F4,4,ictal,24.0,19.041472121774206,19
FP2-F4,4,ictal,24.5,14.880657467876906,19
FP2-F4,4,ictal,25.0,21.125726754011676,19
FP2-F4,4,ictal,25.5,32.2587839259636,19
FP2-F4,4,ictal,26.0,34.76197977496248,19
FP2-F4,4,ictal,26.5,26.18572124971634,19
FP2-F4,4,ictal,27.0,55.32903038176215,19
FP2-F4,4,ictal,27.5,59.00474064500143,19
FP2-F4,4,ictal,28.0,37.38333449779799,19
FP2-F4,4,ictal,28.5,29.549934505035726,19
FP2-F4,4,ictal,29.0,26.46886726700505,19
FP2-F4,4,ictal,29.5,26.600663822497506,19
FP2-F4,4,ictal,30.0,48.25121395725328,19
FP2-F4,4,ictal,30.5,51.82170459515597,19
FP2-F4,4,ictal,31.0,42.347255121317055,19
FP2-F4,4,ictal,31.5,40.70297697449101,19
FP2-F4,4,ictal,32.0,43.287516040363805,19
FP2-F4,4,ictal,32.5,41.81921695584979,19
FP2-F4,4,ictal,33.0,29.64773238411402,19
FP2-F4,4,ictal,33.5,26.322323564627865,19
FP2-F4,4,ictal,34.0,26.574080929897914,19
FP2-F4,4,ictal,34.5,19.407897045285235,19
FP2-F4,4,ictal,35.0,23.15126255986982,19
FP2-F4,4,ictal,35.5,22.070253811191076,19
FP2-F4,4,ictal,36.0,17.67720492818684,19
FP2-F4,4,ictal,36.5,13.493142133271627,19
FP2-F4,4,ictal,37.0,13.383059357360773,19
FP2-F4,4,ictal,37.5,9.1686945564519,19
FP2-F4,4,ictal,38.0,5.754251881923771,19
FP2-F4,4,ictal,38.5,16.1145064481392,19
FP2-F4,4,ictal,39.0,15.193964790590028,19
FP2-F4,4,ictal,39.5,5.697628911153878,19
FP2-F4,4,ictal,40.0,6.404790835393165,19
FP2-F4,4,sin_crisis_anotada,0.5,86.66894682491977,118
FP2-F4,4,sin_crisis_anotada,1.0,220.89086393082272,118
FP2-F4,4,sin_crisis_anotada,1.5,281.7936954554672,118
FP2-F4,4,sin_crisis_anotada,2.0,170.76377974207816,118
FP2-F4,4,sin_crisis_anotada,2.5,120.61545339246483,118
FP2-F4,4,sin_crisis_anotada,3.0,70.14540351335947,118
FP2-F4,4,sin_crisis_anotada,3.5,57.319556049992286,118
FP2-F4,4,sin_crisis_anotada,4.0,46.93666991251041,118
FP2-F4,4,sin_crisis_anotada,4.5,35.986503793937956,118
FP2-F4,4,sin_crisis_anotada,5.0,31.200653546716097,118
FP2-F4,4,sin_crisis_anotada,5.5,34.70706288996054,118
FP2-F4,4,sin_crisis_anotada,6.0,27.039728634830404,118
FP2-F4,4,sin_crisis_anotada,6.5,32.40975219820233,118
FP2-F4,4,sin_crisis_anotada,7.0,37.02618487336413,118
FP2-F4,4,sin_crisis_anotada,7.5,16.125046530251872,118
FP2-F4,4,sin_crisis_anotada,8.0,12.43446617155081,118
FP2-F4,4,sin_crisis_anotada,8.5,8.447440338810807,118
FP2-F4,4,sin_crisis_anotada,9.0,7.118920380730874,118
FP2-F4,4,sin_crisis_anotada,9.5,5.921738833901797,118
FP2-F4,4,sin_crisis_anotada,10.0,6.71452886664547,118
FP2-F4,4,sin_crisis_anotada,10.5,7.481512881903094,118
FP2-F4,4,sin_crisis_anotada,11.0,8.207331644947521,118
FP2-F4,4,sin_crisis_anotada,11.5,8.794218798045478,118
FP2-F4,4,sin_crisis_anotada,12.0,7.201737842593628,118
FP2-F4,4,sin_crisis_anotada,12.5,7.167474278357763,118
FP2-F4,4,sin_crisis_anotada,13.0,7.100080590055433,118
FP2-F4,4,sin_crisis_anotada,13.5,6.511220628834174,118
FP2-F4,4,sin_crisis_anotada,14.0,4.651303643922239,118
FP2-F4,4,sin_crisis_anotada,14.5,3.2868521321217665,118
FP2-F4,4,sin_crisis_anotada,15.0,2.7363793571331616,118
FP2-F4,4,sin_crisis_anotada,15.5,4.591354465111431,118
FP2-F4,4,sin_crisis_anotada,16.0,8.940580483702352,118
FP2-F4,4,sin_crisis_anotada,16.5,3.7744875057525196,118
FP2-F4,4,sin_crisis_anotada,17.0,1.3499384286962242,118
FP2-F4,4,sin_crisis_anotada,17.5,0.9435104012019594,118
FP2-F4,4,sin_crisis_anotada,18.0,0.9708500500781285,118
FP2-F4,4,sin_crisis_anotada,18.5,0.9256576088311844,118
FP2-F4,4,sin_crisis_anotada,19.0,0.8178446960283311,118
FP2-F4,4,sin_crisis_anotada,19.5,0.7353073847044908,118
FP2-F4,4,sin_crisis_anotada,20.0,0.8527973031589564,118
FP2-F4,4,sin_crisis_anotada,20.5,0.617318877069841,118
FP2-F4,4,sin_crisis_anotada,21.0,0.5354124217039962,118
FP2-F4,4,sin_crisis_anotada,21.5,0.49605545494993775,118
FP2-F4,4,sin_crisis_anotada,22.0,0.5827247213593438,118
FP2-F4,4,sin_crisis_anotada,22.5,0.5213297831450763,118
FP2-F4,4,sin_crisis_anotada,23.0,0.6134922400997078,118
FP2-F4,4,sin_crisis_anotada,23.5,0.5979737996734542,118
FP2-F4,4,sin_crisis_anotada,24.0,0.5204746424303872,118
FP2-F4,4,sin_crisis_anotada,24.5,0.4419176548925172,118
FP2-F4,4,sin_crisis_anotada,25.0,0.44286537425155925,118
FP2-F4,4,sin_crisis_anotada,25.5,0.39484782451150563,118
FP2-F4,4,sin_crisis_anotada,26.0,0.3298018423038571,118
FP2-F4,4,sin_crisis_anotada,26.5,0.31815035860990293,118
FP2-F4,4,sin_crisis_anotada,27.0,0.3230490485445253,118
FP2-F4,4,sin_crisis_anotada,27.5,0.29515381557739606,118
FP2-F4,4,sin_crisis_anotada,28.0,0.3186644143862724,118
FP2-F4,4,sin_crisis_anotada,28.5,0.23205461393060473,118
FP2-F4,4,sin_crisis_anotada,29.0,0.2429262106725969,118
FP2-F4,4,sin_crisis_anotada,29.5,0.1914892547637577,118
FP2-F4,4,sin_crisis_anotada,30.0,0.15353684041048565,118
FP2-F4,4,sin_crisis_anotada,30.5,0.15569022211387715,118
FP2-F4,4,sin_crisis_anotada,31.0,0.13479009685590657,118
FP2-F4,4,sin_crisis_anotada,31.5,1.113364107044791,118
FP2-F4,4,sin_crisis_anotada,32.0,4.808570671002091,118
FP2-F4,4,sin_crisis_anotada,32.5,1.1520262571157,118
FP2-F4,4,sin_crisis_anotada,33.0,0.09599172866251914,118
FP2-F4,4,sin_crisis_anotada,33.5,0.09670520842245603,118
FP2-F4,4,sin_crisis_anotada,34.0,0.08591329722998214,118
FP2-F4,4,sin_crisis_anotada,34.5,0.09271144257350017,118
FP2-F4,4,sin_crisis_anotada,35.0,0.07823812266233407,118
FP2-F4,4,sin_crisis_anotada,35.5,0.05988987217017016,118
FP2-F4,4,sin_crisis_anotada,36.0,0.07026589432295638,118
FP2-F4,4,sin_crisis_anotada,36.5,0.05746795807032676,118
FP2-F4,4,sin_crisis_anotada,37.0,0.043705448625206256,118
FP2-F4,4,sin_crisis_anotada,37.5,0.04094507650693192,118
FP2-F4,4,sin_crisis_anotada,38.0,0.03508176863108067,118
FP2-F4,4,sin_crisis_anotada,38.5,0.033162267328781865,118
FP2-F4,4,sin_crisis_anotada,39.0,0.0253995180042733,118
FP2-F4,4,sin_crisis_anotada,39.5,0.023956322977513184,118
FP2-F4,4,sin_crisis_anotada,40.0,0.019767702743526003,118
FP2-F4,4,transicion,0.5,174.60617167579193,2
FP2-F4,4,transicion,1.0,348.4249648911341,2
FP2-F4,4,transicion,1.5,662.1882021747408,2
FP2-F4,4,transicion,2.0,842.6899031436918,2
FP2-F4,4,transicion,2.5,1299.906501828092,2
FP2-F4,4,transicion,3.0,1499.4456726264214,2
FP2-F4,4,transicion,3.5,354.2355534471791,2
FP2-F4,4,transicion,4.0,84.15175831918155,2
FP2-F4,4,transicion,4.5,98.7692869872271,2
FP2-F4,4,transicion,5.0,399.1288737502542,2
FP2-F4,4,transicion,5.5,449.84757414612113,2
FP2-F4,4,transicion,6.0,293.3442057406778,2
FP2-F4,4,transicion,6.5,140.62299873862824,2
FP2-F4,4,transicion,7.0,31.98333078299998,2
FP2-F4,4,transicion,7.5,68.80610416655938,2
FP2-F4,4,transicion,8.0,37.32430100076944,2
FP2-F4,4,transicion,8.5,82.58372539394438,2
FP2-F4,4,transicion,9.0,80.12503049072868,2
FP2-F4,4,transicion,9.5,106.15929185628364,2
FP2-F4,4,transicion,10.0,191.0519804985759,2
FP2-F4,4,transicion,10.5,209.0611691966999,2
FP2-F4,4,transicion,11.0,92.35368297413102,2
FP2-F4,4,transicion,11.5,50.83074526430891,2
FP2-F4,4,transicion,12.0,46.61323322147989,2
FP2-F4,4,transicion,12.5,35.243916604645605,2
FP2-F4,4,transicion,13.0,23.979948258530584,2
FP2-F4,4,transicion,13.5,11.599956912473706,2
FP2-F4,4,transicion,14.0,4.340100986560207,2
FP2-F4,4,transicion,14.5,7.1923236361496885,2
FP2-F4,4,transicion,15.0,6.86907404250489,2
FP2-F4,4,transicion,15.5,7.170290174242684,2
FP2-F4,4,transicion,16.0,14.694033409002575,2
FP2-F4,4,transicion,16.5,7.673519912459108,2
FP2-F4,4,transicion,17.0,4.106221971591492,2
FP2-F4,4,transicion,17.5,2.436390082780825,2
FP2-F4,4,transicion,18.0,2.9045946013607864,2
FP2-F4,4,transicion,18.5,1.9536015509138287,2
FP2-F4,4,transicion,19.0,1.179315700272901,2
FP2-F4,4,transicion,19.5,0.9089963057503802,2
FP2-F4,4,transicion,20.0,1.2793082275041303,2
FP2-F4,4,transicion,20.5,1.1092214650727183,2
FP2-F4,4,transicion,21.0,0.4628138297285617,2
FP2-F4,4,transicion,21.5,1.138879570760553,2
FP2-F4,4,transicion,22.0,1.2783179994441878,2
FP2-F4,4,transicion,22.5,1.2353101612753203,2
FP2-F4,4,transicion,23.0,1.026556939425754,2
FP2-F4,4,transicion,23.5,0.8267161227111623,2
FP2-F4,4,transicion,24.0,0.7911151666886429,2
FP2-F4,4,transicion,24.5,1.071899268841269,2
FP2-F4,4,transicion,25.0,1.1752917613657021,2
FP2-F4,4,transicion,25.5,0.7427752831078066,2
FP2-F4,4,transicion,26.0,0.6774898079989494,2
FP2-F4,4,transicion,26.5,0.5083438224476908,2
FP2-F4,4,transicion,27.0,0.6308688488543763,2
FP2-F4,4,transicion,27.5,0.5943587232261957,2
FP2-F4,4,transicion,28.0,0.4361408988829176,2
FP2-F4,4,transicion,28.5,0.4999157871776288,2
FP2-F4,4,transicion,29.0,0.4405075849963122,2
FP2-F4,4,transicion,29.5,0.486048105101161,2
FP2-F4,4,transicion,30.0,0.5040718197773028,2
FP2-F4,4,transicion,30.5,0.46307973520345236,2
FP2-F4,4,transicion,31.0,0.40369141746276543,2
FP2-F4,4,transicion,31.5,2.0774706962747853,2
FP2-F4,4,transicion,32.0,6.637643290306185,2
FP2-F4,4,transicion,32.5,2.0240482070130126,2
FP2-F4,4,transicion,33.0,0.5030339335559411,2
FP2-F4,4,transicion,33.5,0.586963520787714,2
FP2-F4,4,transicion,34.0,0.5314739539070673,2
FP2-F4,4,transicion,34.5,0.6216245039014776,2
FP2-F4,4,transicion,35.0,0.5000754555232693,2
FP2-F4,4,transicion,35.5,0.42741526810500147,2
FP2-F4,4,transicion,36.0,0.3607772758210283,2
FP2-F4,4,transicion,36.5,0.20397897191428643,2
FP2-F4,4,transicion,37.0,0.048863601583658156,2
FP2-F4,4,transicion,37.5,0.15339730958161335,2
FP2-F4,4,transicion,38.0,0.27134950896414145,2
FP2-F4,4,transicion,38.5,0.2973396124509585,2
FP2-F4,4,transicion,39.0,0.18590348717823074,2
FP2-F4,4,transicion,39.5,0.08538978499220168,2
FP2-F4,4,transicion,40.0,0.05992281675710906,2
FP2-F4,8,ictal,0.5,1033.4252311164312,9
FP2-F4,8,ictal,1.0,2155.047137421021,9
FP2-F4,8,ictal,1.5,2637.6911680449384,9
FP2-F4,8,ictal,2.0,2991.6602606018487,9
FP2-F4,8,ictal,2.5,1851.9085660353842,9
FP2-F4,8,ictal,3.0,1935.2758769803597,9
FP2-F4,8,ictal,3.5,1337.1119059293526,9
FP2-F4,8,ictal,4.0,814.8429168007794,9
FP2-F4,8,ictal,4.5,413.57253682993775,9
FP2-F4,8,ictal,5.0,412.850014295303,9
FP2-F4,8,ictal,5.5,580.8676992570139,9
FP2-F4,8,ictal,6.0,466.81173580496187,9
FP2-F4,8,ictal,6.5,373.7120681478055,9
FP2-F4,8,ictal,7.0,225.8701863895292,9
FP2-F4,8,ictal,7.5,82.60578072338181,9
FP2-F4,8,ictal,8.0,81.3104527732156,9
FP2-F4,8,ictal,8.5,47.39353025575905,9
FP2-F4,8,ictal,9.0,40.62200496920191,9
FP2-F4,8,ictal,9.5,30.638747402227803,9
FP2-F4,8,ictal,10.0,35.93896798092732,9
FP2-F4,8,ictal,10.5,34.77187630248305,9
FP2-F4,8,ictal,11.0,16.54514571504805,9
FP2-F4,8,ictal,11.5,22.176532999534803,9
FP2-F4,8,ictal,12.0,23.45198934914302,9
FP2-F4,8,ictal,12.5,35.05572550110394,9
FP2-F4,8,ictal,13.0,42.82514729796248,9
FP2-F4,8,ictal,13.5,18.538906109137876,9
FP2-F4,8,ictal,14.0,16.133683059684397,9
FP2-F4,8,ictal,14.5,21.57842396117869,9
FP2-F4,8,ictal,15.0,23.77391057909715,9
FP2-F4,8,ictal,15.5,17.22518368780243,9
FP2-F4,8,ictal,16.0,18.68946136541394,9
FP2-F4,8,ictal,16.5,22.7667605605208,9
FP2-F4,8,ictal,17.0,35.265885477931484,9
FP2-F4,8,ictal,17.5,30.755560991795825,9
FP2-F4,8,ictal,18.0,26.36305483689233,9
FP2-F4,8,ictal,18.5,24.907474718964405,9
FP2-F4,8,ictal,19.0,31.428091751208488,9
FP2-F4,8,ictal,19.5,28.08376278138521,9
FP2-F4,8,ictal,20.0,52.62824300438557,9
FP2-F4,8,ictal,20.5,47.7229925929494,9
FP2-F4,8,ictal,21.0,18.038736321112303,9
FP2-F4,8,ictal,21.5,36.27906338909668,9
FP2-F4,8,ictal,22.0,38.33351325036822,9
FP2-F4,8,ictal,22.5,22.353953199031576,9
FP2-F4,8,ictal,23.0,16.151709331502147,9
FP2-F4,8,ictal,23.5,48.729131087473206,9
FP2-F4,8,ictal,24.0,37.93888297661814,9
FP2-F4,8,ictal,24.5,24.600606072208045,9
FP2-F4,8,ictal,25.0,33.80702637150942,9
FP2-F4,8,ictal,25.5,43.14821391841968,9
FP2-F4,8,ictal,26.0,52.95501128999938,9
FP2-F4,8,ictal,26.5,60.50612939613183,9
FP2-F4,8,ictal,27.0,66.46963402602807,9
FP2-F4,8,ictal,27.5,84.90588762840818,9
FP2-F4,8,ictal,28.0,39.41163310934581,9
FP2-F4,8,ictal,28.5,38.82115029052365,9
FP2-F4,8,ictal,29.0,32.09245436289579,9
FP2-F4,8,ictal,29.5,33.68894210828288,9
FP2-F4,8,ictal,30.0,46.42980031325809,9
FP2-F4,8,ictal,30.5,53.09362957966222,9
FP2-F4,8,ictal,31.0,42.508446659927635,9
FP2-F4,8,ictal,31.5,72.28551330378208,9
FP2-F4,8,ictal,32.0,68.20498114817273,9
FP2-F4,8,ictal,32.5,70.16663616142033,9
FP2-F4,8,ictal,33.0,46.16878280847795,9
FP2-F4,8,ictal,33.5,46.316430333835285,9
FP2-F4,8,ictal,34.0,28.94234502437073,9
FP2-F4,8,ictal,34.5,22.584975366952115,9
FP2-F4,8,ictal,35.0,23.772584142339692,9
FP2-F4,8,ictal,35.5,22.32710835544039,9
FP2-F4,8,ictal,36.0,27.337722695079368,9
FP2-F4,8,ictal,36.5,32.020871197307535,9
FP2-F4,8,ictal,37.0,21.809639731722598,9
FP2-F4,8,ictal,37.5,9.249365556773416,9
FP2-F4,8,ictal,38.0,13.05140369117233,9
FP2-F4,8,ictal,38.5,10.62640308201659,9
FP2-F4,8,ictal,39.0,10.75210716795836,9
FP2-F4,8,ictal,39.5,7.450857558895573,9
FP2-F4,8,ictal,40.0,10.349049706227065,9
FP2-F4,8,sin_crisis_anotada,0.5,88.28338143022285,58
FP2-F4,8,sin_crisis_anotada,1.0,223.11751280575012,58
FP2-F4,8,sin_crisis_anotada,1.5,268.0364637460282,58
FP2-F4,8,sin_crisis_anotada,2.0,181.39058815636608,58
FP2-F4,8,sin_crisis_anotada,2.5,133.16375474354237,58
FP2-F4,8,sin_crisis_anotada,3.0,88.70064274250984,58
FP2-F4,8,sin_crisis_anotada,3.5,65.3846314534029,58
FP2-F4,8,sin_crisis_anotada,4.0,49.22457657545425,58
FP2-F4,8,sin_crisis_anotada,4.5,35.046151625971554,58
FP2-F4,8,sin_crisis_anotada,5.0,34.51046562741172,58
FP2-F4,8,sin_crisis_anotada,5.5,37.76937759564417,58
FP2-F4,8,sin_crisis_anotada,6.0,30.768739211269477,58
FP2-F4,8,sin_crisis_anotada,6.5,41.216394635454165,58
FP2-F4,8,sin_crisis_anotada,7.0,42.66574011458026,58
FP2-F4,8,sin_crisis_anotada,7.5,27.079007006518026,58
FP2-F4,8,sin_crisis_anotada,8.0,15.292467657951896,58
FP2-F4,8,sin_crisis_anotada,8.5,10.15973883098491,58
FP2-F4,8,sin_crisis_anotada,9.0,9.76393584721679,58
FP2-F4,8,sin_crisis_anotada,9.5,9.055864780640718,58
FP2-F4,8,sin_crisis_anotada,10.0,9.251986640368386,58
FP2-F4,8,sin_crisis_anotada,10.5,12.977105696286966,58
FP2-F4,8,sin_crisis_anotada,11.0,15.126273088035859,58
FP2-F4,8,sin_crisis_anotada,11.5,25.8035396215436,58
FP2-F4,8,sin_crisis_anotada,12.0,19.885918607764353,58
FP2-F4,8,sin_crisis_anotada,12.5,11.769296682058233,58
FP2-F4,8,sin_crisis_anotada,13.0,10.738244112917272,58
FP2-F4,8,sin_crisis_anotada,13.5,9.627582856225935,58
FP2-F4,8,sin_crisis_anotada,14.0,6.461009596423091,58
FP2-F4,8,sin_crisis_anotada,14.5,5.573360051366572,58
FP2-F4,8,sin_crisis_anotada,15.0,4.025403974805004,58
FP2-F4,8,sin_crisis_anotada,15.5,4.941530605462088,58
FP2-F4,8,sin_crisis_anotada,16.0,7.980025639454503,58
FP2-F4,8,sin_crisis_anotada,16.5,3.968860857015052,58
FP2-F4,8,sin_crisis_anotada,17.0,1.5867455333727358,58
FP2-F4,8,sin_crisis_anotada,17.5,1.090583349948706,58
FP2-F4,8,sin_crisis_anotada,18.0,1.0809262057665223,58
FP2-F4,8,sin_crisis_anotada,18.5,0.9764622490573844,58
FP2-F4,8,sin_crisis_anotada,19.0,0.9535364520823577,58
FP2-F4,8,sin_crisis_anotada,19.5,0.8006697398223543,58
FP2-F4,8,sin_crisis_anotada,20.0,0.872461279537453,58
FP2-F4,8,sin_crisis_anotada,20.5,0.7207119637686991,58
FP2-F4,8,sin_crisis_anotada,21.0,0.5933693314555616,58
FP2-F4,8,sin_crisis_anotada,21.5,0.6066578744090909,58
FP2-F4,8,sin_crisis_anotada,22.0,0.66631799027465,58
FP2-F4,8,sin_crisis_anotada,22.5,0.9190100299210817,58
FP2-F4,8,sin_crisis_anotada,23.0,0.8891850416829004,58
FP2-F4,8,sin_crisis_anotada,23.5,0.8227662905701594,58
FP2-F4,8,sin_crisis_anotada,24.0,0.7599037204995192,58
FP2-F4,8,sin_crisis_anotada,24.5,0.7045422535290592,58
FP2-F4,8,sin_crisis_anotada,25.0,0.6648465972519092,58
FP2-F4,8,sin_crisis_anotada,25.5,0.648278273132057,58
FP2-F4,8,sin_crisis_anotada,26.0,0.4196624470303294,58
FP2-F4,8,sin_crisis_anotada,26.5,0.3731335539524262,58
FP2-F4,8,sin_crisis_anotada,27.0,0.36019790149721825,58
FP2-F4,8,sin_crisis_anotada,27.5,0.3868703617883611,58
FP2-F4,8,sin_crisis_anotada,28.0,0.3570904340016352,58
FP2-F4,8,sin_crisis_anotada,28.5,0.2718664076463979,58
FP2-F4,8,sin_crisis_anotada,29.0,0.24466572449849838,58
FP2-F4,8,sin_crisis_anotada,29.5,0.23076028018381173,58
FP2-F4,8,sin_crisis_anotada,30.0,0.17015198035738222,58
FP2-F4,8,sin_crisis_anotada,30.5,0.16090111998076106,58
FP2-F4,8,sin_crisis_anotada,31.0,0.15175355799591395,58
FP2-F4,8,sin_crisis_anotada,31.5,1.322644697000944,58
FP2-F4,8,sin_crisis_anotada,32.0,5.255043948287343,58
FP2-F4,8,sin_crisis_anotada,32.5,1.3875902760396923,58
FP2-F4,8,sin_crisis_anotada,33.0,0.09723194922300185,58
FP2-F4,8,sin_crisis_anotada,33.5,0.10561879212260894,58
FP2-F4,8,sin_crisis_anotada,34.0,0.09410071126589656,58
FP2-F4,8,sin_crisis_anotada,34.5,0.08868108113035067,58
FP2-F4,8,sin_crisis_anotada,35.0,0.08061423082372218,58
FP2-F4,8,sin_crisis_anotada,35.5,0.059574218053019684,58
FP2-F4,8,sin_crisis_anotada,36.0,0.07727148299035627,58
FP2-F4,8,sin_crisis_anotada,36.5,0.05869170018732668,58
FP2-F4,8,sin_crisis_anotada,37.0,0.04725637099721236,58
FP2-F4,8,sin_crisis_anotada,37.5,0.04348022541968333,58
FP2-F4,8,sin_crisis_anotada,38.0,0.03762680351902403,58
FP2-F4,8,sin_crisis_anotada,38.5,0.033121082162504575,58
FP2-F4,8,sin_crisis_anotada,39.0,0.02698501620190192,58
FP2-F4,8,sin_crisis_anotada,39.5,0.025383319186727864,58
FP2-F4,8,sin_crisis_anotada,40.0,0.02016176401392855,58
FP2-F4,8,transicion,0.5,264.75598058978017,2
FP2-F4,8,transicion,1.0,385.5923011676731,2
FP2-F4,8,transicion,1.5,894.8243450008483,2
FP2-F4,8,transicion,2.0,902.4894131168055,2
FP2-F4,8,transicion,2.5,1044.1952224889205,2
FP2-F4,8,transicion,3.0,849.2768816102209,2
FP2-F4,8,transicion,3.5,374.0815329624377,2
FP2-F4,8,transicion,4.0,254.4570857999085,2
FP2-F4,8,transicion,4.5,274.3683742112195,2
FP2-F4,8,transicion,5.0,290.35646558406154,2
FP2-F4,8,transicion,5.5,427.5712268263274,2
FP2-F4,8,transicion,6.0,397.90039746304296,2
FP2-F4,8,transicion,6.5,204.70631615940988,2
FP2-F4,8,transicion,7.0,108.17613181008329,2
FP2-F4,8,transicion,7.5,100.46882609845076,2
FP2-F4,8,transicion,8.0,91.62608366991292,2
FP2-F4,8,transicion,8.5,70.86749740450202,2
FP2-F4,8,transicion,9.0,39.273196069340344,2
FP2-F4,8,transicion,9.5,58.25631187909503,2
FP2-F4,8,transicion,10.0,88.02032502393314,2
FP2-F4,8,transicion,10.5,114.36351065994074,2
FP2-F4,8,transicion,11.0,98.62735267626654,2
FP2-F4,8,transicion,11.5,46.22901813563316,2
FP2-F4,8,transicion,12.0,44.740086506921706,2
FP2-F4,8,transicion,12.5,27.19192696884741,2
FP2-F4,8,transicion,13.0,17.53767122662042,2
FP2-F4,8,transicion,13.5,11.057595712333493,2
FP2-F4,8,transicion,14.0,5.462816054041126,2
FP2-F4,8,transicion,14.5,5.460134705040903,2
FP2-F4,8,transicion,15.0,4.0663332814176885,2
FP2-F4,8,transicion,15.5,5.1752726516729854,2
FP2-F4,8,transicion,16.0,11.390321757179361,2
FP2-F4,8,transicion,16.5,4.904810589607287,2
FP2-F4,8,transicion,17.0,2.973970639636365,2
FP2-F4,8,transicion,17.5,2.079740278926144,2
FP2-F4,8,transicion,18.0,1.760132069270578,2
FP2-F4,8,transicion,18.5,1.664329551520607,2
FP2-F4,8,transicion,19.0,0.8476695944580834,2
FP2-F4,8,transicion,19.5,0.7691250594542531,2
FP2-F4,8,transicion,20.0,1.06840209028107,2
FP2-F4,8,transicion,20.5,1.310227235966625,2
FP2-F4,8,transicion,21.0,0.888002681971059,2
FP2-F4,8,transicion,21.5,0.8479877477065298,2
FP2-F4,8,transicion,22.0,1.0496239722587513,2
FP2-F4,8,transicion,22.5,0.8379824752416802,2
FP2-F4,8,transicion,23.0,0.8564707378701697,2
FP2-F4,8,transicion,23.5,0.8482976016378578,2
FP2-F4,8,transicion,24.0,1.0089508733179355,2
FP2-F4,8,transicion,24.5,0.9558598914245435,2
FP2-F4,8,transicion,25.0,0.8261840905694358,2
FP2-F4,8,transicion,25.5,0.6102152422864562,2
FP2-F4,8,transicion,26.0,0.5603519910012329,2
FP2-F4,8,transicion,26.5,0.467798485946869,2
FP2-F4,8,transicion,27.0,0.48277297629356164,2
FP2-F4,8,transicion,27.5,0.34369900454794544,2
FP2-F4,8,transicion,28.0,0.4976361467802295,2
FP2-F4,8,transicion,28.5,0.40173425080692393,2
FP2-F4,8,transicion,29.0,0.593210015777821,2
FP2-F4,8,transicion,29.5,0.4719045439543771,2
FP2-F4,8,transicion,30.0,0.30025589647894324,2
FP2-F4,8,transicion,30.5,0.2735075336986569,2
FP2-F4,8,transicion,31.0,0.3289916435388024,2
FP2-F4,8,transicion,31.5,2.2126367149343205,2
FP2-F4,8,transicion,32.0,6.433310154479647,2
FP2-F4,8,transicion,32.5,1.7900327057053198,2
FP2-F4,8,transicion,33.0,0.3020756442480682,2
FP2-F4,8,transicion,33.5,0.38766757497074933,2
FP2-F4,8,transicion,34.0,0.40308095923382625,2
FP2-F4,8,transicion,34.5,0.4327281651549876,2
FP2-F4,8,transicion,35.0,0.34603111890929056,2
FP2-F4,8,transicion,35.5,0.3658145696937096,2
FP2-F4,8,transicion,36.0,0.3136926337104495,2
FP2-F4,8,transicion,36.5,0.33275873119905097,2
FP2-F4,8,transicion,37.0,0.2293474682703815,2
FP2-F4,8,transicion,37.5,0.1511750337825242,2
FP2-F4,8,transicion,38.0,0.22573322339904037,2
FP2-F4,8,transicion,38.5,0.18956482264953253,2
FP2-F4,8,transicion,39.0,0.13397215516961092,2
FP2-F4,8,transicion,39.5,0.123862809801697,2
FP2-F4,8,transicion,40.0,0.08588317414505521,2
FP2-F8,2,ictal,0.5,622.0383069204958,39
FP2-F8,2,ictal,1.0,1668.593288381325,39
FP2-F8,2,ictal,1.5,1129.0742311696101,39
FP2-F8,2,ictal,2.0,1569.6799680660395,39
FP2-F8,2,ictal,2.5,1826.1345151158553,39
FP2-F8,2,ictal,3.0,971.8947614153383,39
FP2-F8,2,ictal,3.5,721.5600080983236,39
FP2-F8,2,ictal,4.0,405.58360532519083,39
FP2-F8,2,ictal,4.5,164.76824588928255,39
FP2-F8,2,ictal,5.0,130.38961043235608,39
FP2-F8,2,ictal,5.5,167.0542496689078,39
FP2-F8,2,ictal,6.0,197.7654541440749,39
FP2-F8,2,ictal,6.5,233.34583166955326,39
FP2-F8,2,ictal,7.0,156.78896056579003,39
FP2-F8,2,ictal,7.5,52.523726183226366,39
FP2-F8,2,ictal,8.0,37.58805998721035,39
FP2-F8,2,ictal,8.5,31.33479896400916,39
FP2-F8,2,ictal,9.0,36.654559289513166,39
FP2-F8,2,ictal,9.5,17.233652451340742,39
FP2-F8,2,ictal,10.0,19.538977239377516,39
FP2-F8,2,ictal,10.5,27.88622308622016,39
FP2-F8,2,ictal,11.0,10.7316449907322,39
FP2-F8,2,ictal,11.5,11.44197362084062,39
FP2-F8,2,ictal,12.0,11.775634371075553,39
FP2-F8,2,ictal,12.5,13.987296432147321,39
FP2-F8,2,ictal,13.0,17.530518169775483,39
FP2-F8,2,ictal,13.5,12.881329378056671,39
FP2-F8,2,ictal,14.0,7.36882103926592,39
FP2-F8,2,ictal,14.5,7.939180404941467,39
FP2-F8,2,ictal,15.0,10.835388732510582,39
FP2-F8,2,ictal,15.5,8.408177295527405,39
FP2-F8,2,ictal,16.0,16.845219762757765,39
FP2-F8,2,ictal,16.5,9.205733245873564,39
FP2-F8,2,ictal,17.0,13.688178644815762,39
FP2-F8,2,ictal,17.5,19.219646603352718,39
FP2-F8,2,ictal,18.0,10.142128120757139,39
FP2-F8,2,ictal,18.5,12.531022732556368,39
FP2-F8,2,ictal,19.0,9.789810182254321,39
FP2-F8,2,ictal,19.5,22.643305300600684,39
FP2-F8,2,ictal,20.0,14.500533850198098,39
FP2-F8,2,ictal,20.5,21.069841437502173,39
FP2-F8,2,ictal,21.0,10.44203333162086,39
FP2-F8,2,ictal,21.5,20.67289736713626,39
FP2-F8,2,ictal,22.0,14.495737604506733,39
FP2-F8,2,ictal,22.5,17.672370767538876,39
FP2-F8,2,ictal,23.0,17.075663414634842,39
FP2-F8,2,ictal,23.5,14.966958806300116,39
FP2-F8,2,ictal,24.0,9.249708101329349,39
FP2-F8,2,ictal,24.5,9.591693974459846,39
FP2-F8,2,ictal,25.0,13.990706839308865,39
FP2-F8,2,ictal,25.5,21.66268120893331,39
FP2-F8,2,ictal,26.0,19.413820420909325,39
FP2-F8,2,ictal,26.5,20.14802395233813,39
FP2-F8,2,ictal,27.0,22.955517634239754,39
FP2-F8,2,ictal,27.5,24.548776116690412,39
FP2-F8,2,ictal,28.0,22.323579443992813,39
FP2-F8,2,ictal,28.5,35.357924470889344,39
FP2-F8,2,ictal,29.0,20.292470898142952,39
FP2-F8,2,ictal,29.5,17.527401412734918,39
FP2-F8,2,ictal,30.0,18.230186598072958,39
FP2-F8,2,ictal,30.5,23.2334181282466,39
FP2-F8,2,ictal,31.0,18.811857999919347,39
FP2-F8,2,ictal,31.5,21.354286029054855,39
FP2-F8,2,ictal,32.0,40.12006705236203,39
FP2-F8,2,ictal,32.5,30.72697502422612,39
FP2-F8,2,ictal,33.0,32.6048925536169,39
FP2-F8,2,ictal,33.5,16.659621424862273,39
FP2-F8,2,ictal,34.0,12.762029439904328,39
FP2-F8,2,ictal,34.5,22.398717930570506,39
FP2-F8,2,ictal,35.0,24.723885101549833,39
FP2-F8,2,ictal,35.5,22.349709902014176,39
FP2-F8,2,ictal,36.0,11.358869654296646,39
FP2-F8,2,ictal,36.5,8.880016020607325,39
FP2-F8,2,ictal,37.0,12.159969587597113,39
FP2-F8,2,ictal,37.5,10.348675228944373,39
FP2-F8,2,ictal,38.0,6.137068522699958,39
FP2-F8,2,ictal,38.5,9.79164301777228,39
FP2-F8,2,ictal,39.0,10.612233679120283,39
FP2-F8,2,ictal,39.5,5.413048692871025,39
FP2-F8,2,ictal,40.0,5.293994517900748,39
FP2-F8,2,sin_crisis_anotada,0.5,60.19358051914662,238
FP2-F8,2,sin_crisis_anotada,1.0,119.83115822496552,238
FP2-F8,2,sin_crisis_anotada,1.5,141.10029261694302,238
FP2-F8,2,sin_crisis_anotada,2.0,99.44275084477913,238
FP2-F8,2,sin_crisis_anotada,2.5,61.174335139390195,238
FP2-F8,2,sin_crisis_anotada,3.0,43.1178289326774,238
FP2-F8,2,sin_crisis_anotada,3.5,35.4250743307567,238
FP2-F8,2,sin_crisis_anotada,4.0,27.159766913171573,238
FP2-F8,2,sin_crisis_anotada,4.5,23.59869778282267,238
FP2-F8,2,sin_crisis_anotada,5.0,18.3440387940568,238
FP2-F8,2,sin_crisis_anotada,5.5,13.855221906051897,238
FP2-F8,2,sin_crisis_anotada,6.0,12.94295916513818,238
FP2-F8,2,sin_crisis_anotada,6.5,12.786429616959794,238
FP2-F8,2,sin_crisis_anotada,7.0,9.258345345699489,238
FP2-F8,2,sin_crisis_anotada,7.5,7.158450119511208,238
FP2-F8,2,sin_crisis_anotada,8.0,4.862379887399858,238
FP2-F8,2,sin_crisis_anotada,8.5,4.108263433611261,238
FP2-F8,2,sin_crisis_anotada,9.0,2.907046665315511,238
FP2-F8,2,sin_crisis_anotada,9.5,3.1978179175327126,238
FP2-F8,2,sin_crisis_anotada,10.0,4.192036487514615,238
FP2-F8,2,sin_crisis_anotada,10.5,3.3941405113545136,238
FP2-F8,2,sin_crisis_anotada,11.0,3.539023937177433,238
FP2-F8,2,sin_crisis_anotada,11.5,3.8268112784314248,238
FP2-F8,2,sin_crisis_anotada,12.0,3.515538368905938,238
FP2-F8,2,sin_crisis_anotada,12.5,3.1531140888858395,238
FP2-F8,2,sin_crisis_anotada,13.0,2.5322278069159063,238
FP2-F8,2,sin_crisis_anotada,13.5,2.0287707431762643,238
FP2-F8,2,sin_crisis_anotada,14.0,1.6949423997025876,238
FP2-F8,2,sin_crisis_anotada,14.5,1.6375192685486875,238
FP2-F8,2,sin_crisis_anotada,15.0,1.480539496857479,238
FP2-F8,2,sin_crisis_anotada,15.5,4.697140933004233,238
FP2-F8,2,sin_crisis_anotada,16.0,12.473640408048448,238
FP2-F8,2,sin_crisis_anotada,16.5,4.095821774091823,238
FP2-F8,2,sin_crisis_anotada,17.0,0.9271027265479672,238
FP2-F8,2,sin_crisis_anotada,17.5,0.7500041580386012,238
FP2-F8,2,sin_crisis_anotada,18.0,0.7383580073332581,238
FP2-F8,2,sin_crisis_anotada,18.5,0.6729717920682925,238
FP2-F8,2,sin_crisis_anotada,19.0,0.5228882276727616,238
FP2-F8,2,sin_crisis_anotada,19.5,0.6866724104813876,238
FP2-F8,2,sin_crisis_anotada,20.0,1.0054800778762896,238
FP2-F8,2,sin_crisis_anotada,20.5,0.5665447906726924,238
FP2-F8,2,sin_crisis_anotada,21.0,0.4258389175371911,238
FP2-F8,2,sin_crisis_anotada,21.5,0.35594060757003687,238
FP2-F8,2,sin_crisis_anotada,22.0,0.40775207226541493,238
FP2-F8,2,sin_crisis_anotada,22.5,0.42568460524784835,238
FP2-F8,2,sin_crisis_anotada,23.0,0.43839582080635375,238
FP2-F8,2,sin_crisis_anotada,23.5,0.34921528204204483,238
FP2-F8,2,sin_crisis_anotada,24.0,0.33552620064639793,238
FP2-F8,2,sin_crisis_anotada,24.5,0.2949465527165893,238
FP2-F8,2,sin_crisis_anotada,25.0,0.2816812802631452,238
FP2-F8,2,sin_crisis_anotada,25.5,0.2790591003028807,238
FP2-F8,2,sin_crisis_anotada,26.0,0.25742397090527447,238
FP2-F8,2,sin_crisis_anotada,26.5,0.22923699862264021,238
FP2-F8,2,sin_crisis_anotada,27.0,0.19594208698360366,238
FP2-F8,2,sin_crisis_anotada,27.5,0.3367712809465377,238
FP2-F8,2,sin_crisis_anotada,28.0,0.7872263768169556,238
FP2-F8,2,sin_crisis_anotada,28.5,0.2606962906991984,238
FP2-F8,2,sin_crisis_anotada,29.0,0.15193378345564815,238
FP2-F8,2,sin_crisis_anotada,29.5,0.16206151241409028,238
FP2-F8,2,sin_crisis_anotada,30.0,0.15555345700203646,238
FP2-F8,2,sin_crisis_anotada,30.5,0.1116059239943529,238
FP2-F8,2,sin_crisis_anotada,31.0,0.10516235488685277,238
FP2-F8,2,sin_crisis_anotada,31.5,1.6717716387802928,238
FP2-F8,2,sin_crisis_anotada,32.0,5.075603552744171,238
FP2-F8,2,sin_crisis_anotada,32.5,1.6881361605682002,238
FP2-F8,2,sin_crisis_anotada,33.0,0.08600755549746486,238
FP2-F8,2,sin_crisis_anotada,33.5,0.08240114713118774,238
FP2-F8,2,sin_crisis_anotada,34.0,0.07357329557699699,238
FP2-F8,2,sin_crisis_anotada,34.5,0.054553335493661065,238
FP2-F8,2,sin_crisis_anotada,35.0,0.061102417765168324,238
FP2-F8,2,sin_crisis_anotada,35.5,0.09966648872008643,238
FP2-F8,2,sin_crisis_anotada,36.0,0.33215812531112393,238
FP2-F8,2,sin_crisis_anotada,36.5,0.11271101794260423,238
FP2-F8,2,sin_crisis_anotada,37.0,0.041518119550446535,238
FP2-F8,2,sin_crisis_anotada,37.5,0.0372569730679538,238
FP2-F8,2,sin_crisis_anotada,38.0,0.02631114555928332,238
FP2-F8,2,sin_crisis_anotada,38.5,0.022444772702049674,238
FP2-F8,2,sin_crisis_anotada,39.0,0.020634421176947318,238
FP2-F8,2,sin_crisis_anotada,39.5,0.01954806579993897,238
FP2-F8,2,sin_crisis_anotada,40.0,0.01599996484087018,238
FP2-F8,2,transicion,0.5,449.5293460847609,2
FP2-F8,2,transicion,1.0,454.06094002526316,2
FP2-F8,2,transicion,1.5,1014.9167409226461,2
FP2-F8,2,transicion,2.0,1408.2876864125453,2
FP2-F8,2,transicion,2.5,861.5579750042023,2
FP2-F8,2,transicion,3.0,2558.1258584475895,2
FP2-F8,2,transicion,3.5,1331.784637513421,2
FP2-F8,2,transicion,4.0,205.13517026388058,2
FP2-F8,2,transicion,4.5,101.60637532694417,2
FP2-F8,2,transicion,5.0,129.871828163723,2
FP2-F8,2,transicion,5.5,217.51091163667903,2
FP2-F8,2,transicion,6.0,222.25055477655476,2
FP2-F8,2,transicion,6.5,293.03841007986136,2
FP2-F8,2,transicion,7.0,223.92454599977594,2
FP2-F8,2,transicion,7.5,116.2404514149022,2
FP2-F8,2,transicion,8.0,30.905283896466003,2
FP2-F8,2,transicion,8.5,26.621943423799138,2
FP2-F8,2,transicion,9.0,64.35872971495999,2
FP2-F8,2,transicion,9.5,134.01831828461403,2
FP2-F8,2,transicion,10.0,106.96204134298259,2
FP2-F8,2,transicion,10.5,12.68984851042548,2
FP2-F8,2,transicion,11.0,8.424197830886245,2
FP2-F8,2,transicion,11.5,20.87523093344339,2
FP2-F8,2,transicion,12.0,27.36508982159205,2
FP2-F8,2,transicion,12.5,19.265405334855586,2
FP2-F8,2,transicion,13.0,8.938380881357311,2
FP2-F8,2,transicion,13.5,3.738502583304771,2
FP2-F8,2,transicion,14.0,3.617079729714409,2
FP2-F8,2,transicion,14.5,11.82578369078396,2
FP2-F8,2,transicion,15.0,3.9847397978206756,2
FP2-F8,2,transicion,15.5,2.7614612689379303,2
FP2-F8,2,transicion,16.0,9.968910854327156,2
FP2-F8,2,transicion,16.5,4.438717973111565,2
FP2-F8,2,transicion,17.0,0.5920505827838838,2
FP2-F8,2,transicion,17.5,1.493106558811529,2
FP2-F8,2,transicion,18.0,3.4287830130858823,2
FP2-F8,2,transicion,18.5,1.931251922826633,2
FP2-F8,2,transicion,19.0,1.3655503756818288,2
FP2-F8,2,transicion,19.5,1.5340709064117823,2
FP2-F8,2,transicion,20.0,1.3236835768726507,2
FP2-F8,2,transicion,20.5,0.9971959035839737,2
FP2-F8,2,transicion,21.0,0.17735698017828083,2
FP2-F8,2,transicion,21.5,1.1308968300985929,2
FP2-F8,2,transicion,22.0,2.1875157213693877,2
FP2-F8,2,transicion,22.5,1.3442711601794215,2
FP2-F8,2,transicion,23.0,0.5058038170753789,2
FP2-F8,2,transicion,23.5,0.19349873156390213,2
FP2-F8,2,transicion,24.0,0.36598665146696274,2
FP2-F8,2,transicion,24.5,0.6790135535188853,2
FP2-F8,2,transicion,25.0,2.2141920676361515,2
FP2-F8,2,transicion,25.5,4.281220089805822,2
FP2-F8,2,transicion,26.0,3.492772402559926,2
FP2-F8,2,transicion,26.5,1.027833710166795,2
FP2-F8,2,transicion,27.0,0.5472197707260902,2
FP2-F8,2,transicion,27.5,0.36729924490721433,2
FP2-F8,2,transicion,28.0,0.031054982621709557,2
FP2-F8,2,transicion,28.5,1.7427656042456534,2
FP2-F8,2,transicion,29.0,3.0546812366147518,2
FP2-F8,2,transicion,29.5,1.7400291064793398,2
FP2-F8,2,transicion,30.0,3.9990131491842935,2
FP2-F8,2,transicion,30.5,4.557517765586491,2
FP2-F8,2,transicion,31.0,3.696666799638548,2
FP2-F8,2,transicion,31.5,2.223659821044086,2
FP2-F8,2,transicion,32.0,6.776133839431323,2
FP2-F8,2,transicion,32.5,2.7069343232079195,2
FP2-F8,2,transicion,33.0,0.2280138338187708,2
FP2-F8,2,transicion,33.5,0.1624520115828129,2
FP2-F8,2,transicion,34.0,0.30954574623390985,2
FP2-F8,2,transicion,34.5,0.374756577128291,2
FP2-F8,2,transicion,35.0,0.8554810938615554,2
FP2-F8,2,transicion,35.5,1.0907644394265166,2
FP2-F8,2,transicion,36.0,0.38802134173066927,2
FP2-F8,2,transicion,36.5,0.8124694490063229,2
FP2-F8,2,transicion,37.0,1.3052237284779464,2
FP2-F8,2,transicion,37.5,0.3872734329389589,2
FP2-F8,2,transicion,38.0,0.09072573205223983,2
FP2-F8,2,transicion,38.5,0.23655744227727613,2
FP2-F8,2,transicion,39.0,0.158827988353682,2
FP2-F8,2,transicion,39.5,0.11804323628945768,2
FP2-F8,2,transicion,40.0,0.6270595436372308,2
FP2-F8,4,ictal,0.5,763.1883537350445,19
FP2-F8,4,ictal,1.0,2175.1571057860924,19
FP2-F8,4,ictal,1.5,2048.861623952916,19
FP2-F8,4,ictal,2.0,2688.8409961878165,19
FP2-F8,4,ictal,2.5,2011.0890287156237,19
FP2-F8,4,ictal,3.0,1621.2555369377067,19
FP2-F8,4,ictal,3.5,1053.2306478842368,19
FP2-F8,4,ictal,4.0,387.0183994797954,19
FP2-F8,4,ictal,4.5,213.62314470455183,19
FP2-F8,4,ictal,5.0,234.11511843079833,19
FP2-F8,4,ictal,5.5,278.76399737000105,19
FP2-F8,4,ictal,6.0,352.69033965014586,19
FP2-F8,4,ictal,6.5,238.8232441879521,19
FP2-F8,4,ictal,7.0,134.73583130683116,19
FP2-F8,4,ictal,7.5,78.90086517109638,19
FP2-F8,4,ictal,8.0,61.50660660474637,19
FP2-F8,4,ictal,8.5,52.64535338792391,19
FP2-F8,4,ictal,9.0,34.99187671153278,19
FP2-F8,4,ictal,9.5,26.294242066807865,19
FP2-F8,4,ictal,10.0,24.97697180959086,19
FP2-F8,4,ictal,10.5,23.62942675015526,19
FP2-F8,4,ictal,11.0,16.43052151280785,19
FP2-F8,4,ictal,11.5,14.530366548224237,19
FP2-F8,4,ictal,12.0,13.112732537467314,19
FP2-F8,4,ictal,12.5,14.963283382444894,19
FP2-F8,4,ictal,13.0,12.946826774010113,19
FP2-F8,4,ictal,13.5,11.521595447500864,19
FP2-F8,4,ictal,14.0,12.615209661960284,19
FP2-F8,4,ictal,14.5,17.62250243679885,19
FP2-F8,4,ictal,15.0,12.914066032607016,19
FP2-F8,4,ictal,15.5,11.740677459814881,19
FP2-F8,4,ictal,16.0,25.450149266768438,19
FP2-F8,4,ictal,16.5,22.404820971968974,19
FP2-F8,4,ictal,17.0,24.17730893116122,19
FP2-F8,4,ictal,17.5,27.417315058582574,19
FP2-F8,4,ictal,18.0,36.51663384397026,19
FP2-F8,4,ictal,18.5,22.62506984008966,19
FP2-F8,4,ictal,19.0,17.85381539659922,19
FP2-F8,4,ictal,19.5,30.642485707707507,19
FP2-F8,4,ictal,20.0,30.182084478726456,19
FP2-F8,4,ictal,20.5,30.923492481444907,19
FP2-F8,4,ictal,21.0,16.744086035611673,19
FP2-F8,4,ictal,21.5,29.739559216450797,19
FP2-F8,4,ictal,22.0,32.3436116942059,19
FP2-F8,4,ictal,22.5,37.893627230116685,19
FP2-F8,4,ictal,23.0,26.752010090115945,19
FP2-F8,4,ictal,23.5,24.001493837317586,19
FP2-F8,4,ictal,24.0,24.675004120214876,19
FP2-F8,4,ictal,24.5,31.104088821079625,19
FP2-F8,4,ictal,25.0,26.42926392895143,19
FP2-F8,4,ictal,25.5,40.867841296037604,19
FP2-F8,4,ictal,26.0,39.07794842374181,19
FP2-F8,4,ictal,26.5,29.708584263738242,19
FP2-F8,4,ictal,27.0,37.41110050295574,19
FP2-F8,4,ictal,27.5,43.94624251704411,19
FP2-F8,4,ictal,28.0,53.68405521777678,19
FP2-F8,4,ictal,28.5,61.57728132070553,19
FP2-F8,4,ictal,29.0,46.53311159117837,19
FP2-F8,4,ictal,29.5,21.659484882851093,19
FP2-F8,4,ictal,30.0,51.62523539899482,19
FP2-F8,4,ictal,30.5,39.611880045343106,19
FP2-F8,4,ictal,31.0,43.82576442904372,19
FP2-F8,4,ictal,31.5,59.9449228658373,19
FP2-F8,4,ictal,32.0,62.953008811710696,19
FP2-F8,4,ictal,32.5,61.22228641988821,19
FP2-F8,4,ictal,33.0,54.99089275813203,19
FP2-F8,4,ictal,33.5,25.457828324471752,19
FP2-F8,4,ictal,34.0,28.95744748417677,19
FP2-F8,4,ictal,34.5,32.453519352887305,19
FP2-F8,4,ictal,35.0,48.044267196328725,19
FP2-F8,4,ictal,35.5,59.3038324065291,19
FP2-F8,4,ictal,36.0,33.13936355167789,19
FP2-F8,4,ictal,36.5,28.607328043047016,19
FP2-F8,4,ictal,37.0,27.11712559468276,19
FP2-F8,4,ictal,37.5,16.031108483375466,19
FP2-F8,4,ictal,38.0,12.527992074877504,19
FP2-F8,4,ictal,38.5,20.14188991005819,19
FP2-F8,4,ictal,39.0,17.80052952851381,19
FP2-F8,4,ictal,39.5,16.252839380075404,19
FP2-F8,4,ictal,40.0,12.306467792367426,19
FP2-F8,4,sin_crisis_anotada,0.5,67.87102257916828,118
FP2-F8,4,sin_crisis_anotada,1.0,146.44350683450477,118
FP2-F8,4,sin_crisis_anotada,1.5,147.03032475830565,118
FP2-F8,4,sin_crisis_anotada,2.0,133.69241228904798,118
FP2-F8,4,sin_crisis_anotada,2.5,77.99654416969096,118
FP2-F8,4,sin_crisis_anotada,3.0,52.36180839044697,118
FP2-F8,4,sin_crisis_anotada,3.5,38.52278096428593,118
FP2-F8,4,sin_crisis_anotada,4.0,35.81399498138244,118
FP2-F8,4,sin_crisis_anotada,4.5,29.041502107846007,118
FP2-F8,4,sin_crisis_anotada,5.0,24.136486124845888,118
FP2-F8,4,sin_crisis_anotada,5.5,23.016343150562868,118
FP2-F8,4,sin_crisis_anotada,6.0,17.638825500180822,118
FP2-F8,4,sin_crisis_anotada,6.5,15.907114365282904,118
FP2-F8,4,sin_crisis_anotada,7.0,14.690550822576903,118
FP2-F8,4,sin_crisis_anotada,7.5,11.588159451262284,118
FP2-F8,4,sin_crisis_anotada,8.0,6.336302013510397,118
FP2-F8,4,sin_crisis_anotada,8.5,5.66329984028582,118
FP2-F8,4,sin_crisis_anotada,9.0,5.278744953516789,118
FP2-F8,4,sin_crisis_anotada,9.5,6.332319638956771,118
FP2-F8,4,sin_crisis_anotada,10.0,6.733904716631855,118
FP2-F8,4,sin_crisis_anotada,10.5,7.197670996721506,118
FP2-F8,4,sin_crisis_anotada,11.0,7.689583899992471,118
FP2-F8,4,sin_crisis_anotada,11.5,7.684722520835551,118
FP2-F8,4,sin_crisis_anotada,12.0,8.210100438282973,118
FP2-F8,4,sin_crisis_anotada,12.5,5.400074706277323,118
FP2-F8,4,sin_crisis_anotada,13.0,3.673049207157532,118
FP2-F8,4,sin_crisis_anotada,13.5,2.8083360273148275,118
FP2-F8,4,sin_crisis_anotada,14.0,2.508295980373723,118
FP2-F8,4,sin_crisis_anotada,14.5,2.528183451234753,118
FP2-F8,4,sin_crisis_anotada,15.0,2.1074850416442708,118
FP2-F8,4,sin_crisis_anotada,15.5,6.208220171487943,118
FP2-F8,4,sin_crisis_anotada,16.0,14.752326244574288,118
FP2-F8,4,sin_crisis_anotada,16.5,5.281786948213876,118
FP2-F8,4,sin_crisis_anotada,17.0,1.2595846385050906,118
FP2-F8,4,sin_crisis_anotada,17.5,0.9957038203093597,118
FP2-F8,4,sin_crisis_anotada,18.0,0.836767777368411,118
FP2-F8,4,sin_crisis_anotada,18.5,0.7693151187008369,118
FP2-F8,4,sin_crisis_anotada,19.0,0.7712150624396825,118
FP2-F8,4,sin_crisis_anotada,19.5,0.8540199569073732,118
FP2-F8,4,sin_crisis_anotada,20.0,1.307796363551001,118
FP2-F8,4,sin_crisis_anotada,20.5,0.6575875617069803,118
FP2-F8,4,sin_crisis_anotada,21.0,0.5265925978922884,118
FP2-F8,4,sin_crisis_anotada,21.5,0.5316882308415976,118
FP2-F8,4,sin_crisis_anotada,22.0,0.5357459093500718,118
FP2-F8,4,sin_crisis_anotada,22.5,0.5060912421681703,118
FP2-F8,4,sin_crisis_anotada,23.0,0.6244287716857857,118
FP2-F8,4,sin_crisis_anotada,23.5,0.6104362104156221,118
FP2-F8,4,sin_crisis_anotada,24.0,0.4401067597012043,118
FP2-F8,4,sin_crisis_anotada,24.5,0.3624825226305359,118
FP2-F8,4,sin_crisis_anotada,25.0,0.3422223470864851,118
FP2-F8,4,sin_crisis_anotada,25.5,0.3672784264692983,118
FP2-F8,4,sin_crisis_anotada,26.0,0.39484043775042377,118
FP2-F8,4,sin_crisis_anotada,26.5,0.3331464638565138,118
FP2-F8,4,sin_crisis_anotada,27.0,0.3026811035571182,118
FP2-F8,4,sin_crisis_anotada,27.5,0.44866382521628734,118
FP2-F8,4,sin_crisis_anotada,28.0,0.9405041659066695,118
FP2-F8,4,sin_crisis_anotada,28.5,0.3502212501694879,118
FP2-F8,4,sin_crisis_anotada,29.0,0.19030123168907526,118
FP2-F8,4,sin_crisis_anotada,29.5,0.18222952789506408,118
FP2-F8,4,sin_crisis_anotada,30.0,0.17369679588224146,118
FP2-F8,4,sin_crisis_anotada,30.5,0.14470850780119116,118
FP2-F8,4,sin_crisis_anotada,31.0,0.13053730785583884,118
FP2-F8,4,sin_crisis_anotada,31.5,2.322876085607903,118
FP2-F8,4,sin_crisis_anotada,32.0,9.234140289118026,118
FP2-F8,4,sin_crisis_anotada,32.5,2.1200234922780146,118
FP2-F8,4,sin_crisis_anotada,33.0,0.10043790233254944,118
FP2-F8,4,sin_crisis_anotada,33.5,0.1008668860745673,118
FP2-F8,4,sin_crisis_anotada,34.0,0.09080733670195748,118
FP2-F8,4,sin_crisis_anotada,34.5,0.07959232680808552,118
FP2-F8,4,sin_crisis_anotada,35.0,0.07210541441032808,118
FP2-F8,4,sin_crisis_anotada,35.5,0.11493263325065907,118
FP2-F8,4,sin_crisis_anotada,36.0,0.3553373208770667,118
FP2-F8,4,sin_crisis_anotada,36.5,0.12688970098186977,118
FP2-F8,4,sin_crisis_anotada,37.0,0.04864122507494331,118
FP2-F8,4,sin_crisis_anotada,37.5,0.04580449657193264,118
FP2-F8,4,sin_crisis_anotada,38.0,0.026717888912722403,118
FP2-F8,4,sin_crisis_anotada,38.5,0.027048025128207476,118
FP2-F8,4,sin_crisis_anotada,39.0,0.025642794294671124,118
FP2-F8,4,sin_crisis_anotada,39.5,0.02175668940939138,118
FP2-F8,4,sin_crisis_anotada,40.0,0.01921642699789733,118
FP2-F8,4,transicion,0.5,356.93742463417175,2
FP2-F8,4,transicion,1.0,761.2008648868492,2
FP2-F8,4,transicion,1.5,1150.0243224795486,2
FP2-F8,4,transicion,2.0,1261.7461952733588,2
FP2-F8,4,transicion,2.5,686.79643983859,2
FP2-F8,4,transicion,3.0,2237.751720758946,2
FP2-F8,4,transicion,3.5,1686.313322675959,2
FP2-F8,4,transicion,4.0,334.82446351183734,2
FP2-F8,4,transicion,4.5,122.87558827867474,2
FP2-F8,4,transicion,5.0,163.57673088585193,2
FP2-F8,4,transicion,5.5,130.0728133625205,2
FP2-F8,4,transicion,6.0,130.33108971939504,2
FP2-F8,4,transicion,6.5,163.2417984141681,2
FP2-F8,4,transicion,7.0,151.998666642707,2
FP2-F8,4,transicion,7.5,71.8452201887107,2
FP2-F8,4,transicion,8.0,25.305731328818553,2
FP2-F8,4,transicion,8.5,41.67273879558019,2
FP2-F8,4,transicion,9.0,59.96230172825687,2
FP2-F8,4,transicion,9.5,88.76996661103696,2
FP2-F8,4,transicion,10.0,92.60533330609417,2
FP2-F8,4,transicion,10.5,18.21343148090261,2
FP2-F8,4,transicion,11.0,16.499981194493248,2
FP2-F8,4,transicion,11.5,34.75928700881906,2
FP2-F8,4,transicion,12.0,16.722904280274097,2
FP2-F8,4,transicion,12.5,12.727498511296805,2
FP2-F8,4,transicion,13.0,7.4805462121109265,2
FP2-F8,4,transicion,13.5,6.864295110918249,2
FP2-F8,4,transicion,14.0,3.2018751218786776,2
FP2-F8,4,transicion,14.5,7.097229090465598,2
FP2-F8,4,transicion,15.0,4.455563249420119,2
FP2-F8,4,transicion,15.5,5.509122748490761,2
FP2-F8,4,transicion,16.0,19.091972837709825,2
FP2-F8,4,transicion,16.5,10.141516459829228,2
FP2-F8,4,transicion,17.0,2.2102273546324294,2
FP2-F8,4,transicion,17.5,1.4477709686625204,2
FP2-F8,4,transicion,18.0,3.0815441410062165,2
FP2-F8,4,transicion,18.5,2.5049495053767963,2
FP2-F8,4,transicion,19.0,1.4756968565651645,2
FP2-F8,4,transicion,19.5,1.0095428347236672,2
FP2-F8,4,transicion,20.0,1.1499718739368623,2
FP2-F8,4,transicion,20.5,0.9232939736025083,2
FP2-F8,4,transicion,21.0,0.683083767396292,2
FP2-F8,4,transicion,21.5,1.3554124811283992,2
FP2-F8,4,transicion,22.0,2.1138315400482584,2
FP2-F8,4,transicion,22.5,1.653748724705192,2
FP2-F8,4,transicion,23.0,1.4538035838950785,2
FP2-F8,4,transicion,23.5,1.3630147260015788,2
FP2-F8,4,transicion,24.0,1.943767694416748,2
FP2-F8,4,transicion,24.5,1.843489125005929,2
FP2-F8,4,transicion,25.0,2.450539888805773,2
FP2-F8,4,transicion,25.5,3.408972725419863,2
FP2-F8,4,transicion,26.0,4.46909380178413,2
FP2-F8,4,transicion,26.5,4.602566916670815,2
FP2-F8,4,transicion,27.0,3.042352364660875,2
FP2-F8,4,transicion,27.5,2.088809401710277,2
FP2-F8,4,transicion,28.0,2.2224256158275013,2
FP2-F8,4,transicion,28.5,3.128712600961834,2
FP2-F8,4,transicion,29.0,3.7449438860934974,2
FP2-F8,4,transicion,29.5,3.001241388689621,2
FP2-F8,4,transicion,30.0,3.7939585918267453,2
FP2-F8,4,transicion,30.5,3.338397488093815,2
FP2-F8,4,transicion,31.0,2.9696090075332853,2
FP2-F8,4,transicion,31.5,4.381509538101821,2
FP2-F8,4,transicion,32.0,8.802873741268062,2
FP2-F8,4,transicion,32.5,1.9113784037496895,2
FP2-F8,4,transicion,33.0,0.8652106532208463,2
FP2-F8,4,transicion,33.5,0.8160953493020883,2
FP2-F8,4,transicion,34.0,0.8573640744265234,2
FP2-F8,4,transicion,34.5,0.9077998249021326,2
FP2-F8,4,transicion,35.0,0.9689360038094672,2
FP2-F8,4,transicion,35.5,0.7964432750056718,2
FP2-F8,4,transicion,36.0,0.8065136436739196,2
FP2-F8,4,transicion,36.5,0.7639121143858008,2
FP2-F8,4,transicion,37.0,0.8261413382997891,2
FP2-F8,4,transicion,37.5,0.6631975949594044,2
FP2-F8,4,transicion,38.0,0.617864524261606,2
FP2-F8,4,transicion,38.5,0.5612000098676764,2
FP2-F8,4,transicion,39.0,0.7352826220377453,2
FP2-F8,4,transicion,39.5,0.7077330955893975,2
FP2-F8,4,transicion,40.0,0.8467019565074564,2
FP2-F8,8,ictal,0.5,819.3869651081053,9
FP2-F8,8,ictal,1.0,2411.8910003770875,9
FP2-F8,8,ictal,1.5,1799.2915285701438,9
FP2-F8,8,ictal,2.0,2578.9159798684273,9
FP2-F8,8,ictal,2.5,3489.932111730581,9
FP2-F8,8,ictal,3.0,2069.109122622151,9
FP2-F8,8,ictal,3.5,844.6476327466328,9
FP2-F8,8,ictal,4.0,476.89413746930876,9
FP2-F8,8,ictal,4.5,161.39181057835793,9
FP2-F8,8,ictal,5.0,216.39890420873206,9
FP2-F8,8,ictal,5.5,291.17127005973583,9
FP2-F8,8,ictal,6.0,369.0178067389003,9
FP2-F8,8,ictal,6.5,243.38155936006356,9
FP2-F8,8,ictal,7.0,165.67565079461497,9
FP2-F8,8,ictal,7.5,111.3337461511758,9
FP2-F8,8,ictal,8.0,62.484327576565256,9
FP2-F8,8,ictal,8.5,43.7729815890743,9
FP2-F8,8,ictal,9.0,35.33707094161543,9
FP2-F8,8,ictal,9.5,24.170689091281726,9
FP2-F8,8,ictal,10.0,24.516965356653962,9
FP2-F8,8,ictal,10.5,32.028660389397594,9
FP2-F8,8,ictal,11.0,11.804434511306171,9
FP2-F8,8,ictal,11.5,15.0344891600989,9
FP2-F8,8,ictal,12.0,18.108288814425045,9
FP2-F8,8,ictal,12.5,20.677839917657366,9
FP2-F8,8,ictal,13.0,21.88492600670534,9
FP2-F8,8,ictal,13.5,23.225434786708316,9
FP2-F8,8,ictal,14.0,22.540845000461655,9
FP2-F8,8,ictal,14.5,15.396506435565213,9
FP2-F8,8,ictal,15.0,15.955100677617969,9
FP2-F8,8,ictal,15.5,12.238576625850163,9
FP2-F8,8,ictal,16.0,26.14937291946842,9
FP2-F8,8,ictal,16.5,29.09679122083523,9
FP2-F8,8,ictal,17.0,22.605843186949976,9
FP2-F8,8,ictal,17.5,35.365564324765636,9
FP2-F8,8,ictal,18.0,32.658890697845685,9
FP2-F8,8,ictal,18.5,34.86180561512496,9
FP2-F8,8,ictal,19.0,32.77942201945144,9
FP2-F8,8,ictal,19.5,27.791866432109078,9
FP2-F8,8,ictal,20.0,48.324934906403335,9
FP2-F8,8,ictal,20.5,55.323430750189225,9
FP2-F8,8,ictal,21.0,19.481374712075816,9
FP2-F8,8,ictal,21.5,29.408258721832706,9
FP2-F8,8,ictal,22.0,40.29928112039189,9
FP2-F8,8,ictal,22.5,54.286001559189415,9
FP2-F8,8,ictal,23.0,41.897591616641144,9
FP2-F8,8,ictal,23.5,23.77763307084008,9
FP2-F8,8,ictal,24.0,30.92658327203696,9
FP2-F8,8,ictal,24.5,39.58778071601605,9
FP2-F8,8,ictal,25.0,38.4303428706711,9
FP2-F8,8,ictal,25.5,36.5315362599335,9
FP2-F8,8,ictal,26.0,45.41655814918858,9
FP2-F8,8,ictal,26.5,42.26555806824309,9
FP2-F8,8,ictal,27.0,37.25615895179778,9
FP2-F8,8,ictal,27.5,39.64603908190983,9
FP2-F8,8,ictal,28.0,61.64200322274719,9
FP2-F8,8,ictal,28.5,71.14626798008581,9
FP2-F8,8,ictal,29.0,50.85133170318817,9
FP2-F8,8,ictal,29.5,46.23280830419735,9
FP2-F8,8,ictal,30.0,62.25280265726746,9
FP2-F8,8,ictal,30.5,49.99487403295421,9
FP2-F8,8,ictal,31.0,49.35144588532909,9
FP2-F8,8,ictal,31.5,76.623654691542,9
FP2-F8,8,ictal,32.0,74.71074779963737,9
FP2-F8,8,ictal,32.5,50.6858867347045,9
FP2-F8,8,ictal,33.0,65.17550007818257,9
FP2-F8,8,ictal,33.5,43.11722338483394,9
FP2-F8,8,ictal,34.0,32.05852809747795,9
FP2-F8,8,ictal,34.5,38.87254992806323,9
FP2-F8,8,ictal,35.0,58.36958061770715,9
FP2-F8,8,ictal,35.5,45.609604361252146,9
FP2-F8,8,ictal,36.0,53.49335338327344,9
FP2-F8,8,ictal,36.5,28.533326061560636,9
FP2-F8,8,ictal,37.0,28.47995211052639,9
FP2-F8,8,ictal,37.5,22.195076666591603,9
FP2-F8,8,ictal,38.0,13.0722811727513,9
FP2-F8,8,ictal,38.5,21.081792792308818,9
FP2-F8,8,ictal,39.0,18.126879913584375,9
FP2-F8,8,ictal,39.5,12.683357580061976,9
FP2-F8,8,ictal,40.0,12.372682762035058,9
FP2-F8,8,sin_crisis_anotada,0.5,68.73716042124771,58
FP2-F8,8,sin_crisis_anotada,1.0,156.77342525401772,58
FP2-F8,8,sin_crisis_anotada,1.5,158.80070449415962,58
FP2-F8,8,sin_crisis_anotada,2.0,151.48707584998425,58
FP2-F8,8,sin_crisis_anotada,2.5,83.3114422286927,58
FP2-F8,8,sin_crisis_anotada,3.0,52.01903756253752,58
FP2-F8,8,sin_crisis_anotada,3.5,38.62148781098267,58
FP2-F8,8,sin_crisis_anotada,4.0,35.919844763204466,58
FP2-F8,8,sin_crisis_anotada,4.5,32.75600834741014,58
FP2-F8,8,sin_crisis_anotada,5.0,27.76730482224368,58
FP2-F8,8,sin_crisis_anotada,5.5,22.313437061887882,58
FP2-F8,8,sin_crisis_anotada,6.0,18.069998120750682,58
FP2-F8,8,sin_crisis_anotada,6.5,17.322511426621368,58
FP2-F8,8,sin_crisis_anotada,7.0,19.36441268527144,58
FP2-F8,8,sin_crisis_anotada,7.5,14.406757233345083,58
FP2-F8,8,sin_crisis_anotada,8.0,9.013566137961256,58
FP2-F8,8,sin_crisis_anotada,8.5,6.928771193141107,58
FP2-F8,8,sin_crisis_anotada,9.0,5.738999522957911,58
FP2-F8,8,sin_crisis_anotada,9.5,8.797108345230157,58
FP2-F8,8,sin_crisis_anotada,10.0,11.502411567889599,58
FP2-F8,8,sin_crisis_anotada,10.5,16.938035874911122,58
FP2-F8,8,sin_crisis_anotada,11.0,17.37487501185197,58
FP2-F8,8,sin_crisis_anotada,11.5,23.2334120531789,58
FP2-F8,8,sin_crisis_anotada,12.0,14.344370424962996,58
FP2-F8,8,sin_crisis_anotada,12.5,13.020751012161465,58
FP2-F8,8,sin_crisis_anotada,13.0,8.859956331778852,58
FP2-F8,8,sin_crisis_anotada,13.5,4.602202287412691,58
FP2-F8,8,sin_crisis_anotada,14.0,3.689998662376086,58
FP2-F8,8,sin_crisis_anotada,14.5,2.9601501783428863,58
FP2-F8,8,sin_crisis_anotada,15.0,3.047991790619197,58
FP2-F8,8,sin_crisis_anotada,15.5,6.354045572640537,58
FP2-F8,8,sin_crisis_anotada,16.0,15.13384096827517,58
FP2-F8,8,sin_crisis_anotada,16.5,5.665667492181836,58
FP2-F8,8,sin_crisis_anotada,17.0,1.4724181957251257,58
FP2-F8,8,sin_crisis_anotada,17.5,1.2073805915524014,58
FP2-F8,8,sin_crisis_anotada,18.0,1.135510608151105,58
FP2-F8,8,sin_crisis_anotada,18.5,0.9450202755680078,58
FP2-F8,8,sin_crisis_anotada,19.0,0.9131639472566099,58
FP2-F8,8,sin_crisis_anotada,19.5,0.9999757852151752,58
FP2-F8,8,sin_crisis_anotada,20.0,1.2250553300118159,58
FP2-F8,8,sin_crisis_anotada,20.5,0.7667029565324794,58
FP2-F8,8,sin_crisis_anotada,21.0,0.7140462662381708,58
FP2-F8,8,sin_crisis_anotada,21.5,0.6254435790173307,58
FP2-F8,8,sin_crisis_anotada,22.0,0.6785667011498308,58
FP2-F8,8,sin_crisis_anotada,22.5,0.6944669717089109,58
FP2-F8,8,sin_crisis_anotada,23.0,0.8191137280749585,58
FP2-F8,8,sin_crisis_anotada,23.5,0.7145670729170055,58
FP2-F8,8,sin_crisis_anotada,24.0,0.7097687533378744,58
FP2-F8,8,sin_crisis_anotada,24.5,0.543740746800091,58
FP2-F8,8,sin_crisis_anotada,25.0,0.46532141854663944,58
FP2-F8,8,sin_crisis_anotada,25.5,0.41899239372619235,58
FP2-F8,8,sin_crisis_anotada,26.0,0.40082782783559157,58
FP2-F8,8,sin_crisis_anotada,26.5,0.3139228325239205,58
FP2-F8,8,sin_crisis_anotada,27.0,0.32340040369419576,58
FP2-F8,8,sin_crisis_anotada,27.5,0.5142583833387011,58
FP2-F8,8,sin_crisis_anotada,28.0,1.0110647951223257,58
FP2-F8,8,sin_crisis_anotada,28.5,0.377184943452301,58
FP2-F8,8,sin_crisis_anotada,29.0,0.1750893612031666,58
FP2-F8,8,sin_crisis_anotada,29.5,0.23158288454795461,58
FP2-F8,8,sin_crisis_anotada,30.0,0.19327832213205148,58
FP2-F8,8,sin_crisis_anotada,30.5,0.1633624002941047,58
FP2-F8,8,sin_crisis_anotada,31.0,0.15052370023853054,58
FP2-F8,8,sin_crisis_anotada,31.5,2.515825702660056,58
FP2-F8,8,sin_crisis_anotada,32.0,9.953839513741405,58
FP2-F8,8,sin_crisis_anotada,32.5,2.5261601578670905,58
FP2-F8,8,sin_crisis_anotada,33.0,0.09964637730692835,58
FP2-F8,8,sin_crisis_anotada,33.5,0.10288059897689189,58
FP2-F8,8,sin_crisis_anotada,34.0,0.09100998346354797,58
FP2-F8,8,sin_crisis_anotada,34.5,0.07404431672531248,58
FP2-F8,8,sin_crisis_anotada,35.0,0.08065151837361995,58
FP2-F8,8,sin_crisis_anotada,35.5,0.11301640864699528,58
FP2-F8,8,sin_crisis_anotada,36.0,0.36195873409947066,58
FP2-F8,8,sin_crisis_anotada,36.5,0.12153943423638529,58
FP2-F8,8,sin_crisis_anotada,37.0,0.05063474711057389,58
FP2-F8,8,sin_crisis_anotada,37.5,0.04370124970612515,58
FP2-F8,8,sin_crisis_anotada,38.0,0.03111392056330486,58
FP2-F8,8,sin_crisis_anotada,38.5,0.02645863851788035,58
FP2-F8,8,sin_crisis_anotada,39.0,0.02672339789872519,58
FP2-F8,8,sin_crisis_anotada,39.5,0.019989379583098064,58
FP2-F8,8,sin_crisis_anotada,40.0,0.01903994686656641,58
FP2-F8,8,transicion,0.5,574.8806778549813,2
FP2-F8,8,transicion,1.0,810.6383237087435,2
FP2-F8,8,transicion,1.5,950.6560134606134,2
FP2-F8,8,transicion,2.0,874.8567053719346,2
FP2-F8,8,transicion,2.5,818.0566045764612,2
FP2-F8,8,transicion,3.0,1505.048387655952,2
FP2-F8,8,transicion,3.5,1041.0730231832413,2
FP2-F8,8,transicion,4.0,325.63536235285903,2
FP2-F8,8,transicion,4.5,112.54924678761286,2
FP2-F8,8,transicion,5.0,103.38470803933664,2
FP2-F8,8,transicion,5.5,193.31842712993253,2
FP2-F8,8,transicion,6.0,177.70977989057297,2
FP2-F8,8,transicion,6.5,154.88949949602522,2
FP2-F8,8,transicion,7.0,105.90523802890047,2
FP2-F8,8,transicion,7.5,64.78800204246343,2
FP2-F8,8,transicion,8.0,50.009249298101494,2
FP2-F8,8,transicion,8.5,39.004143942176384,2
FP2-F8,8,transicion,9.0,37.95856408530578,2
FP2-F8,8,transicion,9.5,49.97177333326543,2
FP2-F8,8,transicion,10.0,45.602971132907754,2
FP2-F8,8,transicion,10.5,14.7788854840887,2
FP2-F8,8,transicion,11.0,30.651818284213892,2
FP2-F8,8,transicion,11.5,32.720060206569386,2
FP2-F8,8,transicion,12.0,16.907794078862924,2
FP2-F8,8,transicion,12.5,10.98989803147099,2
FP2-F8,8,transicion,13.0,7.0712860317030835,2
FP2-F8,8,transicion,13.5,5.987684577685951,2
FP2-F8,8,transicion,14.0,3.1400373813745874,2
FP2-F8,8,transicion,14.5,3.742282970637898,2
FP2-F8,8,transicion,15.0,3.364598563835046,2
FP2-F8,8,transicion,15.5,5.617955903537248,2
FP2-F8,8,transicion,16.0,18.70703588600521,2
FP2-F8,8,transicion,16.5,8.872372331782458,2
FP2-F8,8,transicion,17.0,2.27859751051405,2
FP2-F8,8,transicion,17.5,2.3372908097687417,2
FP2-F8,8,transicion,18.0,3.0770013186124068,2
FP2-F8,8,transicion,18.5,2.0304162377498147,2
FP2-F8,8,transicion,19.0,1.1820269043718024,2
FP2-F8,8,transicion,19.5,1.0543117191640037,2
FP2-F8,8,transicion,20.0,1.2955286683849303,2
FP2-F8,8,transicion,20.5,0.872088088168411,2
FP2-F8,8,transicion,21.0,1.0498071751020401,2
FP2-F8,8,transicion,21.5,0.923531486778973,2
FP2-F8,8,transicion,22.0,1.3060091406573282,2
FP2-F8,8,transicion,22.5,1.360701099688205,2
FP2-F8,8,transicion,23.0,1.612450668194319,2
FP2-F8,8,transicion,23.5,1.5139773155829646,2
FP2-F8,8,transicion,24.0,1.3944031176840117,2
FP2-F8,8,transicion,24.5,1.0918807946855462,2
FP2-F8,8,transicion,25.0,1.517811485645101,2
FP2-F8,8,transicion,25.5,1.933517838017238,2
FP2-F8,8,transicion,26.0,2.619633523389685,2
FP2-F8,8,transicion,26.5,2.5984552001992727,2
FP2-F8,8,transicion,27.0,1.6747250166278176,2
FP2-F8,8,transicion,27.5,1.285996144571457,2
FP2-F8,8,transicion,28.0,2.0113713871979155,2
FP2-F8,8,transicion,28.5,2.0215257678167102,2
FP2-F8,8,transicion,29.0,2.0345897797129933,2
FP2-F8,8,transicion,29.5,1.5129823917256162,2
FP2-F8,8,transicion,30.0,1.9384238556022042,2
FP2-F8,8,transicion,30.5,1.780925008996791,2
FP2-F8,8,transicion,31.0,1.5785900872994132,2
FP2-F8,8,transicion,31.5,3.824775794223301,2
FP2-F8,8,transicion,32.0,11.61275375907702,2
FP2-F8,8,transicion,32.5,2.885071705546567,2
FP2-F8,8,transicion,33.0,0.6767189858611553,2
FP2-F8,8,transicion,33.5,0.5279728632823216,2
FP2-F8,8,transicion,34.0,0.515174899781786,2
FP2-F8,8,transicion,34.5,0.5221706736956537,2
FP2-F8,8,transicion,35.0,0.6038867040633944,2
FP2-F8,8,transicion,35.5,0.523486902404803,2
FP2-F8,8,transicion,36.0,0.5644424298597668,2
FP2-F8,8,transicion,36.5,0.4253620193535978,2
FP2-F8,8,transicion,37.0,0.5064030603660903,2
FP2-F8,8,transicion,37.5,0.46078544124168347,2
FP2-F8,8,transicion,38.0,0.5310835136693323,2
FP2-F8,8,transicion,38.5,0.5947599235626229,2
FP2-F8,8,transicion,39.0,0.6914337089925969,2
FP2-F8,8,transicion,39.5,0.5988547865181642,2
FP2-F8,8,transicion,40.0,0.5567065340120319,2
FT10-T8,2,ictal,0.5,407.8857118372516,39
FT10-T8,2,ictal,1.0,661.0751807353585,39
FT10-T8,2,ictal,1.5,471.5155022306528,39
FT10-T8,2,ictal,2.0,437.86177228532785,39
FT10-T8,2,ictal,2.5,419.6194609488974,39
FT10-T8,2,ictal,3.0,406.76397156805626,39
FT10-T8,2,ictal,3.5,209.3118513827187,39
FT10-T8,2,ictal,4.0,127.12679893072925,39
FT10-T8,2,ictal,4.5,74.74979538168995,39
FT10-T8,2,ictal,5.0,77.93703789653354,39
FT10-T8,2,ictal,5.5,90.92620265671752,39
FT10-T8,2,ictal,6.0,88.77259410724916,39
FT10-T8,2,ictal,6.5,80.70216004603435,39
FT10-T8,2,ictal,7.0,59.43862706176169,39
FT10-T8,2,ictal,7.5,46.35076059620172,39
FT10-T8,2,ictal,8.0,17.72913039681235,39
FT10-T8,2,ictal,8.5,13.92795333805405,39
FT10-T8,2,ictal,9.0,14.004288283140609,39
FT10-T8,2,ictal,9.5,11.167628103952467,39
FT10-T8,2,ictal,10.0,8.008476206356763,39
FT10-T8,2,ictal,10.5,5.525543308023721,39
FT10-T8,2,ictal,11.0,8.701274510321646,39
FT10-T8,2,ictal,11.5,8.781708695090343,39
FT10-T8,2,ictal,12.0,10.909953949345118,39
FT10-T8,2,ictal,12.5,8.588225999278029,39
FT10-T8,2,ictal,13.0,10.745696898743187,39
FT10-T8,2,ictal,13.5,11.272405083664161,39
FT10-T8,2,ictal,14.0,7.835758045043912,39
FT10-T8,2,ictal,14.5,8.875272202494717,39
FT10-T8,2,ictal,15.0,9.96355282247819,39
FT10-T8,2,ictal,15.5,9.327796456033106,39
FT10-T8,2,ictal,16.0,13.666298952712607,39
FT10-T8,2,ictal,16.5,8.862014453399865,39
FT10-T8,2,ictal,17.0,5.2242207557633575,39
FT10-T8,2,ictal,17.5,3.610212680822871,39
FT10-T8,2,ictal,18.0,4.686435366316404,39
FT10-T8,2,ictal,18.5,8.749765359477085,39
FT10-T8,2,ictal,19.0,5.964378416874684,39
FT10-T8,2,ictal,19.5,9.009351365334586,39
FT10-T8,2,ictal,20.0,7.9285279079654,39
FT10-T8,2,ictal,20.5,6.940696779867022,39
FT10-T8,2,ictal,21.0,12.637083339154024,39
FT10-T8,2,ictal,21.5,15.19027187068502,39
FT10-T8,2,ictal,22.0,10.426987111796867,39
FT10-T8,2,ictal,22.5,9.273406825407456,39
FT10-T8,2,ictal,23.0,13.244902985864602,39
FT10-T8,2,ictal,23.5,14.551272878533783,39
FT10-T8,2,ictal,24.0,11.499016458559158,39
FT10-T8,2,ictal,24.5,10.387308019397514,39
FT10-T8,2,ictal,25.0,10.372090451071662,39
FT10-T8,2,ictal,25.5,7.18783885602502,39
FT10-T8,2,ictal,26.0,10.530655819065611,39
FT10-T8,2,ictal,26.5,11.874343905007585,39
FT10-T8,2,ictal,27.0,7.776064622036409,39
FT10-T8,2,ictal,27.5,7.972321367935931,39
FT10-T8,2,ictal,28.0,9.394775662063996,39
FT10-T8,2,ictal,28.5,7.792425432312596,39
FT10-T8,2,ictal,29.0,10.494823223006547,39
FT10-T8,2,ictal,29.5,8.425839102936898,39
FT10-T8,2,ictal,30.0,10.713210294853173,39
FT10-T8,2,ictal,30.5,12.544269622512173,39
FT10-T8,2,ictal,31.0,11.317250397115883,39
FT10-T8,2,ictal,31.5,13.417373352030905,39
FT10-T8,2,ictal,32.0,17.89459787331797,39
FT10-T8,2,ictal,32.5,12.633323857309787,39
FT10-T8,2,ictal,33.0,6.938408405728563,39
FT10-T8,2,ictal,33.5,11.431723701590212,39
FT10-T8,2,ictal,34.0,7.025098394886614,39
FT10-T8,2,ictal,34.5,5.984178097137606,39
FT10-T8,2,ictal,35.0,3.8672739811733385,39
FT10-T8,2,ictal,35.5,8.325007888631491,39
FT10-T8,2,ictal,36.0,6.848717726607661,39
FT10-T8,2,ictal,36.5,6.829872938902383,39
FT10-T8,2,ictal,37.0,4.119386637369647,39
FT10-T8,2,ictal,37.5,5.517587256455924,39
FT10-T8,2,ictal,38.0,7.546307507022564,39
FT10-T8,2,ictal,38.5,4.800662789634483,39
FT10-T8,2,ictal,39.0,3.9932620268311902,39
FT10-T8,2,ictal,39.5,4.728607473518981,39
FT10-T8,2,ictal,40.0,5.124785203716259,39
FT10-T8,2,sin_crisis_anotada,0.5,37.09207963180775,238
FT10-T8,2,sin_crisis_anotada,1.0,70.91896834671402,238
FT10-T8,2,sin_crisis_anotada,1.5,70.00993353466816,238
FT10-T8,2,sin_crisis_anotada,2.0,52.71877352873288,238
FT10-T8,2,sin_crisis_anotada,2.5,35.191661982555324,238
FT10-T8,2,sin_crisis_anotada,3.0,25.75293742151393,238
FT10-T8,2,sin_crisis_anotada,3.5,16.060178228950857,238
FT10-T8,2,sin_crisis_anotada,4.0,14.002169974157496,238
FT10-T8,2,sin_crisis_anotada,4.5,11.843215459348375,238
FT10-T8,2,sin_crisis_anotada,5.0,9.708184386936093,238
FT10-T8,2,sin_crisis_anotada,5.5,10.26397755250106,238
FT10-T8,2,sin_crisis_anotada,6.0,9.372207086095706,238
FT10-T8,2,sin_crisis_anotada,6.5,6.839378694690286,238
FT10-T8,2,sin_crisis_anotada,7.0,5.159621538577166,238
FT10-T8,2,sin_crisis_anotada,7.5,3.9387083599510095,238
FT10-T8,2,sin_crisis_anotada,8.0,3.014445194196879,238
FT10-T8,2,sin_crisis_anotada,8.5,2.420666800046231,238
FT10-T8,2,sin_crisis_anotada,9.0,1.7539926335206255,238
FT10-T8,2,sin_crisis_anotada,9.5,1.9358207829089116,238
FT10-T8,2,sin_crisis_anotada,10.0,2.045436424789947,238
FT10-T8,2,sin_crisis_anotada,10.5,1.7485704044665678,238
FT10-T8,2,sin_crisis_anotada,11.0,1.6306048284956676,238
FT10-T8,2,sin_crisis_anotada,11.5,1.619846643965531,238
FT10-T8,2,sin_crisis_anotada,12.0,1.4643423869378722,238
FT10-T8,2,sin_crisis_anotada,12.5,1.141064096954843,238
FT10-T8,2,sin_crisis_anotada,13.0,1.5041035960323041,238
FT10-T8,2,sin_crisis_anotada,13.5,1.2241257660753688,238
FT10-T8,2,sin_crisis_anotada,14.0,1.1083316196853783,238
FT10-T8,2,sin_crisis_anotada,14.5,0.80124694775692,238
FT10-T8,2,sin_crisis_anotada,15.0,0.6642072217976986,238
FT10-T8,2,sin_crisis_anotada,15.5,3.2326202198113743,238
FT10-T8,2,sin_crisis_anotada,16.0,11.06705221091295,238
FT10-T8,2,sin_crisis_anotada,16.5,3.10402986227356,238
FT10-T8,2,sin_crisis_anotada,17.0,0.32456030971846256,238
FT10-T8,2,sin_crisis_anotada,17.5,0.34607764162494986,238
FT10-T8,2,sin_crisis_anotada,18.0,0.34524940889547895,238
FT10-T8,2,sin_crisis_anotada,18.5,0.27159751902792345,238
FT10-T8,2,sin_crisis_anotada,19.0,0.32456067081925744,238
FT10-T8,2,sin_crisis_anotada,19.5,0.32169492189375554,238
FT10-T8,2,sin_crisis_anotada,20.0,0.24806406721226248,238
FT10-T8,2,sin_crisis_anotada,20.5,0.19629429492968087,238
FT10-T8,2,sin_crisis_anotada,21.0,0.22943058160501814,238
FT10-T8,2,sin_crisis_anotada,21.5,0.25178291685556003,238
FT10-T8,2,sin_crisis_anotada,22.0,0.2153752157255708,238
FT10-T8,2,sin_crisis_anotada,22.5,0.2284038253253769,238
FT10-T8,2,sin_crisis_anotada,23.0,0.22970992481281205,238
FT10-T8,2,sin_crisis_anotada,23.5,0.22509980806225421,238
FT10-T8,2,sin_crisis_anotada,24.0,0.20344743059654546,238
FT10-T8,2,sin_crisis_anotada,24.5,0.19508962751420295,238
FT10-T8,2,sin_crisis_anotada,25.0,0.19772043480796428,238
FT10-T8,2,sin_crisis_anotada,25.5,0.19856423520467661,238
FT10-T8,2,sin_crisis_anotada,26.0,0.1657419540577466,238
FT10-T8,2,sin_crisis_anotada,26.5,0.1458687057976994,238
FT10-T8,2,sin_crisis_anotada,27.0,0.13261867039794029,238
FT10-T8,2,sin_crisis_anotada,27.5,0.14053365016582664,238
FT10-T8,2,sin_crisis_anotada,28.0,0.19115663352635864,238
FT10-T8,2,sin_crisis_anotada,28.5,0.15648831130843316,238
FT10-T8,2,sin_crisis_anotada,29.0,0.13172088063869325,238
FT10-T8,2,sin_crisis_anotada,29.5,0.10202265970069893,238
FT10-T8,2,sin_crisis_anotada,30.0,0.0988800617284257,238
FT10-T8,2,sin_crisis_anotada,30.5,0.0795159588753588,238
FT10-T8,2,sin_crisis_anotada,31.0,0.08760539990289606,238
FT10-T8,2,sin_crisis_anotada,31.5,1.4477479065873782,238
FT10-T8,2,sin_crisis_anotada,32.0,4.308010308986728,238
FT10-T8,2,sin_crisis_anotada,32.5,1.2542156091964165,238
FT10-T8,2,sin_crisis_anotada,33.0,0.06898629104416354,238
FT10-T8,2,sin_crisis_anotada,33.5,0.06034967966909989,238
FT10-T8,2,sin_crisis_anotada,34.0,0.05282767062879684,238
FT10-T8,2,sin_crisis_anotada,34.5,0.039552306249732,238
FT10-T8,2,sin_crisis_anotada,35.0,0.04382948679280069,238
FT10-T8,2,sin_crisis_anotada,35.5,0.047738752040025464,238
FT10-T8,2,sin_crisis_anotada,36.0,0.05101857942963145,238
FT10-T8,2,sin_crisis_anotada,36.5,0.03880061924099325,238
FT10-T8,2,sin_crisis_anotada,37.0,0.028432643946521542,238
FT10-T8,2,sin_crisis_anotada,37.5,0.024846076180094247,238
FT10-T8,2,sin_crisis_anotada,38.0,0.022781617825795325,238
FT10-T8,2,sin_crisis_anotada,38.5,0.017413266006315327,238
FT10-T8,2,sin_crisis_anotada,39.0,0.018347592370836836,238
FT10-T8,2,sin_crisis_anotada,39.5,0.0159689197880494,238
FT10-T8,2,sin_crisis_anotada,40.0,0.01602254658848128,238
FT10-T8,2,transicion,0.5,497.79121238374466,2
FT10-T8,2,transicion,1.0,356.97709764899446,2
FT10-T8,2,transicion,1.5,297.6710787652707,2
FT10-T8,2,transicion,2.0,472.60560763034266,2
FT10-T8,2,transicion,2.5,42.19271488776816,2
FT10-T8,2,transicion,3.0,147.63432064243023,2
FT10-T8,2,transicion,3.5,83.89838383615802,2
FT10-T8,2,transicion,4.0,81.89390168014893,2
FT10-T8,2,transicion,4.5,27.87034571486805,2
FT10-T8,2,transicion,5.0,94.30087856943285,2
FT10-T8,2,transicion,5.5,185.42478559877193,2
FT10-T8,2,transicion,6.0,161.3637008465108,2
FT10-T8,2,transicion,6.5,83.38950322401172,2
FT10-T8,2,transicion,7.0,22.808553848393647,2
FT10-T8,2,transicion,7.5,41.92168155234996,2
FT10-T8,2,transicion,8.0,22.338335465951474,2
FT10-T8,2,transicion,8.5,6.3727021543084,2
FT10-T8,2,transicion,9.0,41.11136958188936,2
FT10-T8,2,transicion,9.5,57.303639148702494,2
FT10-T8,2,transicion,10.0,77.53235698063664,2
FT10-T8,2,transicion,10.5,34.25510969513608,2
FT10-T8,2,transicion,11.0,7.4125652016151085,2
FT10-T8,2,transicion,11.5,8.170335364516061,2
FT10-T8,2,transicion,12.0,2.52056203932891,2
FT10-T8,2,transicion,12.5,0.4839056828117565,2
FT10-T8,2,transicion,13.0,3.252135446021952,2
FT10-T8,2,transicion,13.5,0.6820277648182157,2
FT10-T8,2,transicion,14.0,3.3499577909916844,2
FT10-T8,2,transicion,14.5,8.880620231108718,2
FT10-T8,2,transicion,15.0,6.635966235783924,2
FT10-T8,2,transicion,15.5,12.60579855666898,2
FT10-T8,2,transicion,16.0,28.74851363683051,2
FT10-T8,2,transicion,16.5,21.955319737297696,2
FT10-T8,2,transicion,17.0,7.3332027156935355,2
FT10-T8,2,transicion,17.5,1.8429092679772876,2
FT10-T8,2,transicion,18.0,1.4369223601435852,2
FT10-T8,2,transicion,18.5,0.858547268800463,2
FT10-T8,2,transicion,19.0,2.964903225622492,2
FT10-T8,2,transicion,19.5,3.194684756147222,2
FT10-T8,2,transicion,20.0,9.997233108276172,2
FT10-T8,2,transicion,20.5,13.193583554345178,2
FT10-T8,2,transicion,21.0,17.472574474803398,2
FT10-T8,2,transicion,21.5,17.666516574105405,2
FT10-T8,2,transicion,22.0,17.156145153034938,2
FT10-T8,2,transicion,22.5,11.932905539102943,2
FT10-T8,2,transicion,23.0,4.755492065429388,2
FT10-T8,2,transicion,23.5,0.9080393352651731,2
FT10-T8,2,transicion,24.0,0.9498643745003096,2
FT10-T8,2,transicion,24.5,4.805705976535675,2
FT10-T8,2,transicion,25.0,2.9554106045696624,2
FT10-T8,2,transicion,25.5,0.47449275316164713,2
FT10-T8,2,transicion,26.0,3.1585174534991256,2
FT10-T8,2,transicion,26.5,1.6314151700908894,2
FT10-T8,2,transicion,27.0,4.373117769825706,2
FT10-T8,2,transicion,27.5,7.458867142709779,2
FT10-T8,2,transicion,28.0,2.765931638415247,2
FT10-T8,2,transicion,28.5,1.8222640850041278,2
FT10-T8,2,transicion,29.0,7.316315096208002,2
FT10-T8,2,transicion,29.5,11.459481641547425,2
FT10-T8,2,transicion,30.0,4.210157558541492,2
FT10-T8,2,transicion,30.5,1.675917509993248,2
FT10-T8,2,transicion,31.0,5.642092150745806,2
FT10-T8,2,transicion,31.5,3.5644782794670866,2
FT10-T8,2,transicion,32.0,4.8724983472593575,2
FT10-T8,2,transicion,32.5,3.416146463078236,2
FT10-T8,2,transicion,33.0,2.2906300905382624,2
FT10-T8,2,transicion,33.5,1.53217418996618,2
FT10-T8,2,transicion,34.0,3.824016090910593,2
FT10-T8,2,transicion,34.5,9.230383585119867,2
FT10-T8,2,transicion,35.0,11.490342304577329,2
FT10-T8,2,transicion,35.5,11.500823444055198,2
FT10-T8,2,transicion,36.0,3.9002871680537843,2
FT10-T8,2,transicion,36.5,4.55193325748913,2
FT10-T8,2,transicion,37.0,10.1854136055707,2
FT10-T8,2,transicion,37.5,9.71934616144886,2
FT10-T8,2,transicion,38.0,5.168833706994392,2
FT10-T8,2,transicion,38.5,7.332032978581495,2
FT10-T8,2,transicion,39.0,10.265173082414012,2
FT10-T8,2,transicion,39.5,4.760684543687953,2
FT10-T8,2,transicion,40.0,2.2784786019486853,2
FT10-T8,4,ictal,0.5,515.3741266703561,19
FT10-T8,4,ictal,1.0,1037.3923837586515,19
FT10-T8,4,ictal,1.5,752.2672191861201,19
FT10-T8,4,ictal,2.0,570.3573459743529,19
FT10-T8,4,ictal,2.5,505.1847881846848,19
FT10-T8,4,ictal,3.0,438.3137468158918,19
FT10-T8,4,ictal,3.5,282.15437192822066,19
FT10-T8,4,ictal,4.0,163.1492856599947,19
FT10-T8,4,ictal,4.5,117.97273417527599,19
FT10-T8,4,ictal,5.0,122.73525598232943,19
FT10-T8,4,ictal,5.5,98.51559601667753,19
FT10-T8,4,ictal,6.0,127.50729674519857,19
FT10-T8,4,ictal,6.5,134.18277118113488,19
FT10-T8,4,ictal,7.0,55.96013044125737,19
FT10-T8,4,ictal,7.5,42.495989644093356,19
FT10-T8,4,ictal,8.0,32.41662654617094,19
FT10-T8,4,ictal,8.5,15.127375289117753,19
FT10-T8,4,ictal,9.0,21.561109794084317,19
FT10-T8,4,ictal,9.5,12.023089673072356,19
FT10-T8,4,ictal,10.0,11.189348744969424,19
FT10-T8,4,ictal,10.5,7.094231924161801,19
FT10-T8,4,ictal,11.0,12.46751844703765,19
FT10-T8,4,ictal,11.5,10.926348532730314,19
FT10-T8,4,ictal,12.0,14.203697790418255,19
FT10-T8,4,ictal,12.5,9.98334598487327,19
FT10-T8,4,ictal,13.0,13.06778714265698,19
FT10-T8,4,ictal,13.5,14.410684081550203,19
FT10-T8,4,ictal,14.0,12.921994204089879,19
FT10-T8,4,ictal,14.5,10.858753644550822,19
FT10-T8,4,ictal,15.0,9.453344808101248,19
FT10-T8,4,ictal,15.5,13.902093443706107,19
FT10-T8,4,ictal,16.0,14.96930257469277,19
FT10-T8,4,ictal,16.5,11.793088700991783,19
FT10-T8,4,ictal,17.0,7.121049999215539,19
FT10-T8,4,ictal,17.5,7.971519910754002,19
FT10-T8,4,ictal,18.0,13.368732342562872,19
FT10-T8,4,ictal,18.5,11.838695566666539,19
FT10-T8,4,ictal,19.0,10.339880266504158,19
FT10-T8,4,ictal,19.5,14.875471362311162,19
FT10-T8,4,ictal,20.0,11.162757370892166,19
FT10-T8,4,ictal,20.5,12.197309680278556,19
FT10-T8,4,ictal,21.0,15.973102361327962,19
FT10-T8,4,ictal,21.5,22.429828891965787,19
FT10-T8,4,ictal,22.0,25.48033627625921,19
FT10-T8,4,ictal,22.5,28.955899867467007,19
FT10-T8,4,ictal,23.0,19.962049854218662,19
FT10-T8,4,ictal,23.5,22.501709707883816,19
FT10-T8,4,ictal,24.0,18.212646351835627,19
FT10-T8,4,ictal,24.5,21.003766349806344,19
FT10-T8,4,ictal,25.0,23.77116438937541,19
FT10-T8,4,ictal,25.5,16.306449514621633,19
FT10-T8,4,ictal,26.0,13.496914440920996,19
FT10-T8,4,ictal,26.5,14.564745179864545,19
FT10-T8,4,ictal,27.0,10.391908341305722,19
FT10-T8,4,ictal,27.5,14.629944098311789,19
FT10-T8,4,ictal,28.0,18.58515880032925,19
FT10-T8,4,ictal,28.5,16.580030118394234,19
FT10-T8,4,ictal,29.0,16.019818703447548,19
FT10-T8,4,ictal,29.5,11.054101760810292,19
FT10-T8,4,ictal,30.0,18.80487052423443,19
FT10-T8,4,ictal,30.5,20.448036599910527,19
FT10-T8,4,ictal,31.0,14.090849378327741,19
FT10-T8,4,ictal,31.5,18.29739059543959,19
FT10-T8,4,ictal,32.0,25.98268954777016,19
FT10-T8,4,ictal,32.5,19.266986241527032,19
FT10-T8,4,ictal,33.0,13.799310677168487,19
FT10-T8,4,ictal,33.5,16.11039614999793,19
FT10-T8,4,ictal,34.0,10.226817871428436,19
FT10-T8,4,ictal,34.5,8.29663746412644,19
FT10-T8,4,ictal,35.0,9.328240026872379,19
FT10-T8,4,ictal,35.5,12.816472700748017,19
FT10-T8,4,ictal,36.0,15.171760705701649,19
FT10-T8,4,ictal,36.5,9.16043531464864,19
FT10-T8,4,ictal,37.0,5.7545952595237315,19
FT10-T8,4,ictal,37.5,6.898929944892619,19
FT10-T8,4,ictal,38.0,8.750758696196394,19
FT10-T8,4,ictal,38.5,6.753391725321653,19
FT10-T8,4,ictal,39.0,6.688490746308575,19
FT10-T8,4,ictal,39.5,7.770344934139015,19
FT10-T8,4,ictal,40.0,7.667973846636333,19
FT10-T8,4,sin_crisis_anotada,0.5,38.17313663284851,118
FT10-T8,4,sin_crisis_anotada,1.0,92.1044828185979,118
FT10-T8,4,sin_crisis_anotada,1.5,101.42108721911626,118
FT10-T8,4,sin_crisis_anotada,2.0,60.726000331304604,118
FT10-T8,4,sin_crisis_anotada,2.5,47.765125799798966,118
FT10-T8,4,sin_crisis_anotada,3.0,29.684113427158145,118
FT10-T8,4,sin_crisis_anotada,3.5,21.923664798245134,118
FT10-T8,4,sin_crisis_anotada,4.0,15.134591421968057,118
FT10-T8,4,sin_crisis_anotada,4.5,14.131389727910385,118
FT10-T8,4,sin_crisis_anotada,5.0,14.137760651423854,118
FT10-T8,4,sin_crisis_anotada,5.5,12.649979328368135,118
FT10-T8,4,sin_crisis_anotada,6.0,12.732542354818213,118
FT10-T8,4,sin_crisis_anotada,6.5,9.292347067361128,118
FT10-T8,4,sin_crisis_anotada,7.0,7.164673313599414,118
FT10-T8,4,sin_crisis_anotada,7.5,5.247152991976826,118
FT10-T8,4,sin_crisis_anotada,8.0,3.8569789276348496,118
FT10-T8,4,sin_crisis_anotada,8.5,3.238759519988249,118
FT10-T8,4,sin_crisis_anotada,9.0,2.5246636880547437,118
FT10-T8,4,sin_crisis_anotada,9.5,2.4457306034042823,118
FT10-T8,4,sin_crisis_anotada,10.0,2.618471122864857,118
FT10-T8,4,sin_crisis_anotada,10.5,2.3552200661127127,118
FT10-T8,4,sin_crisis_anotada,11.0,2.70110591031425,118
FT10-T8,4,sin_crisis_anotada,11.5,3.473399591434351,118
FT10-T8,4,sin_crisis_anotada,12.0,2.3583076949190946,118
FT10-T8,4,sin_crisis_anotada,12.5,2.189901846835862,118
FT10-T8,4,sin_crisis_anotada,13.0,2.961635875775145,118
FT10-T8,4,sin_crisis_anotada,13.5,2.9784477670454836,118
FT10-T8,4,sin_crisis_anotada,14.0,1.5841573221945868,118
FT10-T8,4,sin_crisis_anotada,14.5,1.0791515045771782,118
FT10-T8,4,sin_crisis_anotada,15.0,0.807338096706897,118
FT10-T8,4,sin_crisis_anotada,15.5,3.965166500430678,118
FT10-T8,4,sin_crisis_anotada,16.0,12.925128347299632,118
FT10-T8,4,sin_crisis_anotada,16.5,3.2213162457919102,118
FT10-T8,4,sin_crisis_anotada,17.0,0.4171615053302098,118
FT10-T8,4,sin_crisis_anotada,17.5,0.4839923462045964,118
FT10-T8,4,sin_crisis_anotada,18.0,0.39790616270979107,118
FT10-T8,4,sin_crisis_anotada,18.5,0.3422174034179983,118
FT10-T8,4,sin_crisis_anotada,19.0,0.34700004749399377,118
FT10-T8,4,sin_crisis_anotada,19.5,0.3595080667908479,118
FT10-T8,4,sin_crisis_anotada,20.0,0.29694240402869915,118
FT10-T8,4,sin_crisis_anotada,20.5,0.23390907099701014,118
FT10-T8,4,sin_crisis_anotada,21.0,0.2912012504328263,118
FT10-T8,4,sin_crisis_anotada,21.5,0.3245967634800987,118
FT10-T8,4,sin_crisis_anotada,22.0,0.3055512824789631,118
FT10-T8,4,sin_crisis_anotada,22.5,0.274917132014284,118
FT10-T8,4,sin_crisis_anotada,23.0,0.2775697107427403,118
FT10-T8,4,sin_crisis_anotada,23.5,0.26516457912649877,118
FT10-T8,4,sin_crisis_anotada,24.0,0.2335130520198514,118
FT10-T8,4,sin_crisis_anotada,24.5,0.22351305222032816,118
FT10-T8,4,sin_crisis_anotada,25.0,0.22901086503205342,118
FT10-T8,4,sin_crisis_anotada,25.5,0.22708657016078837,118
FT10-T8,4,sin_crisis_anotada,26.0,0.21288265711813553,118
FT10-T8,4,sin_crisis_anotada,26.5,0.14949428515173802,118
FT10-T8,4,sin_crisis_anotada,27.0,0.1460305498770632,118
FT10-T8,4,sin_crisis_anotada,27.5,0.1709486419813257,118
FT10-T8,4,sin_crisis_anotada,28.0,0.23534123399767817,118
FT10-T8,4,sin_crisis_anotada,28.5,0.18286201464404642,118
FT10-T8,4,sin_crisis_anotada,29.0,0.15976151276537082,118
FT10-T8,4,sin_crisis_anotada,29.5,0.11186558477253598,118
FT10-T8,4,sin_crisis_anotada,30.0,0.10732941275684443,118
FT10-T8,4,sin_crisis_anotada,30.5,0.08943786107550089,118
FT10-T8,4,sin_crisis_anotada,31.0,0.09432747724680735,118
FT10-T8,4,sin_crisis_anotada,31.5,2.0438616377797585,118
FT10-T8,4,sin_crisis_anotada,32.0,6.667897560835277,118
FT10-T8,4,sin_crisis_anotada,32.5,2.0845528589647286,118
FT10-T8,4,sin_crisis_anotada,33.0,0.08143932352395268,118
FT10-T8,4,sin_crisis_anotada,33.5,0.06364098283811702,118
FT10-T8,4,sin_crisis_anotada,34.0,0.05322618785053473,118
FT10-T8,4,sin_crisis_anotada,34.5,0.04387783961155347,118
FT10-T8,4,sin_crisis_anotada,35.0,0.04558672290876218,118
FT10-T8,4,sin_crisis_anotada,35.5,0.05049888646833269,118
FT10-T8,4,sin_crisis_anotada,36.0,0.05015083377317281,118
FT10-T8,4,sin_crisis_anotada,36.5,0.04061234557350833,118
FT10-T8,4,sin_crisis_anotada,37.0,0.02907134131551683,118
FT10-T8,4,sin_crisis_anotada,37.5,0.028153848011523507,118
FT10-T8,4,sin_crisis_anotada,38.0,0.02482757793470968,118
FT10-T8,4,sin_crisis_anotada,38.5,0.01662907924753905,118
FT10-T8,4,sin_crisis_anotada,39.0,0.01705176972248019,118
FT10-T8,4,sin_crisis_anotada,39.5,0.0176797402377492,118
FT10-T8,4,sin_crisis_anotada,40.0,0.020373893035635273,118
FT10-T8,4,transicion,0.5,626.0439535334916,2
FT10-T8,4,transicion,1.0,957.8082636626899,2
FT10-T8,4,transicion,1.5,706.4203159493733,2
FT10-T8,4,transicion,2.0,265.30996732238043,2
FT10-T8,4,transicion,2.5,84.18207229056473,2
FT10-T8,4,transicion,3.0,208.98193085238796,2
FT10-T8,4,transicion,3.5,100.27754016705944,2
FT10-T8,4,transicion,4.0,74.58627869708607,2
FT10-T8,4,transicion,4.5,83.265377083624,2
FT10-T8,4,transicion,5.0,80.71731351668205,2
FT10-T8,4,transicion,5.5,83.92036433764694,2
FT10-T8,4,transicion,6.0,69.86140244009948,2
FT10-T8,4,transicion,6.5,43.626755531247035,2
FT10-T8,4,transicion,7.0,32.22339261926949,2
FT10-T8,4,transicion,7.5,35.48088564647458,2
FT10-T8,4,transicion,8.0,22.223062541241074,2
FT10-T8,4,transicion,8.5,9.268988057008572,2
FT10-T8,4,transicion,9.0,20.720183439843737,2
FT10-T8,4,transicion,9.5,27.770023911352645,2
FT10-T8,4,transicion,10.0,75.8000845963599,2
FT10-T8,4,transicion,10.5,78.74805741042442,2
FT10-T8,4,transicion,11.0,23.1091814781822,2
FT10-T8,4,transicion,11.5,6.817335530522289,2
FT10-T8,4,transicion,12.0,7.002093024742669,2
FT10-T8,4,transicion,12.5,4.787313603125731,2
FT10-T8,4,transicion,13.0,3.157447607410001,2
FT10-T8,4,transicion,13.5,3.195934680632706,2
FT10-T8,4,transicion,14.0,4.440317402114438,2
FT10-T8,4,transicion,14.5,7.265003263464047,2
FT10-T8,4,transicion,15.0,5.795376725751852,2
FT10-T8,4,transicion,15.5,5.91365211782344,2
FT10-T8,4,transicion,16.0,22.24522094154028,2
FT10-T8,4,transicion,16.5,18.50071858838784,2
FT10-T8,4,transicion,17.0,6.52366534309053,2
FT10-T8,4,transicion,17.5,1.95757179860953,2
FT10-T8,4,transicion,18.0,1.7021404289311115,2
FT10-T8,4,transicion,18.5,1.8251864396203732,2
FT10-T8,4,transicion,19.0,2.547901612103591,2
FT10-T8,4,transicion,19.5,6.310166241049815,2
FT10-T8,4,transicion,20.0,10.566720853592381,2
FT10-T8,4,transicion,20.5,13.511627533562738,2
FT10-T8,4,transicion,21.0,22.186820761706027,2
FT10-T8,4,transicion,21.5,22.641148710705455,2
FT10-T8,4,transicion,22.0,11.910971623381043,2
FT10-T8,4,transicion,22.5,8.525197828220678,2
FT10-T8,4,transicion,23.0,8.127185479601522,2
FT10-T8,4,transicion,23.5,3.5525150825784935,2
FT10-T8,4,transicion,24.0,6.578991433921016,2
FT10-T8,4,transicion,24.5,6.820273210685825,2
FT10-T8,4,transicion,25.0,2.5131569177920503,2
FT10-T8,4,transicion,25.5,1.368450096973843,2
FT10-T8,4,transicion,26.0,6.749469124185314,2
FT10-T8,4,transicion,26.5,18.120790539449285,2
FT10-T8,4,transicion,27.0,14.608486463463718,2
FT10-T8,4,transicion,27.5,4.684666224778011,2
FT10-T8,4,transicion,28.0,6.397115424655525,2
FT10-T8,4,transicion,28.5,4.640768428584562,2
FT10-T8,4,transicion,29.0,3.398032650935704,2
FT10-T8,4,transicion,29.5,4.273256815236722,2
FT10-T8,4,transicion,30.0,4.805188011542532,2
FT10-T8,4,transicion,30.5,5.369949338456511,2
FT10-T8,4,transicion,31.0,4.195034540502836,2
FT10-T8,4,transicion,31.5,5.458305406548732,2
FT10-T8,4,transicion,32.0,11.118984268648525,2
FT10-T8,4,transicion,32.5,3.464446618250611,2
FT10-T8,4,transicion,33.0,1.583503741017248,2
FT10-T8,4,transicion,33.5,2.158314320848673,2
FT10-T8,4,transicion,34.0,4.009463860653366,2
FT10-T8,4,transicion,34.5,7.1169444559293265,2
FT10-T8,4,transicion,35.0,9.051813674123487,2
FT10-T8,4,transicion,35.5,7.009770726524596,2
FT10-T8,4,transicion,36.0,3.9213460189626184,2
FT10-T8,4,transicion,36.5,5.497725371418563,2
FT10-T8,4,transicion,37.0,7.413633236605349,2
FT10-T8,4,transicion,37.5,5.917660490324378,2
FT10-T8,4,transicion,38.0,6.722332968543798,2
FT10-T8,4,transicion,38.5,4.243270418099134,2
FT10-T8,4,transicion,39.0,5.344321736378352,2
FT10-T8,4,transicion,39.5,6.366278134106809,2
FT10-T8,4,transicion,40.0,5.576354357995774,2
FT10-T8,8,ictal,0.5,526.713382937748,9
FT10-T8,8,ictal,1.0,1143.4364144207052,9
FT10-T8,8,ictal,1.5,1029.8856733815787,9
FT10-T8,8,ictal,2.0,587.1938417871288,9
FT10-T8,8,ictal,2.5,1142.2500062163083,9
FT10-T8,8,ictal,3.0,746.2544373600673,9
FT10-T8,8,ictal,3.5,293.6619824205851,9
FT10-T8,8,ictal,4.0,188.7001546705231,9
FT10-T8,8,ictal,4.5,95.3132214166041,9
FT10-T8,8,ictal,5.0,128.82771703604703,9
FT10-T8,8,ictal,5.5,104.34456774451228,9
FT10-T8,8,ictal,6.0,144.5607075509428,9
FT10-T8,8,ictal,6.5,131.09717904283966,9
FT10-T8,8,ictal,7.0,83.6442306185583,9
FT10-T8,8,ictal,7.5,53.535207221878146,9
FT10-T8,8,ictal,8.0,33.57352756086308,9
FT10-T8,8,ictal,8.5,24.519080064070174,9
FT10-T8,8,ictal,9.0,22.48390516477537,9
FT10-T8,8,ictal,9.5,15.250704762241414,9
FT10-T8,8,ictal,10.0,12.935800213749856,9
FT10-T8,8,ictal,10.5,8.874782082082419,9
FT10-T8,8,ictal,11.0,12.424724275767074,9
FT10-T8,8,ictal,11.5,10.590558471928532,9
FT10-T8,8,ictal,12.0,14.513828497161954,9
FT10-T8,8,ictal,12.5,9.808398454541912,9
FT10-T8,8,ictal,13.0,14.120862864645312,9
FT10-T8,8,ictal,13.5,16.145997926682952,9
FT10-T8,8,ictal,14.0,14.238415794312276,9
FT10-T8,8,ictal,14.5,15.448611929920688,9
FT10-T8,8,ictal,15.0,12.840421278749362,9
FT10-T8,8,ictal,15.5,13.661480603823213,9
FT10-T8,8,ictal,16.0,17.013216899978847,9
FT10-T8,8,ictal,16.5,11.937329695732297,9
FT10-T8,8,ictal,17.0,8.370613275355511,9
FT10-T8,8,ictal,17.5,15.477365164752602,9
FT10-T8,8,ictal,18.0,14.080466202290504,9
FT10-T8,8,ictal,18.5,12.007122289633822,9
FT10-T8,8,ictal,19.0,11.292758399584454,9
FT10-T8,8,ictal,19.5,12.623566123579824,9
FT10-T8,8,ictal,20.0,10.984374196007755,9
FT10-T8,8,ictal,20.5,21.957376633263305,9
FT10-T8,8,ictal,21.0,21.04602807228373,9
FT10-T8,8,ictal,21.5,19.84559515598979,9
FT10-T8,8,ictal,22.0,19.706092669861228,9
FT10-T8,8,ictal,22.5,24.485401698880533,9
FT10-T8,8,ictal,23.0,29.786101566603236,9
FT10-T8,8,ictal,23.5,23.458146126793917,9
FT10-T8,8,ictal,24.0,20.78425623337757,9
FT10-T8,8,ictal,24.5,15.351729457753558,9
FT10-T8,8,ictal,25.0,25.048526820185153,9
FT10-T8,8,ictal,25.5,19.633902446368904,9
FT10-T8,8,ictal,26.0,14.608660872104206,9
FT10-T8,8,ictal,26.5,13.645938698743405,9
FT10-T8,8,ictal,27.0,13.427434051324834,9
FT10-T8,8,ictal,27.5,21.390182813327293,9
FT10-T8,8,ictal,28.0,23.133938726725265,9
FT10-T8,8,ictal,28.5,16.014870949146886,9
FT10-T8,8,ictal,29.0,15.509857210485947,9
FT10-T8,8,ictal,29.5,15.034392719502817,9
FT10-T8,8,ictal,30.0,19.123895665054356,9
FT10-T8,8,ictal,30.5,23.183075831388088,9
FT10-T8,8,ictal,31.0,16.409617071168743,9
FT10-T8,8,ictal,31.5,22.999484561310457,9
FT10-T8,8,ictal,32.0,29.21486144901277,9
FT10-T8,8,ictal,32.5,20.78181819602633,9
FT10-T8,8,ictal,33.0,13.133784872033774,9
FT10-T8,8,ictal,33.5,15.34637937757428,9
FT10-T8,8,ictal,34.0,11.390823464897307,9
FT10-T8,8,ictal,34.5,8.119016075309988,9
FT10-T8,8,ictal,35.0,10.243106191934512,9
FT10-T8,8,ictal,35.5,18.248495127101492,9
FT10-T8,8,ictal,36.0,13.308257935486598,9
FT10-T8,8,ictal,36.5,16.348956995726912,9
FT10-T8,8,ictal,37.0,7.062131311868332,9
FT10-T8,8,ictal,37.5,7.812002900234536,9
FT10-T8,8,ictal,38.0,10.374298629115568,9
FT10-T8,8,ictal,38.5,7.862779631585937,9
FT10-T8,8,ictal,39.0,8.417355063008273,9
FT10-T8,8,ictal,39.5,9.932517570141087,9
FT10-T8,8,ictal,40.0,7.530671360609028,9
FT10-T8,8,sin_crisis_anotada,0.5,42.736522088225755,58
FT10-T8,8,sin_crisis_anotada,1.0,116.02422191268424,58
FT10-T8,8,sin_crisis_anotada,1.5,117.64561898895636,58
FT10-T8,8,sin_crisis_anotada,2.0,63.5749238356961,58
FT10-T8,8,sin_crisis_anotada,2.5,45.94481784803396,58
FT10-T8,8,sin_crisis_anotada,3.0,33.21657288410053,58
FT10-T8,8,sin_crisis_anotada,3.5,21.21892923383735,58
FT10-T8,8,sin_crisis_anotada,4.0,16.39974930682951,58
FT10-T8,8,sin_crisis_anotada,4.5,12.637787155942306,58
FT10-T8,8,sin_crisis_anotada,5.0,12.621459076181798,58
FT10-T8,8,sin_crisis_anotada,5.5,12.572471658064615,58
FT10-T8,8,sin_crisis_anotada,6.0,12.546122549916523,58
FT10-T8,8,sin_crisis_anotada,6.5,11.503422989404404,58
FT10-T8,8,sin_crisis_anotada,7.0,7.870186563916032,58
FT10-T8,8,sin_crisis_anotada,7.5,5.330333628881906,58
FT10-T8,8,sin_crisis_anotada,8.0,4.040679888261079,58
FT10-T8,8,sin_crisis_anotada,8.5,3.4320395475184426,58
FT10-T8,8,sin_crisis_anotada,9.0,3.196033660827067,58
FT10-T8,8,sin_crisis_anotada,9.5,3.1909321971844085,58
FT10-T8,8,sin_crisis_anotada,10.0,3.4027071765208405,58
FT10-T8,8,sin_crisis_anotada,10.5,3.181545995849775,58
FT10-T8,8,sin_crisis_anotada,11.0,4.071758077056636,58
FT10-T8,8,sin_crisis_anotada,11.5,4.115301281080869,58
FT10-T8,8,sin_crisis_anotada,12.0,3.039673755575195,58
FT10-T8,8,sin_crisis_anotada,12.5,4.1809212005812535,58
FT10-T8,8,sin_crisis_anotada,13.0,5.3998479941464606,58
FT10-T8,8,sin_crisis_anotada,13.5,3.9889039787290863,58
FT10-T8,8,sin_crisis_anotada,14.0,1.7854677307264022,58
FT10-T8,8,sin_crisis_anotada,14.5,1.1923661010897129,58
FT10-T8,8,sin_crisis_anotada,15.0,0.8322652274652396,58
FT10-T8,8,sin_crisis_anotada,15.5,3.9375538275433435,58
FT10-T8,8,sin_crisis_anotada,16.0,14.324572931597086,58
FT10-T8,8,sin_crisis_anotada,16.5,3.709892563737796,58
FT10-T8,8,sin_crisis_anotada,17.0,0.4167767948399258,58
FT10-T8,8,sin_crisis_anotada,17.5,0.4841004983377747,58
FT10-T8,8,sin_crisis_anotada,18.0,0.38563333209228207,58
FT10-T8,8,sin_crisis_anotada,18.5,0.3351813638468206,58
FT10-T8,8,sin_crisis_anotada,19.0,0.36839365274019276,58
FT10-T8,8,sin_crisis_anotada,19.5,0.3532002108273151,58
FT10-T8,8,sin_crisis_anotada,20.0,0.280925822745483,58
FT10-T8,8,sin_crisis_anotada,20.5,0.25857238725132325,58
FT10-T8,8,sin_crisis_anotada,21.0,0.2850691290742212,58
FT10-T8,8,sin_crisis_anotada,21.5,0.34053558883241797,58
FT10-T8,8,sin_crisis_anotada,22.0,0.3280565856095591,58
FT10-T8,8,sin_crisis_anotada,22.5,0.25283846916282376,58
FT10-T8,8,sin_crisis_anotada,23.0,0.2879676664053257,58
FT10-T8,8,sin_crisis_anotada,23.5,0.26875819609711593,58
FT10-T8,8,sin_crisis_anotada,24.0,0.2726249304203569,58
FT10-T8,8,sin_crisis_anotada,24.5,0.2127143633336135,58
FT10-T8,8,sin_crisis_anotada,25.0,0.2588340808869739,58
FT10-T8,8,sin_crisis_anotada,25.5,0.25201813888442015,58
FT10-T8,8,sin_crisis_anotada,26.0,0.21285478799086882,58
FT10-T8,8,sin_crisis_anotada,26.5,0.17183888085094567,58
FT10-T8,8,sin_crisis_anotada,27.0,0.12816724974124918,58
FT10-T8,8,sin_crisis_anotada,27.5,0.15907901617379186,58
FT10-T8,8,sin_crisis_anotada,28.0,0.21565601236635526,58
FT10-T8,8,sin_crisis_anotada,28.5,0.1903709787058127,58
FT10-T8,8,sin_crisis_anotada,29.0,0.14424436765545448,58
FT10-T8,8,sin_crisis_anotada,29.5,0.11757773175194194,58
FT10-T8,8,sin_crisis_anotada,30.0,0.1018697144872257,58
FT10-T8,8,sin_crisis_anotada,30.5,0.08653823796321608,58
FT10-T8,8,sin_crisis_anotada,31.0,0.09485040043001791,58
FT10-T8,8,sin_crisis_anotada,31.5,2.0532842352674585,58
FT10-T8,8,sin_crisis_anotada,32.0,7.733189896445738,58
FT10-T8,8,sin_crisis_anotada,32.5,2.107590846800155,58
FT10-T8,8,sin_crisis_anotada,33.0,0.0746700340718296,58
FT10-T8,8,sin_crisis_anotada,33.5,0.06353246758698478,58
FT10-T8,8,sin_crisis_anotada,34.0,0.055327176328708,58
FT10-T8,8,sin_crisis_anotada,34.5,0.04382687339908138,58
FT10-T8,8,sin_crisis_anotada,35.0,0.05288670585502221,58
FT10-T8,8,sin_crisis_anotada,35.5,0.04507231805450805,58
FT10-T8,8,sin_crisis_anotada,36.0,0.055465915300865,58
FT10-T8,8,sin_crisis_anotada,36.5,0.040760228098997264,58
FT10-T8,8,sin_crisis_anotada,37.0,0.02935884177289541,58
FT10-T8,8,sin_crisis_anotada,37.5,0.025155301858970466,58
FT10-T8,8,sin_crisis_anotada,38.0,0.029904716335423805,58
FT10-T8,8,sin_crisis_anotada,38.5,0.017821062913830364,58
FT10-T8,8,sin_crisis_anotada,39.0,0.01808681740717786,58
FT10-T8,8,sin_crisis_anotada,39.5,0.017099273759894396,58
FT10-T8,8,sin_crisis_anotada,40.0,0.021575625216002994,58
FT10-T8,8,transicion,0.5,655.0122532963733,2
FT10-T8,8,transicion,1.0,709.8523744632366,2
FT10-T8,8,transicion,1.5,452.5492482259261,2
FT10-T8,8,transicion,2.0,209.02644324923244,2
FT10-T8,8,transicion,2.5,176.81338853582884,2
FT10-T8,8,transicion,3.0,138.5670204218145,2
FT10-T8,8,transicion,3.5,75.14039431328669,2
FT10-T8,8,transicion,4.0,64.13468764753941,2
FT10-T8,8,transicion,4.5,62.02149178249919,2
FT10-T8,8,transicion,5.0,60.57156817226057,2
FT10-T8,8,transicion,5.5,93.99626039777038,2
FT10-T8,8,transicion,6.0,70.50381179907649,2
FT10-T8,8,transicion,6.5,34.94486651585616,2
FT10-T8,8,transicion,7.0,24.59047220883321,2
FT10-T8,8,transicion,7.5,27.627739181135794,2
FT10-T8,8,transicion,8.0,38.56227357069235,2
FT10-T8,8,transicion,8.5,19.325038245152555,2
FT10-T8,8,transicion,9.0,15.426424035939409,2
FT10-T8,8,transicion,9.5,19.141337209320938,2
FT10-T8,8,transicion,10.0,39.257029103618095,2
FT10-T8,8,transicion,10.5,35.52251781553492,2
FT10-T8,8,transicion,11.0,17.868935441552946,2
FT10-T8,8,transicion,11.5,10.744717854203266,2
FT10-T8,8,transicion,12.0,8.949709414726252,2
FT10-T8,8,transicion,12.5,3.107173731666436,2
FT10-T8,8,transicion,13.0,2.2500079189367317,2
FT10-T8,8,transicion,13.5,3.0796957803767526,2
FT10-T8,8,transicion,14.0,5.200839052832278,2
FT10-T8,8,transicion,14.5,6.0860540778737695,2
FT10-T8,8,transicion,15.0,5.9824038797314305,2
FT10-T8,8,transicion,15.5,5.872536065825886,2
FT10-T8,8,transicion,16.0,18.169476641181063,2
FT10-T8,8,transicion,16.5,12.31510459876009,2
FT10-T8,8,transicion,17.0,3.838770497348825,2
FT10-T8,8,transicion,17.5,1.522534842801193,2
FT10-T8,8,transicion,18.0,1.501406873260654,2
FT10-T8,8,transicion,18.5,3.4677499743176705,2
FT10-T8,8,transicion,19.0,5.18781360970654,2
FT10-T8,8,transicion,19.5,5.263851760105642,2
FT10-T8,8,transicion,20.0,7.904498914150357,2
FT10-T8,8,transicion,20.5,7.70583238693005,2
FT10-T8,8,transicion,21.0,12.247346867643984,2
FT10-T8,8,transicion,21.5,16.536341100034498,2
FT10-T8,8,transicion,22.0,11.577250062865893,2
FT10-T8,8,transicion,22.5,9.474240948675481,2
FT10-T8,8,transicion,23.0,9.793514653650664,2
FT10-T8,8,transicion,23.5,4.937202627581831,2
FT10-T8,8,transicion,24.0,6.250544956030727,2
FT10-T8,8,transicion,24.5,7.683174787900995,2
FT10-T8,8,transicion,25.0,3.1816293608842625,2
FT10-T8,8,transicion,25.5,3.386365750979909,2
FT10-T8,8,transicion,26.0,5.12366322146397,2
FT10-T8,8,transicion,26.5,8.136639215781019,2
FT10-T8,8,transicion,27.0,8.271930336037977,2
FT10-T8,8,transicion,27.5,6.5325015650589515,2
FT10-T8,8,transicion,28.0,6.553541266694483,2
FT10-T8,8,transicion,28.5,4.2755857361007665,2
FT10-T8,8,transicion,29.0,4.0007967007615335,2
FT10-T8,8,transicion,29.5,3.9819725627556033,2
FT10-T8,8,transicion,30.0,5.930491804298389,2
FT10-T8,8,transicion,30.5,10.10456723546754,2
FT10-T8,8,transicion,31.0,10.656873898438297,2
FT10-T8,8,transicion,31.5,10.999412121914164,2
FT10-T8,8,transicion,32.0,14.080665248582227,2
FT10-T8,8,transicion,32.5,3.329956245808705,2
FT10-T8,8,transicion,33.0,1.8635374644825238,2
FT10-T8,8,transicion,33.5,1.8496579250118075,2
FT10-T8,8,transicion,34.0,3.002488594088471,2
FT10-T8,8,transicion,34.5,3.8417311800611675,2
FT10-T8,8,transicion,35.0,5.542730294539601,2
FT10-T8,8,transicion,35.5,5.073703170371821,2
FT10-T8,8,transicion,36.0,2.759536349537606,2
FT10-T8,8,transicion,36.5,3.4567476059280082,2
FT10-T8,8,transicion,37.0,3.7172715471674254,2
FT10-T8,8,transicion,37.5,3.0107461014902204,2
FT10-T8,8,transicion,38.0,3.3055508205827553,2
FT10-T8,8,transicion,38.5,2.3478990550535954,2
FT10-T8,8,transicion,39.0,4.211389631638085,2
FT10-T8,8,transicion,39.5,5.038260877139103,2
FT10-T8,8,transicion,40.0,3.907203418192559,2
FT9-FT10,2,ictal,0.5,886.5674845585281,39
FT9-FT10,2,ictal,1.0,2497.0423486789377,39
FT9-FT10,2,ictal,1.5,3006.4566543566402,39
FT9-FT10,2,ictal,2.0,2381.9615657132845,39
FT9-FT10,2,ictal,2.5,2428.498341072501,39
FT9-FT10,2,ictal,3.0,2005.0742489691884,39
FT9-FT10,2,ictal,3.5,891.3938211727899,39
FT9-FT10,2,ictal,4.0,929.1181601793329,39
FT9-FT10,2,ictal,4.5,302.6727307454538,39
FT9-FT10,2,ictal,5.0,289.2857263357772,39
FT9-FT10,2,ictal,5.5,409.2340769920753,39
FT9-FT10,2,ictal,6.0,370.9962627077843,39
FT9-FT10,2,ictal,6.5,362.91501706921173,39
FT9-FT10,2,ictal,7.0,161.74540270939522,39
FT9-FT10,2,ictal,7.5,121.6256635982062,39
FT9-FT10,2,ictal,8.0,99.28272974448997,39
FT9-FT10,2,ictal,8.5,75.5579065347013,39
FT9-FT10,2,ictal,9.0,42.510123094114554,39
FT9-FT10,2,ictal,9.5,55.96754451426723,39
FT9-FT10,2,ictal,10.0,58.618962341967496,39
FT9-FT10,2,ictal,10.5,46.552953235675126,39
FT9-FT10,2,ictal,11.0,33.523397864230176,39
FT9-FT10,2,ictal,11.5,30.791796727454358,39
FT9-FT10,2,ictal,12.0,16.1407187959911,39
FT9-FT10,2,ictal,12.5,20.595243853014495,39
FT9-FT10,2,ictal,13.0,17.44590217826369,39
FT9-FT10,2,ictal,13.5,21.361658030170144,39
FT9-FT10,2,ictal,14.0,18.189210805108175,39
FT9-FT10,2,ictal,14.5,13.12991872065785,39
FT9-FT10,2,ictal,15.0,15.86765858200357,39
FT9-FT10,2,ictal,15.5,37.18887083025248,39
FT9-FT10,2,ictal,16.0,86.83867295987261,39
FT9-FT10,2,ictal,16.5,26.984816320211465,39
FT9-FT10,2,ictal,17.0,9.004841458237687,39
FT9-FT10,2,ictal,17.5,9.58722385174448,39
FT9-FT10,2,ictal,18.0,10.798294717313226,39
FT9-FT10,2,ictal,18.5,6.805822413130716,39
FT9-FT10,2,ictal,19.0,7.417480954792117,39
FT9-FT10,2,ictal,19.5,6.623489951270112,39
FT9-FT10,2,ictal,20.0,4.095941254222846,39
FT9-FT10,2,ictal,20.5,6.095955659678923,39
FT9-FT10,2,ictal,21.0,6.9187952245632625,39
FT9-FT10,2,ictal,21.5,4.903944248746703,39
FT9-FT10,2,ictal,22.0,4.411612137951776,39
FT9-FT10,2,ictal,22.5,3.972841847572863,39
FT9-FT10,2,ictal,23.0,6.809357052455932,39
FT9-FT10,2,ictal,23.5,8.875575867739762,39
FT9-FT10,2,ictal,24.0,5.0345922171819755,39
FT9-FT10,2,ictal,24.5,5.035648913689004,39
FT9-FT10,2,ictal,25.0,5.249799233788897,39
FT9-FT10,2,ictal,25.5,4.634746040638314,39
FT9-FT10,2,ictal,26.0,4.362454766741583,39
FT9-FT10,2,ictal,26.5,3.1707398257297275,39
FT9-FT10,2,ictal,27.0,3.17213147600269,39
FT9-FT10,2,ictal,27.5,2.9307213552655678,39
FT9-FT10,2,ictal,28.0,3.4366255101490335,39
FT9-FT10,2,ictal,28.5,3.3490958909904593,39
FT9-FT10,2,ictal,29.0,3.2328761816197558,39
FT9-FT10,2,ictal,29.5,3.0044930435596426,39
FT9-FT10,2,ictal,30.0,3.402159710763989,39
FT9-FT10,2,ictal,30.5,3.539534331945265,39
FT9-FT10,2,ictal,31.0,3.7598524254442056,39
FT9-FT10,2,ictal,31.5,18.382310656472235,39
FT9-FT10,2,ictal,32.0,62.27723142101081,39
FT9-FT10,2,ictal,32.5,20.044829700011594,39
FT9-FT10,2,ictal,33.0,2.633026224455996,39
FT9-FT10,2,ictal,33.5,3.0492676775912937,39
FT9-FT10,2,ictal,34.0,3.721034523609755,39
FT9-FT10,2,ictal,34.5,2.5684722661659416,39
FT9-FT10,2,ictal,35.0,2.1270688306656926,39
FT9-FT10,2,ictal,35.5,2.1596021703438093,39
FT9-FT10,2,ictal,36.0,1.3703649341093482,39
FT9-FT10,2,ictal,36.5,1.9454557114505733,39
FT9-FT10,2,ictal,37.0,1.1690628652188155,39
FT9-FT10,2,ictal,37.5,1.1722357694971217,39
FT9-FT10,2,ictal,38.0,1.4440158633921452,39
FT9-FT10,2,ictal,38.5,1.3106338035311056,39
FT9-FT10,2,ictal,39.0,1.3200822860892953,39
FT9-FT10,2,ictal,39.5,0.806455706584791,39
FT9-FT10,2,ictal,40.0,0.6852519259696488,39
FT9-FT10,2,sin_crisis_anotada,0.5,74.2345245474091,238
FT9-FT10,2,sin_crisis_anotada,1.0,140.74302636706716,238
FT9-FT10,2,sin_crisis_anotada,1.5,172.01400919280883,238
FT9-FT10,2,sin_crisis_anotada,2.0,138.1278905767236,238
FT9-FT10,2,sin_crisis_anotada,2.5,84.46923301225297,238
FT9-FT10,2,sin_crisis_anotada,3.0,58.90692926928985,238
FT9-FT10,2,sin_crisis_anotada,3.5,63.36611912391999,238
FT9-FT10,2,sin_crisis_anotada,4.0,45.30815738075958,238
FT9-FT10,2,sin_crisis_anotada,4.5,42.32255043747897,238
FT9-FT10,2,sin_crisis_anotada,5.0,34.28395907111794,238
FT9-FT10,2,sin_crisis_anotada,5.5,24.81513259599398,238
FT9-FT10,2,sin_crisis_anotada,6.0,25.514915630719535,238
FT9-FT10,2,sin_crisis_anotada,6.5,20.91491093152357,238
FT9-FT10,2,sin_crisis_anotada,7.0,16.83390814705748,238
FT9-FT10,2,sin_crisis_anotada,7.5,13.156191050350742,238
FT9-FT10,2,sin_crisis_anotada,8.0,11.345008747327231,238
FT9-FT10,2,sin_crisis_anotada,8.5,9.459899847957429,238
FT9-FT10,2,sin_crisis_anotada,9.0,6.946313956456725,238
FT9-FT10,2,sin_crisis_anotada,9.5,5.754586684547885,238
FT9-FT10,2,sin_crisis_anotada,10.0,6.048538535014128,238
FT9-FT10,2,sin_crisis_anotada,10.5,5.880445443603648,238
FT9-FT10,2,sin_crisis_anotada,11.0,6.1094696840718345,238
FT9-FT10,2,sin_crisis_anotada,11.5,6.044648180610762,238
FT9-FT10,2,sin_crisis_anotada,12.0,6.591657786957793,238
FT9-FT10,2,sin_crisis_anotada,12.5,4.9006928151624125,238
FT9-FT10,2,sin_crisis_anotada,13.0,3.9843611138252637,238
FT9-FT10,2,sin_crisis_anotada,13.5,4.13659860531866,238
FT9-FT10,2,sin_crisis_anotada,14.0,3.051670615700443,238
FT9-FT10,2,sin_crisis_anotada,14.5,2.7700664474019825,238
FT9-FT10,2,sin_crisis_anotada,15.0,2.5688306127678917,238
FT9-FT10,2,sin_crisis_anotada,15.5,40.16382583676376,238
FT9-FT10,2,sin_crisis_anotada,16.0,143.67510794190014,238
FT9-FT10,2,sin_crisis_anotada,16.5,31.619023739836976,238
FT9-FT10,2,sin_crisis_anotada,17.0,1.6571307921456295,238
FT9-FT10,2,sin_crisis_anotada,17.5,1.8463039358236044,238
FT9-FT10,2,sin_crisis_anotada,18.0,1.4717283888148087,238
FT9-FT10,2,sin_crisis_anotada,18.5,1.2753388460718256,238
FT9-FT10,2,sin_crisis_anotada,19.0,1.4401266298228481,238
FT9-FT10,2,sin_crisis_anotada,19.5,1.5195218714854666,238
FT9-FT10,2,sin_crisis_anotada,20.0,1.23913852619529,238
FT9-FT10,2,sin_crisis_anotada,20.5,0.9335375659282306,238
FT9-FT10,2,sin_crisis_anotada,21.0,0.9777265063903495,238
FT9-FT10,2,sin_crisis_anotada,21.5,1.0196543209090938,238
FT9-FT10,2,sin_crisis_anotada,22.0,0.826301315180317,238
FT9-FT10,2,sin_crisis_anotada,22.5,0.7498577547640357,238
FT9-FT10,2,sin_crisis_anotada,23.0,1.0162427629187407,238
FT9-FT10,2,sin_crisis_anotada,23.5,1.1433032375286891,238
FT9-FT10,2,sin_crisis_anotada,24.0,0.9022653861809946,238
FT9-FT10,2,sin_crisis_anotada,24.5,0.6510331915621326,238
FT9-FT10,2,sin_crisis_anotada,25.0,0.7177781583682858,238
FT9-FT10,2,sin_crisis_anotada,25.5,0.7785493191880833,238
FT9-FT10,2,sin_crisis_anotada,26.0,0.5212119607840067,238
FT9-FT10,2,sin_crisis_anotada,26.5,0.4656351909658698,238
FT9-FT10,2,sin_crisis_anotada,27.0,0.5865151615548587,238
FT9-FT10,2,sin_crisis_anotada,27.5,0.5357949549929133,238
FT9-FT10,2,sin_crisis_anotada,28.0,0.5483422785758334,238
FT9-FT10,2,sin_crisis_anotada,28.5,0.363778188250131,238
FT9-FT10,2,sin_crisis_anotada,29.0,0.3920095188193026,238
FT9-FT10,2,sin_crisis_anotada,29.5,0.45597318213271876,238
FT9-FT10,2,sin_crisis_anotada,30.0,0.30346052887708075,238
FT9-FT10,2,sin_crisis_anotada,30.5,0.23396478577603042,238
FT9-FT10,2,sin_crisis_anotada,31.0,0.28780377281734587,238
FT9-FT10,2,sin_crisis_anotada,31.5,16.975204915347355,238
FT9-FT10,2,sin_crisis_anotada,32.0,87.65476076889512,238
FT9-FT10,2,sin_crisis_anotada,32.5,17.26155562539276,238
FT9-FT10,2,sin_crisis_anotada,33.0,0.190005502361498,238
FT9-FT10,2,sin_crisis_anotada,33.5,0.18461783443077717,238
FT9-FT10,2,sin_crisis_anotada,34.0,0.13210859053002522,238
FT9-FT10,2,sin_crisis_anotada,34.5,0.1209299800122553,238
FT9-FT10,2,sin_crisis_anotada,35.0,0.13079566638430545,238
FT9-FT10,2,sin_crisis_anotada,35.5,0.12215443527626961,238
FT9-FT10,2,sin_crisis_anotada,36.0,0.13551261494283348,238
FT9-FT10,2,sin_crisis_anotada,36.5,0.08787701780817937,238
FT9-FT10,2,sin_crisis_anotada,37.0,0.06101100325191679,238
FT9-FT10,2,sin_crisis_anotada,37.5,0.06272377211433522,238
FT9-FT10,2,sin_crisis_anotada,38.0,0.046570351025496295,238
FT9-FT10,2,sin_crisis_anotada,38.5,0.04393148824306075,238
FT9-FT10,2,sin_crisis_anotada,39.0,0.038910586006442996,238
FT9-FT10,2,sin_crisis_anotada,39.5,0.037055344387226574,238
FT9-FT10,2,sin_crisis_anotada,40.0,0.0399459397003777,238
FT9-FT10,2,transicion,0.5,526.8101675180708,2
FT9-FT10,2,transicion,1.0,1860.4552209854774,2
FT9-FT10,2,transicion,1.5,1255.5983053081957,2
FT9-FT10,2,transicion,2.0,68.42337640538128,2
FT9-FT10,2,transicion,2.5,248.72625462075223,2
FT9-FT10,2,transicion,3.0,380.0927581979503,2
FT9-FT10,2,transicion,3.5,149.5777537503509,2
FT9-FT10,2,transicion,4.0,173.62036832130397,2
FT9-FT10,2,transicion,4.5,94.57799016454258,2
FT9-FT10,2,transicion,5.0,176.13813160174266,2
FT9-FT10,2,transicion,5.5,515.5210961432418,2
FT9-FT10,2,transicion,6.0,643.128976666081,2
FT9-FT10,2,transicion,6.5,306.8201000768006,2
FT9-FT10,2,transicion,7.0,308.05126187834657,2
FT9-FT10,2,transicion,7.5,471.1020954845989,2
FT9-FT10,2,transicion,8.0,230.93680954803793,2
FT9-FT10,2,transicion,8.5,16.501513711240285,2
FT9-FT10,2,transicion,9.0,84.81667127703419,2
FT9-FT10,2,transicion,9.5,142.12120210067462,2
FT9-FT10,2,transicion,10.0,264.50160672781993,2
FT9-FT10,2,transicion,10.5,58.3889015460726,2
FT9-FT10,2,transicion,11.0,3.148198883263651,2
FT9-FT10,2,transicion,11.5,33.29134780358824,2
FT9-FT10,2,transicion,12.0,90.15410334776264,2
FT9-FT10,2,transicion,12.5,41.31764052820173,2
FT9-FT10,2,transicion,13.0,36.20337960166146,2
FT9-FT10,2,transicion,13.5,6.41198521496534,2
FT9-FT10,2,transicion,14.0,7.912746735234086,2
FT9-FT10,2,transicion,14.5,17.002920747164232,2
FT9-FT10,2,transicion,15.0,10.192941711245206,2
FT9-FT10,2,transicion,15.5,68.93697590960677,2
FT9-FT10,2,transicion,16.0,189.18092354613285,2
FT9-FT10,2,transicion,16.5,26.618168025285737,2
FT9-FT10,2,transicion,17.0,7.466410417295754,2
FT9-FT10,2,transicion,17.5,12.463200134612025,2
FT9-FT10,2,transicion,18.0,7.132045151519126,2
FT9-FT10,2,transicion,18.5,5.0638517738352125,2
FT9-FT10,2,transicion,19.0,8.884290077519362,2
FT9-FT10,2,transicion,19.5,4.167945784238376,2
FT9-FT10,2,transicion,20.0,1.3544092638675336,2
FT9-FT10,2,transicion,20.5,1.9100279250898786,2
FT9-FT10,2,transicion,21.0,3.3054595418367527,2
FT9-FT10,2,transicion,21.5,7.571318411698854,2
FT9-FT10,2,transicion,22.0,4.540108682747464,2
FT9-FT10,2,transicion,22.5,2.135017889829258,2
FT9-FT10,2,transicion,23.0,0.3965656540586658,2
FT9-FT10,2,transicion,23.5,3.1456696472618586,2
FT9-FT10,2,transicion,24.0,1.8084773231407518,2
FT9-FT10,2,transicion,24.5,1.5230189331853716,2
FT9-FT10,2,transicion,25.0,2.8954072628978516,2
FT9-FT10,2,transicion,25.5,3.175044533398991,2
FT9-FT10,2,transicion,26.0,1.5588864086929046,2
FT9-FT10,2,transicion,26.5,0.7863260949369089,2
FT9-FT10,2,transicion,27.0,0.7897962332918396,2
FT9-FT10,2,transicion,27.5,0.2866325595522519,2
FT9-FT10,2,transicion,28.0,4.027637477586994,2
FT9-FT10,2,transicion,28.5,3.9278011901435326,2
FT9-FT10,2,transicion,29.0,1.4632609485611376,2
FT9-FT10,2,transicion,29.5,3.767529272330494,2
FT9-FT10,2,transicion,30.0,1.5750851722859174,2
FT9-FT10,2,transicion,30.5,1.7991989720885393,2
FT9-FT10,2,transicion,31.0,2.5844439482209105,2
FT9-FT10,2,transicion,31.5,53.84795969454646,2
FT9-FT10,2,transicion,32.0,169.56464980870638,2
FT9-FT10,2,transicion,32.5,42.54731133021264,2
FT9-FT10,2,transicion,33.0,5.065837276412259,2
FT9-FT10,2,transicion,33.5,7.2251194905419975,2
FT9-FT10,2,transicion,34.0,9.002432888954976,2
FT9-FT10,2,transicion,34.5,6.5286544758899065,2
FT9-FT10,2,transicion,35.0,1.9137711747018398,2
FT9-FT10,2,transicion,35.5,1.0691963169652925,2
FT9-FT10,2,transicion,36.0,0.9549525936593044,2
FT9-FT10,2,transicion,36.5,0.57698521969047,2
FT9-FT10,2,transicion,37.0,0.11455726910992703,2
FT9-FT10,2,transicion,37.5,0.693397205899601,2
FT9-FT10,2,transicion,38.0,2.588742312204998,2
FT9-FT10,2,transicion,38.5,3.097800835768448,2
FT9-FT10,2,transicion,39.0,1.11851734872887,2
FT9-FT10,2,transicion,39.5,0.9117261779893107,2
FT9-FT10,2,transicion,40.0,2.162308755041618,2
FT9-FT10,4,ictal,0.5,1206.1201576802077,19
FT9-FT10,4,ictal,1.0,3254.079371059972,19
FT9-FT10,4,ictal,1.5,3279.8924029262994,19
FT9-FT10,4,ictal,2.0,2481.084401515515,19
FT9-FT10,4,ictal,2.5,2543.1805613495026,19
FT9-FT10,4,ictal,3.0,2184.380218390741,19
FT9-FT10,4,ictal,3.5,1180.4994496047354,19
FT9-FT10,4,ictal,4.0,1087.8730380153283,19
FT9-FT10,4,ictal,4.5,572.8326628462613,19
FT9-FT10,4,ictal,5.0,421.34089951772177,19
FT9-FT10,4,ictal,5.5,435.51112921767043,19
FT9-FT10,4,ictal,6.0,606.2686316003143,19
FT9-FT10,4,ictal,6.5,337.2165584446578,19
FT9-FT10,4,ictal,7.0,266.2742631561301,19
FT9-FT10,4,ictal,7.5,170.45684345154234,19
FT9-FT10,4,ictal,8.0,150.18832990012595,19
FT9-FT10,4,ictal,8.5,119.16340005963407,19
FT9-FT10,4,ictal,9.0,54.83818986917368,19
FT9-FT10,4,ictal,9.5,61.32608054770886,19
FT9-FT10,4,ictal,10.0,70.81898191749886,19
FT9-FT10,4,ictal,10.5,52.16682677544332,19
FT9-FT10,4,ictal,11.0,37.9182490875155,19
FT9-FT10,4,ictal,11.5,29.800450700531446,19
FT9-FT10,4,ictal,12.0,24.023311739834913,19
FT9-FT10,4,ictal,12.5,26.067031314437447,19
FT9-FT10,4,ictal,13.0,29.410023304983692,19
FT9-FT10,4,ictal,13.5,26.237842924695958,19
FT9-FT10,4,ictal,14.0,32.83519665943855,19
FT9-FT10,4,ictal,14.5,25.828869437363206,19
FT9-FT10,4,ictal,15.0,15.511125130918549,19
FT9-FT10,4,ictal,15.5,41.85272477559718,19
FT9-FT10,4,ictal,16.0,80.11743297159298,19
FT9-FT10,4,ictal,16.5,44.45110068989515,19
FT9-FT10,4,ictal,17.0,11.106698599659403,19
FT9-FT10,4,ictal,17.5,11.728076389278636,19
FT9-FT10,4,ictal,18.0,15.28781816977804,19
FT9-FT10,4,ictal,18.5,9.982331523701717,19
FT9-FT10,4,ictal,19.0,10.11955212310761,19
FT9-FT10,4,ictal,19.5,8.308635921849605,19
FT9-FT10,4,ictal,20.0,6.321934036466611,19
FT9-FT10,4,ictal,20.5,6.283940068877677,19
FT9-FT10,4,ictal,21.0,8.339448457342222,19
FT9-FT10,4,ictal,21.5,8.487084219672267,19
FT9-FT10,4,ictal,22.0,7.770832437941727,19
FT9-FT10,4,ictal,22.5,7.28246246756428,19
FT9-FT10,4,ictal,23.0,6.969635536995845,19
FT9-FT10,4,ictal,23.5,11.33346237963506,19
FT9-FT10,4,ictal,24.0,11.102108060969679,19
FT9-FT10,4,ictal,24.5,11.078799343752635,19
FT9-FT10,4,ictal,25.0,8.573452867709639,19
FT9-FT10,4,ictal,25.5,12.287197795613862,19
FT9-FT10,4,ictal,26.0,8.334653194040694,19
FT9-FT10,4,ictal,26.5,5.044234797680088,19
FT9-FT10,4,ictal,27.0,3.6381387473869746,19
FT9-FT10,4,ictal,27.5,3.7292104890899878,19
FT9-FT10,4,ictal,28.0,5.613759460127123,19
FT9-FT10,4,ictal,28.5,4.775360763948956,19
FT9-FT10,4,ictal,29.0,4.3953881669704,19
FT9-FT10,4,ictal,29.5,5.933649151629229,19
FT9-FT10,4,ictal,30.0,3.894413790632703,19
FT9-FT10,4,ictal,30.5,4.052640778634927,19
FT9-FT10,4,ictal,31.0,4.924293501457821,19
FT9-FT10,4,ictal,31.5,17.48564697353226,19
FT9-FT10,4,ictal,32.0,63.38282411853178,19
FT9-FT10,4,ictal,32.5,20.836958280525717,19
FT9-FT10,4,ictal,33.0,5.376355645547354,19
FT9-FT10,4,ictal,33.5,5.640735209945155,19
FT9-FT10,4,ictal,34.0,3.551132284724513,19
FT9-FT10,4,ictal,34.5,3.831154524367465,19
FT9-FT10,4,ictal,35.0,3.732162917027528,19
FT9-FT10,4,ictal,35.5,4.333631286855622,19
FT9-FT10,4,ictal,36.0,2.840323583422597,19
FT9-FT10,4,ictal,36.5,3.0403320128623457,19
FT9-FT10,4,ictal,37.0,1.8889002110202515,19
FT9-FT10,4,ictal,37.5,1.5351490767339,19
FT9-FT10,4,ictal,38.0,1.7704810866588765,19
FT9-FT10,4,ictal,38.5,1.5075245310992038,19
FT9-FT10,4,ictal,39.0,1.7955019450863514,19
FT9-FT10,4,ictal,39.5,1.181859060627916,19
FT9-FT10,4,ictal,40.0,1.2773654156595013,19
FT9-FT10,4,sin_crisis_anotada,0.5,80.14704116465182,118
FT9-FT10,4,sin_crisis_anotada,1.0,178.93118146348587,118
FT9-FT10,4,sin_crisis_anotada,1.5,217.53457814143349,118
FT9-FT10,4,sin_crisis_anotada,2.0,174.5584793333918,118
FT9-FT10,4,sin_crisis_anotada,2.5,107.26509407003229,118
FT9-FT10,4,sin_crisis_anotada,3.0,83.0716745796583,118
FT9-FT10,4,sin_crisis_anotada,3.5,75.34739815819182,118
FT9-FT10,4,sin_crisis_anotada,4.0,64.82781464066603,118
FT9-FT10,4,sin_crisis_anotada,4.5,59.871720358214944,118
FT9-FT10,4,sin_crisis_anotada,5.0,48.817074693757476,118
FT9-FT10,4,sin_crisis_anotada,5.5,38.054323916947645,118
FT9-FT10,4,sin_crisis_anotada,6.0,33.996822491183906,118
FT9-FT10,4,sin_crisis_anotada,6.5,27.87650881837537,118
FT9-FT10,4,sin_crisis_anotada,7.0,22.817519661907127,118
FT9-FT10,4,sin_crisis_anotada,7.5,17.472324969713316,118
FT9-FT10,4,sin_crisis_anotada,8.0,15.428162745100925,118
FT9-FT10,4,sin_crisis_anotada,8.5,10.670557683424276,118
FT9-FT10,4,sin_crisis_anotada,9.0,8.183530593268767,118
FT9-FT10,4,sin_crisis_anotada,9.5,7.142168172334776,118
FT9-FT10,4,sin_crisis_anotada,10.0,7.620486000643131,118
FT9-FT10,4,sin_crisis_anotada,10.5,9.504674287677538,118
FT9-FT10,4,sin_crisis_anotada,11.0,11.456463557120616,118
FT9-FT10,4,sin_crisis_anotada,11.5,11.408487797142445,118
FT9-FT10,4,sin_crisis_anotada,12.0,10.234001984714943,118
FT9-FT10,4,sin_crisis_anotada,12.5,7.033267498138725,118
FT9-FT10,4,sin_crisis_anotada,13.0,6.315782008632228,118
FT9-FT10,4,sin_crisis_anotada,13.5,5.74885225911752,118
FT9-FT10,4,sin_crisis_anotada,14.0,3.7704077934395217,118
FT9-FT10,4,sin_crisis_anotada,14.5,3.897602311514419,118
FT9-FT10,4,sin_crisis_anotada,15.0,3.861572556088975,118
FT9-FT10,4,sin_crisis_anotada,15.5,39.31490470133224,118
FT9-FT10,4,sin_crisis_anotada,16.0,161.37026171458947,118
FT9-FT10,4,sin_crisis_anotada,16.5,37.68541285608046,118
FT9-FT10,4,sin_crisis_anotada,17.0,2.124211919936984,118
FT9-FT10,4,sin_crisis_anotada,17.5,2.3112699482677774,118
FT9-FT10,4,sin_crisis_anotada,18.0,1.8717569011433866,118
FT9-FT10,4,sin_crisis_anotada,18.5,1.3443311238944764,118
FT9-FT10,4,sin_crisis_anotada,19.0,1.545147309582543,118
FT9-FT10,4,sin_crisis_anotada,19.5,1.7749106067475076,118
FT9-FT10,4,sin_crisis_anotada,20.0,1.4608291400276743,118
FT9-FT10,4,sin_crisis_anotada,20.5,1.0266434386532255,118
FT9-FT10,4,sin_crisis_anotada,21.0,1.129655792903018,118
FT9-FT10,4,sin_crisis_anotada,21.5,1.2160121847554846,118
FT9-FT10,4,sin_crisis_anotada,22.0,1.0318524901604476,118
FT9-FT10,4,sin_crisis_anotada,22.5,0.9620315678346483,118
FT9-FT10,4,sin_crisis_anotada,23.0,1.22527646498666,118
FT9-FT10,4,sin_crisis_anotada,23.5,1.2839821970492733,118
FT9-FT10,4,sin_crisis_anotada,24.0,1.001316960463641,118
FT9-FT10,4,sin_crisis_anotada,24.5,0.7854873971300427,118
FT9-FT10,4,sin_crisis_anotada,25.0,0.8883218903347154,118
FT9-FT10,4,sin_crisis_anotada,25.5,0.9484375982669697,118
FT9-FT10,4,sin_crisis_anotada,26.0,0.7429166443390516,118
FT9-FT10,4,sin_crisis_anotada,26.5,0.5810612202363651,118
FT9-FT10,4,sin_crisis_anotada,27.0,0.7151653850877038,118
FT9-FT10,4,sin_crisis_anotada,27.5,0.7605584804660975,118
FT9-FT10,4,sin_crisis_anotada,28.0,0.6906571595285134,118
FT9-FT10,4,sin_crisis_anotada,28.5,0.45516200879752844,118
FT9-FT10,4,sin_crisis_anotada,29.0,0.5183202489584188,118
FT9-FT10,4,sin_crisis_anotada,29.5,0.46425549418312995,118
FT9-FT10,4,sin_crisis_anotada,30.0,0.3445802854733633,118
FT9-FT10,4,sin_crisis_anotada,30.5,0.2808186853083398,118
FT9-FT10,4,sin_crisis_anotada,31.0,0.3420548308049278,118
FT9-FT10,4,sin_crisis_anotada,31.5,24.130076721645093,118
FT9-FT10,4,sin_crisis_anotada,32.0,109.6199924763992,118
FT9-FT10,4,sin_crisis_anotada,32.5,26.417897452023425,118
FT9-FT10,4,sin_crisis_anotada,33.0,0.23186278340161745,118
FT9-FT10,4,sin_crisis_anotada,33.5,0.19638614050567071,118
FT9-FT10,4,sin_crisis_anotada,34.0,0.1563999967876759,118
FT9-FT10,4,sin_crisis_anotada,34.5,0.15048196567963057,118
FT9-FT10,4,sin_crisis_anotada,35.0,0.16700521210299932,118
FT9-FT10,4,sin_crisis_anotada,35.5,0.16648913295393591,118
FT9-FT10,4,sin_crisis_anotada,36.0,0.1679798957624862,118
FT9-FT10,4,sin_crisis_anotada,36.5,0.10723674992606841,118
FT9-FT10,4,sin_crisis_anotada,37.0,0.07765541543276268,118
FT9-FT10,4,sin_crisis_anotada,37.5,0.06892883227962278,118
FT9-FT10,4,sin_crisis_anotada,38.0,0.05681725097413354,118
FT9-FT10,4,sin_crisis_anotada,38.5,0.04707207299324258,118
FT9-FT10,4,sin_crisis_anotada,39.0,0.049495654340951434,118
FT9-FT10,4,sin_crisis_anotada,39.5,0.05708313290424112,118
FT9-FT10,4,sin_crisis_anotada,40.0,0.04983724623016088,118
FT9-FT10,4,transicion,0.5,767.9392039810604,2
FT9-FT10,4,transicion,1.0,1578.5755267916159,2
FT9-FT10,4,transicion,1.5,1249.4699054202522,2
FT9-FT10,4,transicion,2.0,408.90489523032016,2
FT9-FT10,4,transicion,2.5,483.40695654919756,2
FT9-FT10,4,transicion,3.0,473.6474069777312,2
FT9-FT10,4,transicion,3.5,288.9822803337861,2
FT9-FT10,4,transicion,4.0,238.70321000008718,2
FT9-FT10,4,transicion,4.5,151.5361744359865,2
FT9-FT10,4,transicion,5.0,159.59457351837727,2
FT9-FT10,4,transicion,5.5,439.85501710439235,2
FT9-FT10,4,transicion,6.0,386.00831147622927,2
FT9-FT10,4,transicion,6.5,150.4255302534644,2
FT9-FT10,4,transicion,7.0,206.73557922814268,2
FT9-FT10,4,transicion,7.5,210.06963284300966,2
FT9-FT10,4,transicion,8.0,98.02020831543705,2
FT9-FT10,4,transicion,8.5,32.87430874032021,2
FT9-FT10,4,transicion,9.0,75.63950223589565,2
FT9-FT10,4,transicion,9.5,97.64874585765078,2
FT9-FT10,4,transicion,10.0,116.9479354724923,2
FT9-FT10,4,transicion,10.5,69.48386402026246,2
FT9-FT10,4,transicion,11.0,81.14780215883663,2
FT9-FT10,4,transicion,11.5,61.824081791422984,2
FT9-FT10,4,transicion,12.0,43.811850070948985,2
FT9-FT10,4,transicion,12.5,55.3471755431131,2
FT9-FT10,4,transicion,13.0,15.87494191158622,2
FT9-FT10,4,transicion,13.5,13.958405177962044,2
FT9-FT10,4,transicion,14.0,13.349287645105223,2
FT9-FT10,4,transicion,14.5,16.578465407235697,2
FT9-FT10,4,transicion,15.0,10.149403713003649,2
FT9-FT10,4,transicion,15.5,56.43299947785098,2
FT9-FT10,4,transicion,16.0,195.65312181506908,2
FT9-FT10,4,transicion,16.5,48.30049275585418,2
FT9-FT10,4,transicion,17.0,8.302679919050032,2
FT9-FT10,4,transicion,17.5,6.848515208439898,2
FT9-FT10,4,transicion,18.0,5.182893485309094,2
FT9-FT10,4,transicion,18.5,5.42351280540484,2
FT9-FT10,4,transicion,19.0,4.757871189241827,2
FT9-FT10,4,transicion,19.5,2.7575423225159805,2
FT9-FT10,4,transicion,20.0,4.302553444285678,2
FT9-FT10,4,transicion,20.5,4.8674969153553365,2
FT9-FT10,4,transicion,21.0,2.332458021575274,2
FT9-FT10,4,transicion,21.5,3.25309835693752,2
FT9-FT10,4,transicion,22.0,3.3017756361872372,2
FT9-FT10,4,transicion,22.5,2.5319430125064883,2
FT9-FT10,4,transicion,23.0,1.790597330677974,2
FT9-FT10,4,transicion,23.5,3.58871691125009,2
FT9-FT10,4,transicion,24.0,2.4042050972480205,2
FT9-FT10,4,transicion,24.5,1.6694531412697016,2
FT9-FT10,4,transicion,25.0,2.991228062032392,2
FT9-FT10,4,transicion,25.5,3.2883044819979523,2
FT9-FT10,4,transicion,26.0,1.8189735897351653,2
FT9-FT10,4,transicion,26.5,2.1864164164998035,2
FT9-FT10,4,transicion,27.0,1.4878947275717427,2
FT9-FT10,4,transicion,27.5,0.9637969357913867,2
FT9-FT10,4,transicion,28.0,2.964178956658982,2
FT9-FT10,4,transicion,28.5,2.946551872627689,2
FT9-FT10,4,transicion,29.0,2.1032657997016755,2
FT9-FT10,4,transicion,29.5,2.989862711107128,2
FT9-FT10,4,transicion,30.0,2.3327445800504245,2
FT9-FT10,4,transicion,30.5,1.93024500758992,2
FT9-FT10,4,transicion,31.0,1.5774544421993526,2
FT9-FT10,4,transicion,31.5,41.531400872021806,2
FT9-FT10,4,transicion,32.0,145.83502505403212,2
FT9-FT10,4,transicion,32.5,34.65608848726049,2
FT9-FT10,4,transicion,33.0,2.0470542040159216,2
FT9-FT10,4,transicion,33.5,3.0440175374270213,2
FT9-FT10,4,transicion,34.0,3.5914194781564004,2
FT9-FT10,4,transicion,34.5,2.869485772062818,2
FT9-FT10,4,transicion,35.0,1.0940594783466244,2
FT9-FT10,4,transicion,35.5,0.5103375048692392,2
FT9-FT10,4,transicion,36.0,0.5149686648930563,2
FT9-FT10,4,transicion,36.5,0.3565697870566577,2
FT9-FT10,4,transicion,37.0,0.2099517816014506,2
FT9-FT10,4,transicion,37.5,0.3831832279975696,2
FT9-FT10,4,transicion,38.0,1.2043701719082156,2
FT9-FT10,4,transicion,38.5,1.426298891538483,2
FT9-FT10,4,transicion,39.0,0.5407420455281553,2
FT9-FT10,4,transicion,39.5,0.7558488680170042,2
FT9-FT10,4,transicion,40.0,0.9485179290778851,2
FT9-FT10,8,ictal,0.5,804.6376890049143,9
FT9-FT10,8,ictal,1.0,3325.235990136018,9
FT9-FT10,8,ictal,1.5,3293.752135021262,9
FT9-FT10,8,ictal,2.0,4139.583892630698,9
FT9-FT10,8,ictal,2.5,9172.316391674218,9
FT9-FT10,8,ictal,3.0,3058.21492472483,9
FT9-FT10,8,ictal,3.5,2068.2589242700037,9
FT9-FT10,8,ictal,4.0,1186.2538987700386,9
FT9-FT10,8,ictal,4.5,732.3515647837428,9
FT9-FT10,8,ictal,5.0,618.3984007840239,9
FT9-FT10,8,ictal,5.5,601.9923493367722,9
FT9-FT10,8,ictal,6.0,620.5637225278325,9
FT9-FT10,8,ictal,6.5,471.3350999862261,9
FT9-FT10,8,ictal,7.0,329.6059853680854,9
FT9-FT10,8,ictal,7.5,254.7305751862053,9
FT9-FT10,8,ictal,8.0,156.3164366157152,9
FT9-FT10,8,ictal,8.5,111.40887486728839,9
FT9-FT10,8,ictal,9.0,72.73534439090406,9
FT9-FT10,8,ictal,9.5,69.46618821211054,9
FT9-FT10,8,ictal,10.0,80.10437414798537,9
FT9-FT10,8,ictal,10.5,51.78922902305392,9
FT9-FT10,8,ictal,11.0,39.42710637284949,9
FT9-FT10,8,ictal,11.5,36.198958914868555,9
FT9-FT10,8,ictal,12.0,32.11598491140988,9
FT9-FT10,8,ictal,12.5,32.598801804380614,9
FT9-FT10,8,ictal,13.0,33.1417268483262,9
FT9-FT10,8,ictal,13.5,27.162037409473577,9
FT9-FT10,8,ictal,14.0,35.461560741290945,9
FT9-FT10,8,ictal,14.5,26.044217438683084,9
FT9-FT10,8,ictal,15.0,22.895060990637678,9
FT9-FT10,8,ictal,15.5,45.64491557437624,9
FT9-FT10,8,ictal,16.0,81.58936299656607,9
FT9-FT10,8,ictal,16.5,38.465088976514586,9
FT9-FT10,8,ictal,17.0,17.00365887331962,9
FT9-FT10,8,ictal,17.5,10.61663136647908,9
FT9-FT10,8,ictal,18.0,13.021902406648673,9
FT9-FT10,8,ictal,18.5,12.785356447205212,9
FT9-FT10,8,ictal,19.0,11.720765244152542,9
FT9-FT10,8,ictal,19.5,10.6959666446814,9
FT9-FT10,8,ictal,20.0,6.23324938798001,9
FT9-FT10,8,ictal,20.5,7.560543154345585,9
FT9-FT10,8,ictal,21.0,10.594105568604771,9
FT9-FT10,8,ictal,21.5,10.309127536237222,9
FT9-FT10,8,ictal,22.0,10.06030412976324,9
FT9-FT10,8,ictal,22.5,7.679114384737465,9
FT9-FT10,8,ictal,23.0,7.828041081088119,9
FT9-FT10,8,ictal,23.5,11.197651763032084,9
FT9-FT10,8,ictal,24.0,12.068994464245435,9
FT9-FT10,8,ictal,24.5,10.994326323141873,9
FT9-FT10,8,ictal,25.0,9.265397141874214,9
FT9-FT10,8,ictal,25.5,11.281119675600985,9
FT9-FT10,8,ictal,26.0,9.186571536406165,9
FT9-FT10,8,ictal,26.5,5.848087039709737,9
FT9-FT10,8,ictal,27.0,3.6974678680710023,9
FT9-FT10,8,ictal,27.5,3.9222842280331025,9
FT9-FT10,8,ictal,28.0,5.295799047179033,9
FT9-FT10,8,ictal,28.5,5.896135636071153,9
FT9-FT10,8,ictal,29.0,5.883096301630841,9
FT9-FT10,8,ictal,29.5,5.5378463981755885,9
FT9-FT10,8,ictal,30.0,5.742630213361496,9
FT9-FT10,8,ictal,30.5,7.0307626630634825,9
FT9-FT10,8,ictal,31.0,4.829081388783034,9
FT9-FT10,8,ictal,31.5,19.64464961823835,9
FT9-FT10,8,ictal,32.0,62.29114044668109,9
FT9-FT10,8,ictal,32.5,20.115525773932934,9
FT9-FT10,8,ictal,33.0,7.8901567292955885,9
FT9-FT10,8,ictal,33.5,6.32633464365033,9
FT9-FT10,8,ictal,34.0,6.492825605496513,9
FT9-FT10,8,ictal,34.5,4.370624133720277,9
FT9-FT10,8,ictal,35.0,3.249326218790034,9
FT9-FT10,8,ictal,35.5,4.309771725644836,9
FT9-FT10,8,ictal,36.0,3.775185186694458,9
FT9-FT10,8,ictal,36.5,3.5303633923778537,9
FT9-FT10,8,ictal,37.0,2.6552511951576547,9
FT9-FT10,8,ictal,37.5,2.5964485637075967,9
FT9-FT10,8,ictal,38.0,2.0513907166440006,9
FT9-FT10,8,ictal,38.5,1.7833810505562606,9
FT9-FT10,8,ictal,39.0,1.8182783640844025,9
FT9-FT10,8,ictal,39.5,1.6355888041929745,9
FT9-FT10,8,ictal,40.0,1.676013086228894,9
FT9-FT10,8,sin_crisis_anotada,0.5,101.21060530121773,58
FT9-FT10,8,sin_crisis_anotada,1.0,215.96459705672635,58
FT9-FT10,8,sin_crisis_anotada,1.5,247.01433126022206,58
FT9-FT10,8,sin_crisis_anotada,2.0,185.6617681078398,58
FT9-FT10,8,sin_crisis_anotada,2.5,126.5029148654405,58
FT9-FT10,8,sin_crisis_anotada,3.0,88.47751949563592,58
FT9-FT10,8,sin_crisis_anotada,3.5,77.28989643006707,58
FT9-FT10,8,sin_crisis_anotada,4.0,70.09637049032438,58
FT9-FT10,8,sin_crisis_anotada,4.5,62.86807426567705,58
FT9-FT10,8,sin_crisis_anotada,5.0,59.991782404649996,58
FT9-FT10,8,sin_crisis_anotada,5.5,40.07718145758672,58
FT9-FT10,8,sin_crisis_anotada,6.0,32.625910770623534,58
FT9-FT10,8,sin_crisis_anotada,6.5,28.764131344639832,58
FT9-FT10,8,sin_crisis_anotada,7.0,24.276748874872077,58
FT9-FT10,8,sin_crisis_anotada,7.5,18.62135882432405,58
FT9-FT10,8,sin_crisis_anotada,8.0,18.003486720737623,58
FT9-FT10,8,sin_crisis_anotada,8.5,10.884306869925773,58
FT9-FT10,8,sin_crisis_anotada,9.0,8.939280182137034,58
FT9-FT10,8,sin_crisis_anotada,9.5,7.981454557604367,58
FT9-FT10,8,sin_crisis_anotada,10.0,8.374139544172166,58
FT9-FT10,8,sin_crisis_anotada,10.5,9.053985068679703,58
FT9-FT10,8,sin_crisis_anotada,11.0,18.952435645774834,58
FT9-FT10,8,sin_crisis_anotada,11.5,24.858719114224773,58
FT9-FT10,8,sin_crisis_anotada,12.0,20.981543294370642,58
FT9-FT10,8,sin_crisis_anotada,12.5,14.03048719617028,58
FT9-FT10,8,sin_crisis_anotada,13.0,10.077567323050456,58
FT9-FT10,8,sin_crisis_anotada,13.5,7.762776681227642,58
FT9-FT10,8,sin_crisis_anotada,14.0,4.340155439184981,58
FT9-FT10,8,sin_crisis_anotada,14.5,4.131911478597292,58
FT9-FT10,8,sin_crisis_anotada,15.0,4.127912184493608,58
FT9-FT10,8,sin_crisis_anotada,15.5,44.00114901816747,58
FT9-FT10,8,sin_crisis_anotada,16.0,161.93352117718803,58
FT9-FT10,8,sin_crisis_anotada,16.5,42.3681562799694,58
FT9-FT10,8,sin_crisis_anotada,17.0,2.132673248551301,58
FT9-FT10,8,sin_crisis_anotada,17.5,2.254906650866669,58
FT9-FT10,8,sin_crisis_anotada,18.0,1.8029071295919892,58
FT9-FT10,8,sin_crisis_anotada,18.5,1.3317249451849298,58
FT9-FT10,8,sin_crisis_anotada,19.0,1.417057420851785,58
FT9-FT10,8,sin_crisis_anotada,19.5,1.902954869303934,58
FT9-FT10,8,sin_crisis_anotada,20.0,1.3318405463174432,58
FT9-FT10,8,sin_crisis_anotada,20.5,1.1684969000403527,58
FT9-FT10,8,sin_crisis_anotada,21.0,1.1454410674446476,58
FT9-FT10,8,sin_crisis_anotada,21.5,1.3688532264666122,58
FT9-FT10,8,sin_crisis_anotada,22.0,1.175400810572263,58
FT9-FT10,8,sin_crisis_anotada,22.5,1.080881772042908,58
FT9-FT10,8,sin_crisis_anotada,23.0,1.301887823911172,58
FT9-FT10,8,sin_crisis_anotada,23.5,1.4421320489142446,58
FT9-FT10,8,sin_crisis_anotada,24.0,1.0923816887439397,58
FT9-FT10,8,sin_crisis_anotada,24.5,0.8314615351333134,58
FT9-FT10,8,sin_crisis_anotada,25.0,0.8581012270114038,58
FT9-FT10,8,sin_crisis_anotada,25.5,1.0761472569666641,58
FT9-FT10,8,sin_crisis_anotada,26.0,0.693909765208762,58
FT9-FT10,8,sin_crisis_anotada,26.5,0.6066288045410304,58
FT9-FT10,8,sin_crisis_anotada,27.0,0.7738464473055032,58
FT9-FT10,8,sin_crisis_anotada,27.5,0.7776523341320816,58
FT9-FT10,8,sin_crisis_anotada,28.0,0.728802346469756,58
FT9-FT10,8,sin_crisis_anotada,28.5,0.5992073730240266,58
FT9-FT10,8,sin_crisis_anotada,29.0,0.527567506444264,58
FT9-FT10,8,sin_crisis_anotada,29.5,0.523790620601384,58
FT9-FT10,8,sin_crisis_anotada,30.0,0.3931548364865767,58
FT9-FT10,8,sin_crisis_anotada,30.5,0.2974713581176733,58
FT9-FT10,8,sin_crisis_anotada,31.0,0.32798446073325793,58
FT9-FT10,8,sin_crisis_anotada,31.5,27.79945433747733,58
FT9-FT10,8,sin_crisis_anotada,32.0,115.12346730965872,58
FT9-FT10,8,sin_crisis_anotada,32.5,27.463810046434126,58
FT9-FT10,8,sin_crisis_anotada,33.0,0.24243025594348283,58
FT9-FT10,8,sin_crisis_anotada,33.5,0.19975762940222466,58
FT9-FT10,8,sin_crisis_anotada,34.0,0.16630828023851502,58
FT9-FT10,8,sin_crisis_anotada,34.5,0.15750798633992366,58
FT9-FT10,8,sin_crisis_anotada,35.0,0.14979467079936173,58
FT9-FT10,8,sin_crisis_anotada,35.5,0.14514970641803543,58
FT9-FT10,8,sin_crisis_anotada,36.0,0.1617877815207017,58
FT9-FT10,8,sin_crisis_anotada,36.5,0.10367034816335499,58
FT9-FT10,8,sin_crisis_anotada,37.0,0.08527416919919989,58
FT9-FT10,8,sin_crisis_anotada,37.5,0.06668480288587679,58
FT9-FT10,8,sin_crisis_anotada,38.0,0.05689246453435411,58
FT9-FT10,8,sin_crisis_anotada,38.5,0.048024973127880656,58
FT9-FT10,8,sin_crisis_anotada,39.0,0.04745456115203303,58
FT9-FT10,8,sin_crisis_anotada,39.5,0.051423874258450526,58
FT9-FT10,8,sin_crisis_anotada,40.0,0.0550912446586255,58
FT9-FT10,8,transicion,0.5,1010.2796673777265,2
FT9-FT10,8,transicion,1.0,1543.6855507337145,2
FT9-FT10,8,transicion,1.5,1328.7172924616368,2
FT9-FT10,8,transicion,2.0,780.3188540945479,2
FT9-FT10,8,transicion,2.5,898.8145909382989,2
FT9-FT10,8,transicion,3.0,722.7944286911103,2
FT9-FT10,8,transicion,3.5,269.48693832460395,2
FT9-FT10,8,transicion,4.0,294.86026186409237,2
FT9-FT10,8,transicion,4.5,183.94387853106178,2
FT9-FT10,8,transicion,5.0,138.2690059665304,2
FT9-FT10,8,transicion,5.5,336.0878717512043,2
FT9-FT10,8,transicion,6.0,267.18315614957015,2
FT9-FT10,8,transicion,6.5,107.28311042419843,2
FT9-FT10,8,transicion,7.0,130.27653172298784,2
FT9-FT10,8,transicion,7.5,152.0338820721738,2
FT9-FT10,8,transicion,8.0,142.72039354315993,2
FT9-FT10,8,transicion,8.5,92.49863143887217,2
FT9-FT10,8,transicion,9.0,61.62014318533916,2
FT9-FT10,8,transicion,9.5,65.84667736444052,2
FT9-FT10,8,transicion,10.0,63.50750650124061,2
FT9-FT10,8,transicion,10.5,52.60883043638826,2
FT9-FT10,8,transicion,11.0,76.7848085579272,2
FT9-FT10,8,transicion,11.5,51.114278654951164,2
FT9-FT10,8,transicion,12.0,32.129873602708976,2
FT9-FT10,8,transicion,12.5,38.59143864545912,2
FT9-FT10,8,transicion,13.0,22.25669766187446,2
FT9-FT10,8,transicion,13.5,16.794736641290477,2
FT9-FT10,8,transicion,14.0,14.496148522185486,2
FT9-FT10,8,transicion,14.5,11.727297846945028,2
FT9-FT10,8,transicion,15.0,9.19211365180919,2
FT9-FT10,8,transicion,15.5,48.6467681899852,2
FT9-FT10,8,transicion,16.0,194.24267550976546,2
FT9-FT10,8,transicion,16.5,56.51858585629019,2
FT9-FT10,8,transicion,17.0,6.9518180950977815,2
FT9-FT10,8,transicion,17.5,6.616950741543286,2
FT9-FT10,8,transicion,18.0,6.1732898951534105,2
FT9-FT10,8,transicion,18.5,6.107981431146424,2
FT9-FT10,8,transicion,19.0,5.164303556259253,2
FT9-FT10,8,transicion,19.5,2.648992854046412,2
FT9-FT10,8,transicion,20.0,3.4823605721062885,2
FT9-FT10,8,transicion,20.5,3.888153097407499,2
FT9-FT10,8,transicion,21.0,2.815795657184178,2
FT9-FT10,8,transicion,21.5,3.0475437731319523,2
FT9-FT10,8,transicion,22.0,2.7013842296575277,2
FT9-FT10,8,transicion,22.5,2.9143682737622516,2
FT9-FT10,8,transicion,23.0,3.538511587722464,2
FT9-FT10,8,transicion,23.5,4.083318925671888,2
FT9-FT10,8,transicion,24.0,2.5647938104406283,2
FT9-FT10,8,transicion,24.5,2.307232665999449,2
FT9-FT10,8,transicion,25.0,3.09971748372949,2
FT9-FT10,8,transicion,25.5,3.353724190827794,2
FT9-FT10,8,transicion,26.0,1.7315935163270393,2
FT9-FT10,8,transicion,26.5,3.007345433791659,2
FT9-FT10,8,transicion,27.0,2.5194646921816104,2
FT9-FT10,8,transicion,27.5,1.9223417968011516,2
FT9-FT10,8,transicion,28.0,2.2136842813830766,2
FT9-FT10,8,transicion,28.5,2.2646771963755703,2
FT9-FT10,8,transicion,29.0,2.1328796624153576,2
FT9-FT10,8,transicion,29.5,2.058284883016878,2
FT9-FT10,8,transicion,30.0,1.7000394651704211,2
FT9-FT10,8,transicion,30.5,1.3246812730301598,2
FT9-FT10,8,transicion,31.0,1.5235449878596532,2
FT9-FT10,8,transicion,31.5,36.608741558710044,2
FT9-FT10,8,transicion,32.0,134.531207290385,2
FT9-FT10,8,transicion,32.5,34.8121079986222,2
FT9-FT10,8,transicion,33.0,1.4840429866573082,2
FT9-FT10,8,transicion,33.5,1.6601083994032597,2
FT9-FT10,8,transicion,34.0,1.939128488835249,2
FT9-FT10,8,transicion,34.5,1.7789356483989929,2
FT9-FT10,8,transicion,35.0,0.9261168541250193,2
FT9-FT10,8,transicion,35.5,0.5870468091909409,2
FT9-FT10,8,transicion,36.0,0.5651567039956708,2
FT9-FT10,8,transicion,36.5,0.48537523879505823,2
FT9-FT10,8,transicion,37.0,0.2562400536520177,2
FT9-FT10,8,transicion,37.5,0.3578248383464011,2
FT9-FT10,8,transicion,38.0,0.887352910119891,2
FT9-FT10,8,transicion,38.5,0.8392910501150468,2
FT9-FT10,8,transicion,39.0,0.4864082889498878,2
FT9-FT10,8,transicion,39.5,0.5894516703346668,2
FT9-FT10,8,transicion,40.0,0.5576568567327791,2
FZ-CZ,2,ictal,0.5,368.9394196540046,39
FZ-CZ,2,ictal,1.0,1077.7222043906088,39
FZ-CZ,2,ictal,1.5,1279.8389004907094,39
FZ-CZ,2,ictal,2.0,2099.159417529621,39
FZ-CZ,2,ictal,2.5,1271.7588024009956,39
FZ-CZ,2,ictal,3.0,1750.6774377312972,39
FZ-CZ,2,ictal,3.5,913.0446929130231,39
FZ-CZ,2,ictal,4.0,396.66137647150134,39
FZ-CZ,2,ictal,4.5,282.8892753934615,39
FZ-CZ,2,ictal,5.0,264.9918692391553,39
FZ-CZ,2,ictal,5.5,581.3048366353438,39
FZ-CZ,2,ictal,6.0,531.1186982583426,39
FZ-CZ,2,ictal,6.5,261.28499618913526,39
FZ-CZ,2,ictal,7.0,156.3187616977123,39
FZ-CZ,2,ictal,7.5,42.78761919974733,39
FZ-CZ,2,ictal,8.0,24.48183229169596,39
FZ-CZ,2,ictal,8.5,26.398645999839363,39
FZ-CZ,2,ictal,9.0,15.590872533925774,39
FZ-CZ,2,ictal,9.5,12.952905178640357,39
FZ-CZ,2,ictal,10.0,9.81493625545224,39
FZ-CZ,2,ictal,10.5,11.258535368351286,39
FZ-CZ,2,ictal,11.0,6.740983165026029,39
FZ-CZ,2,ictal,11.5,8.661781936431815,39
FZ-CZ,2,ictal,12.0,7.171151612901188,39
FZ-CZ,2,ictal,12.5,9.185229580147485,39
FZ-CZ,2,ictal,13.0,6.907504133024117,39
FZ-CZ,2,ictal,13.5,2.817761344857878,39
FZ-CZ,2,ictal,14.0,2.35960302599363,39
FZ-CZ,2,ictal,14.5,1.4558601400646034,39
FZ-CZ,2,ictal,15.0,1.4718183423263351,39
FZ-CZ,2,ictal,15.5,2.6535017304446424,39
FZ-CZ,2,ictal,16.0,3.5511870148957687,39
FZ-CZ,2,ictal,16.5,2.547239083945332,39
FZ-CZ,2,ictal,17.0,1.3311973934675225,39
FZ-CZ,2,ictal,17.5,1.3021066808455257,39
FZ-CZ,2,ictal,18.0,1.2308411011686013,39
FZ-CZ,2,ictal,18.5,1.155157098419377,39
FZ-CZ,2,ictal,19.0,0.9173334865793437,39
FZ-CZ,2,ictal,19.5,0.9683798075645523,39
FZ-CZ,2,ictal,20.0,1.4764481943231074,39
FZ-CZ,2,ictal,20.5,0.6112882069432152,39
FZ-CZ,2,ictal,21.0,0.9562572889674192,39
FZ-CZ,2,ictal,21.5,1.1595552422501614,39
FZ-CZ,2,ictal,22.0,0.7965236463004082,39
FZ-CZ,2,ictal,22.5,0.8804145191052621,39
FZ-CZ,2,ictal,23.0,0.6246162457008345,39
FZ-CZ,2,ictal,23.5,0.7020858782132139,39
FZ-CZ,2,ictal,24.0,0.8556472651916442,39
FZ-CZ,2,ictal,24.5,0.7539530726032279,39
FZ-CZ,2,ictal,25.0,0.6101444725449224,39
FZ-CZ,2,ictal,25.5,0.6602119588071669,39
FZ-CZ,2,ictal,26.0,0.5755645917977732,39
FZ-CZ,2,ictal,26.5,0.45368510434900583,39
FZ-CZ,2,ictal,27.0,0.4160485094656597,39
FZ-CZ,2,ictal,27.5,0.5255936357457702,39
FZ-CZ,2,ictal,28.0,0.5636837749524937,39
FZ-CZ,2,ictal,28.5,0.28273572234652505,39
FZ-CZ,2,ictal,29.0,0.49386788208948806,39
FZ-CZ,2,ictal,29.5,0.3074916934860671,39
FZ-CZ,2,ictal,30.0,0.38545897021850345,39
FZ-CZ,2,ictal,30.5,0.4974431884393518,39
FZ-CZ,2,ictal,31.0,0.35999604538016583,39
FZ-CZ,2,ictal,31.5,0.8843429572184481,39
FZ-CZ,2,ictal,32.0,2.211711238111944,39
FZ-CZ,2,ictal,32.5,0.8823746297070041,39
FZ-CZ,2,ictal,33.0,0.21523277388019882,39
FZ-CZ,2,ictal,33.5,0.27652380439594343,39
FZ-CZ,2,ictal,34.0,0.2231926836946773,39
FZ-CZ,2,ictal,34.5,0.21234188521008213,39
FZ-CZ,2,ictal,35.0,0.22861608560790764,39
FZ-CZ,2,ictal,35.5,0.2182992990895887,39
FZ-CZ,2,ictal,36.0,0.1988625237235244,39
FZ-CZ,2,ictal,36.5,0.25179168142306907,39
FZ-CZ,2,ictal,37.0,0.20507348649577606,39
FZ-CZ,2,ictal,37.5,0.1499984184840064,39
FZ-CZ,2,ictal,38.0,0.1121682098770382,39
FZ-CZ,2,ictal,38.5,0.10725233023371636,39
FZ-CZ,2,ictal,39.0,0.16705195470707326,39
FZ-CZ,2,ictal,39.5,0.07902331144396113,39
FZ-CZ,2,ictal,40.0,0.07850262538912815,39
FZ-CZ,2,sin_crisis_anotada,0.5,101.06343378956566,238
FZ-CZ,2,sin_crisis_anotada,1.0,208.22730360406754,238
FZ-CZ,2,sin_crisis_anotada,1.5,246.8253655664144,238
FZ-CZ,2,sin_crisis_anotada,2.0,132.75399425395452,238
FZ-CZ,2,sin_crisis_anotada,2.5,95.04226218478247,238
FZ-CZ,2,sin_crisis_anotada,3.0,64.86458149387533,238
FZ-CZ,2,sin_crisis_anotada,3.5,57.88659885231525,238
FZ-CZ,2,sin_crisis_anotada,4.0,46.740662616131175,238
FZ-CZ,2,sin_crisis_anotada,4.5,40.6071149027682,238
FZ-CZ,2,sin_crisis_anotada,5.0,28.853011630528158,238
FZ-CZ,2,sin_crisis_anotada,5.5,29.64857202231478,238
FZ-CZ,2,sin_crisis_anotada,6.0,33.27185557550809,238
FZ-CZ,2,sin_crisis_anotada,6.5,25.382496860830365,238
FZ-CZ,2,sin_crisis_anotada,7.0,20.95529468250038,238
FZ-CZ,2,sin_crisis_anotada,7.5,13.469750243463178,238
FZ-CZ,2,sin_crisis_anotada,8.0,8.267523941546468,238
FZ-CZ,2,sin_crisis_anotada,8.5,5.939452290219075,238
FZ-CZ,2,sin_crisis_anotada,9.0,5.182601620949079,238
FZ-CZ,2,sin_crisis_anotada,9.5,4.369712516649633,238
FZ-CZ,2,sin_crisis_anotada,10.0,4.803036093625336,238
FZ-CZ,2,sin_crisis_anotada,10.5,4.937059016644274,238
FZ-CZ,2,sin_crisis_anotada,11.0,3.8917263961920705,238
FZ-CZ,2,sin_crisis_anotada,11.5,4.17680775541125,238
FZ-CZ,2,sin_crisis_anotada,12.0,3.7930529080593365,238
FZ-CZ,2,sin_crisis_anotada,12.5,4.589075894594476,238
FZ-CZ,2,sin_crisis_anotada,13.0,4.473683101729853,238
FZ-CZ,2,sin_crisis_anotada,13.5,3.471750100178985,238
FZ-CZ,2,sin_crisis_anotada,14.0,3.1707882313514846,238
FZ-CZ,2,sin_crisis_anotada,14.5,2.012710972643779,238
FZ-CZ,2,sin_crisis_anotada,15.0,1.3856341866481074,238
FZ-CZ,2,sin_crisis_anotada,15.5,1.8948973702261056,238
FZ-CZ,2,sin_crisis_anotada,16.0,3.59282559174357,238
FZ-CZ,2,sin_crisis_anotada,16.5,1.5479389494630604,238
FZ-CZ,2,sin_crisis_anotada,17.0,0.7459859627161476,238
FZ-CZ,2,sin_crisis_anotada,17.5,0.7378322667676588,238
FZ-CZ,2,sin_crisis_anotada,18.0,0.7022653031165619,238
FZ-CZ,2,sin_crisis_anotada,18.5,0.5398558409780793,238
FZ-CZ,2,sin_crisis_anotada,19.0,0.5057051058130109,238
FZ-CZ,2,sin_crisis_anotada,19.5,0.4332240541042125,238
FZ-CZ,2,sin_crisis_anotada,20.0,0.5365004204549075,238
FZ-CZ,2,sin_crisis_anotada,20.5,0.5157686583588187,238
FZ-CZ,2,sin_crisis_anotada,21.0,0.33402275755218125,238
FZ-CZ,2,sin_crisis_anotada,21.5,0.31238504508349196,238
FZ-CZ,2,sin_crisis_anotada,22.0,0.3387620791264349,238
FZ-CZ,2,sin_crisis_anotada,22.5,0.3321113541654971,238
FZ-CZ,2,sin_crisis_anotada,23.0,0.32631779040943315,238
FZ-CZ,2,sin_crisis_anotada,23.5,0.38833081924531965,238
FZ-CZ,2,sin_crisis_anotada,24.0,0.30221322980358845,238
FZ-CZ,2,sin_crisis_anotada,24.5,0.29300947047753223,238
FZ-CZ,2,sin_crisis_anotada,25.0,0.2536740305617827,238
FZ-CZ,2,sin_crisis_anotada,25.5,0.20656769142466475,238
FZ-CZ,2,sin_crisis_anotada,26.0,0.23245433989806583,238
FZ-CZ,2,sin_crisis_anotada,26.5,0.21549758851096845,238
FZ-CZ,2,sin_crisis_anotada,27.0,0.2008675715658776,238
FZ-CZ,2,sin_crisis_anotada,27.5,0.22416707901449762,238
FZ-CZ,2,sin_crisis_anotada,28.0,0.21294530332738812,238
FZ-CZ,2,sin_crisis_anotada,28.5,0.19931441646480733,238
FZ-CZ,2,sin_crisis_anotada,29.0,0.14953975764293298,238
FZ-CZ,2,sin_crisis_anotada,29.5,0.15022168804092578,238
FZ-CZ,2,sin_crisis_anotada,30.0,0.1314142181374927,238
FZ-CZ,2,sin_crisis_anotada,30.5,0.13291782115289635,238
FZ-CZ,2,sin_crisis_anotada,31.0,0.12845879779277658,238
FZ-CZ,2,sin_crisis_anotada,31.5,0.7137703634156201,238
FZ-CZ,2,sin_crisis_anotada,32.0,2.498248299095774,238
FZ-CZ,2,sin_crisis_anotada,32.5,0.7418965360679004,238
FZ-CZ,2,sin_crisis_anotada,33.0,0.07793186302625926,238
FZ-CZ,2,sin_crisis_anotada,33.5,0.08848862935351534,238
FZ-CZ,2,sin_crisis_anotada,34.0,0.07083964743586352,238
FZ-CZ,2,sin_crisis_anotada,34.5,0.07333498635168599,238
FZ-CZ,2,sin_crisis_anotada,35.0,0.0692368083430176,238
FZ-CZ,2,sin_crisis_anotada,35.5,0.06130420384186158,238
FZ-CZ,2,sin_crisis_anotada,36.0,0.06089573293054008,238
FZ-CZ,2,sin_crisis_anotada,36.5,0.05620471630915961,238
FZ-CZ,2,sin_crisis_anotada,37.0,0.04802603255470364,238
FZ-CZ,2,sin_crisis_anotada,37.5,0.04405841546134241,238
FZ-CZ,2,sin_crisis_anotada,38.0,0.039731138515145425,238
FZ-CZ,2,sin_crisis_anotada,38.5,0.030802299170771555,238
FZ-CZ,2,sin_crisis_anotada,39.0,0.023169718650957606,238
FZ-CZ,2,sin_crisis_anotada,39.5,0.02201277632164133,238
FZ-CZ,2,sin_crisis_anotada,40.0,0.02201889073998389,238
FZ-CZ,2,transicion,0.5,554.2984833417786,2
FZ-CZ,2,transicion,1.0,1260.2350447715012,2
FZ-CZ,2,transicion,1.5,1184.014711095343,2
FZ-CZ,2,transicion,2.0,1915.0705180682753,2
FZ-CZ,2,transicion,2.5,1127.8855585744086,2
FZ-CZ,2,transicion,3.0,233.21611926249074,2
FZ-CZ,2,transicion,3.5,233.5987596394752,2
FZ-CZ,2,transicion,4.0,135.62771249047867,2
FZ-CZ,2,transicion,4.5,442.59268011035135,2
FZ-CZ,2,transicion,5.0,405.1287240431112,2
FZ-CZ,2,transicion,5.5,231.78674990515097,2
FZ-CZ,2,transicion,6.0,105.9697623620359,2
FZ-CZ,2,transicion,6.5,52.409453493187414,2
FZ-CZ,2,transicion,7.0,135.86598664582039,2
FZ-CZ,2,transicion,7.5,325.3990501563264,2
FZ-CZ,2,transicion,8.0,97.06906905232623,2
FZ-CZ,2,transicion,8.5,34.57461825113667,2
FZ-CZ,2,transicion,9.0,99.40361054682624,2
FZ-CZ,2,transicion,9.5,69.15728067237092,2
FZ-CZ,2,transicion,10.0,19.769776519739366,2
FZ-CZ,2,transicion,10.5,25.434789041377254,2
FZ-CZ,2,transicion,11.0,9.378769234094483,2
FZ-CZ,2,transicion,11.5,14.612338633535895,2
FZ-CZ,2,transicion,12.0,3.356391098066581,2
FZ-CZ,2,transicion,12.5,7.93389146928042,2
FZ-CZ,2,transicion,13.0,14.584761826339365,2
FZ-CZ,2,transicion,13.5,18.93486079000089,2
FZ-CZ,2,transicion,14.0,13.74241285216093,2
FZ-CZ,2,transicion,14.5,1.2821406011900165,2
FZ-CZ,2,transicion,15.0,3.6014298119958643,2
FZ-CZ,2,transicion,15.5,14.50042661175218,2
FZ-CZ,2,transicion,16.0,8.904509258464916,2
FZ-CZ,2,transicion,16.5,2.6499392201740215,2
FZ-CZ,2,transicion,17.0,1.7483962731449147,2
FZ-CZ,2,transicion,17.5,0.41626572872255996,2
FZ-CZ,2,transicion,18.0,1.9553494473276607,2
FZ-CZ,2,transicion,18.5,1.756583869123999,2
FZ-CZ,2,transicion,19.0,0.19034816564104212,2
FZ-CZ,2,transicion,19.5,0.3903015931389893,2
FZ-CZ,2,transicion,20.0,0.44605554535660485,2
FZ-CZ,2,transicion,20.5,1.3645336555832632,2
FZ-CZ,2,transicion,21.0,0.37733952584756936,2
FZ-CZ,2,transicion,21.5,0.14085836985114727,2
FZ-CZ,2,transicion,22.0,0.3249434376088962,2
FZ-CZ,2,transicion,22.5,0.8492947245770962,2
FZ-CZ,2,transicion,23.0,2.346589405238232,2
FZ-CZ,2,transicion,23.5,1.9632861132901973,2
FZ-CZ,2,transicion,24.0,1.1425667780541213,2
FZ-CZ,2,transicion,24.5,1.3146646779569684,2
FZ-CZ,2,transicion,25.0,1.8318062186726294,2
FZ-CZ,2,transicion,25.5,0.5311405737172906,2
FZ-CZ,2,transicion,26.0,0.20307807693149013,2
FZ-CZ,2,transicion,26.5,0.10232854233887091,2
FZ-CZ,2,transicion,27.0,0.1903299285995771,2
FZ-CZ,2,transicion,27.5,0.34837432736295215,2
FZ-CZ,2,transicion,28.0,0.5725750545259136,2
FZ-CZ,2,transicion,28.5,0.4052419930646967,2
FZ-CZ,2,transicion,29.0,0.2193667405713772,2
FZ-CZ,2,transicion,29.5,0.8774366154991801,2
FZ-CZ,2,transicion,30.0,0.8482571753873457,2
FZ-CZ,2,transicion,30.5,0.5195504866887861,2
FZ-CZ,2,transicion,31.0,0.49898010685318206,2
FZ-CZ,2,transicion,31.5,0.3396588931646821,2
FZ-CZ,2,transicion,32.0,3.187010029281406,2
FZ-CZ,2,transicion,32.5,1.553807175380003,2
FZ-CZ,2,transicion,33.0,0.057427717604258646,2
FZ-CZ,2,transicion,33.5,0.08384642037313766,2
FZ-CZ,2,transicion,34.0,0.04014345303177742,2
FZ-CZ,2,transicion,34.5,0.030287392644134114,2
FZ-CZ,2,transicion,35.0,0.015672193770372073,2
FZ-CZ,2,transicion,35.5,0.03398679519790096,2
FZ-CZ,2,transicion,36.0,0.11993667086381513,2
FZ-CZ,2,transicion,36.5,0.06822346592973295,2
FZ-CZ,2,transicion,37.0,0.053709275641491555,2
FZ-CZ,2,transicion,37.5,0.1513169408865669,2
FZ-CZ,2,transicion,38.0,0.19335506816690295,2
FZ-CZ,2,transicion,38.5,0.18518531930055449,2
FZ-CZ,2,transicion,39.0,0.06910153975872141,2
FZ-CZ,2,transicion,39.5,0.030860740365280324,2
FZ-CZ,2,transicion,40.0,0.09651782979723644,2
FZ-CZ,4,ictal,0.5,566.2455726177983,19
FZ-CZ,4,ictal,1.0,1536.2544406094796,19
FZ-CZ,4,ictal,1.5,2108.7261821085626,19
FZ-CZ,4,ictal,2.0,2195.519236394648,19
FZ-CZ,4,ictal,2.5,2304.5369763637646,19
FZ-CZ,4,ictal,3.0,1862.6965564959546,19
FZ-CZ,4,ictal,3.5,1255.804783970656,19
FZ-CZ,4,ictal,4.0,530.1208749452663,19
FZ-CZ,4,ictal,4.5,425.31675313527165,19
FZ-CZ,4,ictal,5.0,454.99907384417105,19
FZ-CZ,4,ictal,5.5,634.9677945776581,19
FZ-CZ,4,ictal,6.0,728.9875124872539,19
FZ-CZ,4,ictal,6.5,332.02454612829644,19
FZ-CZ,4,ictal,7.0,152.8595737447509,19
FZ-CZ,4,ictal,7.5,66.49141354806518,19
FZ-CZ,4,ictal,8.0,33.35904038216807,19
FZ-CZ,4,ictal,8.5,37.63326275467258,19
FZ-CZ,4,ictal,9.0,22.547648489483553,19
FZ-CZ,4,ictal,9.5,14.619908152769256,19
FZ-CZ,4,ictal,10.0,10.351916075026137,19
FZ-CZ,4,ictal,10.5,12.236964672141573,19
FZ-CZ,4,ictal,11.0,7.497894134394305,19
FZ-CZ,4,ictal,11.5,9.18380735007443,19
FZ-CZ,4,ictal,12.0,9.229115107930172,19
FZ-CZ,4,ictal,12.5,10.551767617853402,19
FZ-CZ,4,ictal,13.0,9.431384665439442,19
FZ-CZ,4,ictal,13.5,4.458308603595984,19
FZ-CZ,4,ictal,14.0,2.7070978952182254,19
FZ-CZ,4,ictal,14.5,1.5713756903650158,19
FZ-CZ,4,ictal,15.0,1.6880811438365064,19
FZ-CZ,4,ictal,15.5,2.8612026161184563,19
FZ-CZ,4,ictal,16.0,3.712801483502177,19
FZ-CZ,4,ictal,16.5,3.425136631342242,19
FZ-CZ,4,ictal,17.0,1.4841103140202787,19
FZ-CZ,4,ictal,17.5,2.011792469156972,19
FZ-CZ,4,ictal,18.0,1.8636211910408598,19
FZ-CZ,4,ictal,18.5,1.5910121652994162,19
FZ-CZ,4,ictal,19.0,1.3798216223065511,19
FZ-CZ,4,ictal,19.5,1.2668197453999683,19
FZ-CZ,4,ictal,20.0,1.211310195143722,19
FZ-CZ,4,ictal,20.5,1.1226528134922238,19
FZ-CZ,4,ictal,21.0,1.4884239256713936,19
FZ-CZ,4,ictal,21.5,1.219820379378205,19
FZ-CZ,4,ictal,22.0,1.2161187485009544,19
FZ-CZ,4,ictal,22.5,1.3973307186864805,19
FZ-CZ,4,ictal,23.0,1.2718122441532267,19
FZ-CZ,4,ictal,23.5,1.1771656288502887,19
FZ-CZ,4,ictal,24.0,1.120361240341458,19
FZ-CZ,4,ictal,24.5,0.9043531217981137,19
FZ-CZ,4,ictal,25.0,0.8499525897460455,19
FZ-CZ,4,ictal,25.5,0.9135939825946694,19
FZ-CZ,4,ictal,26.0,0.7508403593626265,19
FZ-CZ,4,ictal,26.5,0.5480729713182521,19
FZ-CZ,4,ictal,27.0,0.7270455605020069,19
FZ-CZ,4,ictal,27.5,0.7040241181965207,19
FZ-CZ,4,ictal,28.0,0.6872340109131554,19
FZ-CZ,4,ictal,28.5,0.6398197889115593,19
FZ-CZ,4,ictal,29.0,0.5039689618889692,19
FZ-CZ,4,ictal,29.5,0.538754980886206,19
FZ-CZ,4,ictal,30.0,0.5897069183909576,19
FZ-CZ,4,ictal,30.5,0.5811221386300623,19
FZ-CZ,4,ictal,31.0,0.4436797104570241,19
FZ-CZ,4,ictal,31.5,1.1418672760246011,19
FZ-CZ,4,ictal,32.0,2.2586261204707743,19
FZ-CZ,4,ictal,32.5,1.0071549289697925,19
FZ-CZ,4,ictal,33.0,0.3316926960534861,19
FZ-CZ,4,ictal,33.5,0.3354168560100219,19
FZ-CZ,4,ictal,34.0,0.3326151158954997,19
FZ-CZ,4,ictal,34.5,0.258838272161919,19
FZ-CZ,4,ictal,35.0,0.40294943124771293,19
FZ-CZ,4,ictal,35.5,0.24859070705782874,19
FZ-CZ,4,ictal,36.0,0.2143555595301939,19
FZ-CZ,4,ictal,36.5,0.3200914917682089,19
FZ-CZ,4,ictal,37.0,0.25651510162410324,19
FZ-CZ,4,ictal,37.5,0.18705321097695124,19
FZ-CZ,4,ictal,38.0,0.12085405879975188,19
FZ-CZ,4,ictal,38.5,0.15338322919376188,19
FZ-CZ,4,ictal,39.0,0.20724098461901186,19
FZ-CZ,4,ictal,39.5,0.1272856246946408,19
FZ-CZ,4,ictal,40.0,0.07578611364849346,19
FZ-CZ,4,sin_crisis_anotada,0.5,130.8317440567298,118
FZ-CZ,4,sin_crisis_anotada,1.0,318.3603536329155,118
FZ-CZ,4,sin_crisis_anotada,1.5,317.74861475019236,118
FZ-CZ,4,sin_crisis_anotada,2.0,203.86052644745638,118
FZ-CZ,4,sin_crisis_anotada,2.5,120.76577681219973,118
FZ-CZ,4,sin_crisis_anotada,3.0,104.45699564334154,118
FZ-CZ,4,sin_crisis_anotada,3.5,75.42690077752985,118
FZ-CZ,4,sin_crisis_anotada,4.0,59.173970770723784,118
FZ-CZ,4,sin_crisis_anotada,4.5,51.553346511058585,118
FZ-CZ,4,sin_crisis_anotada,5.0,40.87729275816313,118
FZ-CZ,4,sin_crisis_anotada,5.5,38.383289177938835,118
FZ-CZ,4,sin_crisis_anotada,6.0,37.68951409290523,118
FZ-CZ,4,sin_crisis_anotada,6.5,31.135168794200233,118
FZ-CZ,4,sin_crisis_anotada,7.0,30.652932637715423,118
FZ-CZ,4,sin_crisis_anotada,7.5,19.430983477796154,118
FZ-CZ,4,sin_crisis_anotada,8.0,10.164958894630496,118
FZ-CZ,4,sin_crisis_anotada,8.5,7.940102036309884,118
FZ-CZ,4,sin_crisis_anotada,9.0,6.24169698690833,118
FZ-CZ,4,sin_crisis_anotada,9.5,6.5091975396186434,118
FZ-CZ,4,sin_crisis_anotada,10.0,6.321664605250229,118
FZ-CZ,4,sin_crisis_anotada,10.5,7.159105726531823,118
FZ-CZ,4,sin_crisis_anotada,11.0,5.636928373158163,118
FZ-CZ,4,sin_crisis_anotada,11.5,5.441670241527342,118
FZ-CZ,4,sin_crisis_anotada,12.0,5.849838094525472,118
FZ-CZ,4,sin_crisis_anotada,12.5,7.978276957338268,118
FZ-CZ,4,sin_crisis_anotada,13.0,11.199419174278773,118
FZ-CZ,4,sin_crisis_anotada,13.5,7.140942588219778,118
FZ-CZ,4,sin_crisis_anotada,14.0,4.757272507379319,118
FZ-CZ,4,sin_crisis_anotada,14.5,3.3857677888749005,118
FZ-CZ,4,sin_crisis_anotada,15.0,2.010992769127276,118
FZ-CZ,4,sin_crisis_anotada,15.5,2.874559583287308,118
FZ-CZ,4,sin_crisis_anotada,16.0,4.5460367180204315,118
FZ-CZ,4,sin_crisis_anotada,16.5,1.8705422621145753,118
FZ-CZ,4,sin_crisis_anotada,17.0,1.105551935307448,118
FZ-CZ,4,sin_crisis_anotada,17.5,0.9879074688693814,118
FZ-CZ,4,sin_crisis_anotada,18.0,1.016937667064664,118
FZ-CZ,4,sin_crisis_anotada,18.5,0.7568849843291969,118
FZ-CZ,4,sin_crisis_anotada,19.0,0.7300879644590317,118
FZ-CZ,4,sin_crisis_anotada,19.5,0.6613468388510118,118
FZ-CZ,4,sin_crisis_anotada,20.0,0.728843736448214,118
FZ-CZ,4,sin_crisis_anotada,20.5,0.6684740049565563,118
FZ-CZ,4,sin_crisis_anotada,21.0,0.5129047010142468,118
FZ-CZ,4,sin_crisis_anotada,21.5,0.4553956466860145,118
FZ-CZ,4,sin_crisis_anotada,22.0,0.475113758384469,118
FZ-CZ,4,sin_crisis_anotada,22.5,0.4617515576475151,118
FZ-CZ,4,sin_crisis_anotada,23.0,0.4422962023980167,118
FZ-CZ,4,sin_crisis_anotada,23.5,0.4606072326104146,118
FZ-CZ,4,sin_crisis_anotada,24.0,0.45529116007186266,118
FZ-CZ,4,sin_crisis_anotada,24.5,0.36714310422524765,118
FZ-CZ,4,sin_crisis_anotada,25.0,0.29023807035659616,118
FZ-CZ,4,sin_crisis_anotada,25.5,0.2687050488244064,118
FZ-CZ,4,sin_crisis_anotada,26.0,0.3275572082197742,118
FZ-CZ,4,sin_crisis_anotada,26.5,0.3119841464453894,118
FZ-CZ,4,sin_crisis_anotada,27.0,0.26080675965214206,118
FZ-CZ,4,sin_crisis_anotada,27.5,0.2786455771370162,118
FZ-CZ,4,sin_crisis_anotada,28.0,0.2595373469327885,118
FZ-CZ,4,sin_crisis_anotada,28.5,0.26821933238127127,118
FZ-CZ,4,sin_crisis_anotada,29.0,0.20266071265917224,118
FZ-CZ,4,sin_crisis_anotada,29.5,0.17756093882922314,118
FZ-CZ,4,sin_crisis_anotada,30.0,0.17836879001798697,118
FZ-CZ,4,sin_crisis_anotada,30.5,0.16643450601525628,118
FZ-CZ,4,sin_crisis_anotada,31.0,0.15930877136536686,118
FZ-CZ,4,sin_crisis_anotada,31.5,0.7816131740273435,118
FZ-CZ,4,sin_crisis_anotada,32.0,2.8234196949670376,118
FZ-CZ,4,sin_crisis_anotada,32.5,0.7518558451885144,118
FZ-CZ,4,sin_crisis_anotada,33.0,0.10434139151299007,118
FZ-CZ,4,sin_crisis_anotada,33.5,0.10891809842517253,118
FZ-CZ,4,sin_crisis_anotada,34.0,0.09227796109818578,118
FZ-CZ,4,sin_crisis_anotada,34.5,0.09443591208088928,118
FZ-CZ,4,sin_crisis_anotada,35.0,0.09662958390231316,118
FZ-CZ,4,sin_crisis_anotada,35.5,0.08855217474883958,118
FZ-CZ,4,sin_crisis_anotada,36.0,0.07087272169376986,118
FZ-CZ,4,sin_crisis_anotada,36.5,0.0659009678239058,118
FZ-CZ,4,sin_crisis_anotada,37.0,0.06554724424700756,118
FZ-CZ,4,sin_crisis_anotada,37.5,0.059121371370680346,118
FZ-CZ,4,sin_crisis_anotada,38.0,0.0515205318732097,118
FZ-CZ,4,sin_crisis_anotada,38.5,0.03923809109670667,118
FZ-CZ,4,sin_crisis_anotada,39.0,0.030556985346868654,118
FZ-CZ,4,sin_crisis_anotada,39.5,0.03293297221263207,118
FZ-CZ,4,sin_crisis_anotada,40.0,0.0293373636826586,118
FZ-CZ,4,transicion,0.5,478.14322025282854,2
FZ-CZ,4,transicion,1.0,833.7208980593039,2
FZ-CZ,4,transicion,1.5,741.0638230038277,2
FZ-CZ,4,transicion,2.0,813.7789738847182,2
FZ-CZ,4,transicion,2.5,938.2537034590368,2
FZ-CZ,4,transicion,3.0,1176.854046520299,2
FZ-CZ,4,transicion,3.5,594.7557962553991,2
FZ-CZ,4,transicion,4.0,175.41169629041687,2
FZ-CZ,4,transicion,4.5,245.62593748151747,2
FZ-CZ,4,transicion,5.0,303.8694265852697,2
FZ-CZ,4,transicion,5.5,387.4005466754798,2
FZ-CZ,4,transicion,6.0,302.3274765386762,2
FZ-CZ,4,transicion,6.5,208.46664787296547,2
FZ-CZ,4,transicion,7.0,87.86071878613775,2
FZ-CZ,4,transicion,7.5,162.7462889724878,2
FZ-CZ,4,transicion,8.0,69.7410311910837,2
FZ-CZ,4,transicion,8.5,67.62338878591883,2
FZ-CZ,4,transicion,9.0,56.07867764714552,2
FZ-CZ,4,transicion,9.5,40.59980449428838,2
FZ-CZ,4,transicion,10.0,45.11103439026526,2
FZ-CZ,4,transicion,10.5,131.94189774843255,2
FZ-CZ,4,transicion,11.0,62.31972194316303,2
FZ-CZ,4,transicion,11.5,11.001267892688691,2
FZ-CZ,4,transicion,12.0,15.73633030654484,2
FZ-CZ,4,transicion,12.5,11.237778523688373,2
FZ-CZ,4,transicion,13.0,13.325176738351516,2
FZ-CZ,4,transicion,13.5,12.263959020149064,2
FZ-CZ,4,transicion,14.0,8.789877548553207,2
FZ-CZ,4,transicion,14.5,1.9667673106696415,2
FZ-CZ,4,transicion,15.0,3.616109130110853,2
FZ-CZ,4,transicion,15.5,6.481959736969769,2
FZ-CZ,4,transicion,16.0,5.03221335844615,2
FZ-CZ,4,transicion,16.5,2.282006043879275,2
FZ-CZ,4,transicion,17.0,1.3634948524360393,2
FZ-CZ,4,transicion,17.5,2.306075600514085,2
FZ-CZ,4,transicion,18.0,2.332729729819705,2
FZ-CZ,4,transicion,18.5,1.4257802925961853,2
FZ-CZ,4,transicion,19.0,0.9787358038751718,2
FZ-CZ,4,transicion,19.5,0.6710110586109761,2
FZ-CZ,4,transicion,20.0,0.5169554568127989,2
FZ-CZ,4,transicion,20.5,1.8531744337083573,2
FZ-CZ,4,transicion,21.0,2.2117282642590257,2
FZ-CZ,4,transicion,21.5,2.100934836367047,2
FZ-CZ,4,transicion,22.0,1.2405390568348014,2
FZ-CZ,4,transicion,22.5,0.8328519923595217,2
FZ-CZ,4,transicion,23.0,1.0023807384992705,2
FZ-CZ,4,transicion,23.5,1.0065261863744217,2
FZ-CZ,4,transicion,24.0,1.0979709686286756,2
FZ-CZ,4,transicion,24.5,1.0777249442420862,2
FZ-CZ,4,transicion,25.0,0.8689566811652274,2
FZ-CZ,4,transicion,25.5,0.3476828666204007,2
FZ-CZ,4,transicion,26.0,0.1934841217908317,2
FZ-CZ,4,transicion,26.5,0.2931209569634551,2
FZ-CZ,4,transicion,27.0,0.28781420630919274,2
FZ-CZ,4,transicion,27.5,0.24977774605856867,2
FZ-CZ,4,transicion,28.0,0.24085432452439273,2
FZ-CZ,4,transicion,28.5,0.250720138021176,2
FZ-CZ,4,transicion,29.0,0.14934084318144114,2
FZ-CZ,4,transicion,29.5,0.390483829725724,2
FZ-CZ,4,transicion,30.0,0.38450991266079076,2
FZ-CZ,4,transicion,30.5,0.3180732907928443,2
FZ-CZ,4,transicion,31.0,0.3146298030500807,2
FZ-CZ,4,transicion,31.5,0.6730410346167507,2
FZ-CZ,4,transicion,32.0,2.79255798494985,2
FZ-CZ,4,transicion,32.5,0.9837682478177017,2
FZ-CZ,4,transicion,33.0,0.12583877631466958,2
FZ-CZ,4,transicion,33.5,0.14462543594702512,2
FZ-CZ,4,transicion,34.0,0.12043326426527665,2
FZ-CZ,4,transicion,34.5,0.08230417276734353,2
FZ-CZ,4,transicion,35.0,0.07416390237544261,2
FZ-CZ,4,transicion,35.5,0.12837069312682553,2
FZ-CZ,4,transicion,36.0,0.10759626156471111,2
FZ-CZ,4,transicion,36.5,0.062106153256413436,2
FZ-CZ,4,transicion,37.0,0.10974903437365968,2
FZ-CZ,4,transicion,37.5,0.13553679634923788,2
FZ-CZ,4,transicion,38.0,0.10857195230942832,2
FZ-CZ,4,transicion,38.5,0.08274592582772108,2
FZ-CZ,4,transicion,39.0,0.04587440891135229,2
FZ-CZ,4,transicion,39.5,0.04746465282198055,2
FZ-CZ,4,transicion,40.0,0.04944695823350411,2
FZ-CZ,8,ictal,0.5,452.7302712711688,9
FZ-CZ,8,ictal,1.0,2299.946110998643,9
FZ-CZ,8,ictal,1.5,2614.3192842867284,9
FZ-CZ,8,ictal,2.0,3222.725056883967,9
FZ-CZ,8,ictal,2.5,3075.9746844217334,9
FZ-CZ,8,ictal,3.0,2530.5229684859246,9
FZ-CZ,8,ictal,3.5,1294.0094367124818,9
FZ-CZ,8,ictal,4.0,636.3118635060479,9
FZ-CZ,8,ictal,4.5,492.44229825135056,9
FZ-CZ,8,ictal,5.0,459.21122010086117,9
FZ-CZ,8,ictal,5.5,653.9634364939676,9
FZ-CZ,8,ictal,6.0,653.369546672932,9
FZ-CZ,8,ictal,6.5,541.0849358156175,9
FZ-CZ,8,ictal,7.0,258.263436142569,9
FZ-CZ,8,ictal,7.5,102.2311343103319,9
FZ-CZ,8,ictal,8.0,42.427214989895006,9
FZ-CZ,8,ictal,8.5,32.694404838840576,9
FZ-CZ,8,ictal,9.0,28.13408004139166,9
FZ-CZ,8,ictal,9.5,15.752855553653463,9
FZ-CZ,8,ictal,10.0,9.516705553217983,9
FZ-CZ,8,ictal,10.5,11.577135140971448,9
FZ-CZ,8,ictal,11.0,11.7485878046961,9
FZ-CZ,8,ictal,11.5,8.154044757731697,9
FZ-CZ,8,ictal,12.0,8.054277224327263,9
FZ-CZ,8,ictal,12.5,11.112654062953222,9
FZ-CZ,8,ictal,13.0,9.225933924531985,9
FZ-CZ,8,ictal,13.5,5.056725217554132,9
FZ-CZ,8,ictal,14.0,3.222066359823554,9
FZ-CZ,8,ictal,14.5,1.622581390649908,9
FZ-CZ,8,ictal,15.0,1.853145077151136,9
FZ-CZ,8,ictal,15.5,2.7985571073748505,9
FZ-CZ,8,ictal,16.0,4.139200616831539,9
FZ-CZ,8,ictal,16.5,3.2447741632729135,9
FZ-CZ,8,ictal,17.0,2.0876614083580516,9
FZ-CZ,8,ictal,17.5,2.3550306565567083,9
FZ-CZ,8,ictal,18.0,2.005384869447026,9
FZ-CZ,8,ictal,18.5,1.8125038877239492,9
FZ-CZ,8,ictal,19.0,1.2493011982292044,9
FZ-CZ,8,ictal,19.5,1.996019288388618,9
FZ-CZ,8,ictal,20.0,1.8106656405290538,9
FZ-CZ,8,ictal,20.5,1.245357978117394,9
FZ-CZ,8,ictal,21.0,1.33955469072607,9
FZ-CZ,8,ictal,21.5,1.679853926121037,9
FZ-CZ,8,ictal,22.0,1.29290715949602,9
FZ-CZ,8,ictal,22.5,1.4162510001795279,9
FZ-CZ,8,ictal,23.0,1.1501502498578553,9
FZ-CZ,8,ictal,23.5,1.3987210105769552,9
FZ-CZ,8,ictal,24.0,1.676335224293451,9
FZ-CZ,8,ictal,24.5,1.0334061399214336,9
FZ-CZ,8,ictal,25.0,1.0498879160226244,9
FZ-CZ,8,ictal,25.5,0.9410788539661604,9
FZ-CZ,8,ictal,26.0,0.9375657100406639,9
FZ-CZ,8,ictal,26.5,0.7632233720619203,9
FZ-CZ,8,ictal,27.0,0.7146066496238265,9
FZ-CZ,8,ictal,27.5,0.9962480175451265,9
FZ-CZ,8,ictal,28.0,0.8047358062352682,9
FZ-CZ,8,ictal,28.5,0.834228083229818,9
FZ-CZ,8,ictal,29.0,0.5966680711180675,9
FZ-CZ,8,ictal,29.5,0.5895288243424555,9
FZ-CZ,8,ictal,30.0,0.6519204859000566,9
FZ-CZ,8,ictal,30.5,0.575156330225548,9
FZ-CZ,8,ictal,31.0,0.5388307347949082,9
FZ-CZ,8,ictal,31.5,1.4048748334628804,9
FZ-CZ,8,ictal,32.0,2.2887321453480984,9
FZ-CZ,8,ictal,32.5,0.9889878859955671,9
FZ-CZ,8,ictal,33.0,0.420350647831298,9
FZ-CZ,8,ictal,33.5,0.5667045046203667,9
FZ-CZ,8,ictal,34.0,0.3629167902473463,9
FZ-CZ,8,ictal,34.5,0.21738287136039644,9
FZ-CZ,8,ictal,35.0,0.33966684740002906,9
FZ-CZ,8,ictal,35.5,0.4115938967739728,9
FZ-CZ,8,ictal,36.0,0.3610918719789379,9
FZ-CZ,8,ictal,36.5,0.3226711413683672,9
FZ-CZ,8,ictal,37.0,0.2886784193392532,9
FZ-CZ,8,ictal,37.5,0.18329195168410445,9
FZ-CZ,8,ictal,38.0,0.17900879229491748,9
FZ-CZ,8,ictal,38.5,0.15316235983797913,9
FZ-CZ,8,ictal,39.0,0.29904565444282494,9
FZ-CZ,8,ictal,39.5,0.11971628385557698,9
FZ-CZ,8,ictal,40.0,0.09669052450853191,9
FZ-CZ,8,sin_crisis_anotada,0.5,168.73111555073987,58
FZ-CZ,8,sin_crisis_anotada,1.0,397.8339110635143,58
FZ-CZ,8,sin_crisis_anotada,1.5,368.44232658708773,58
FZ-CZ,8,sin_crisis_anotada,2.0,212.14303441267222,58
FZ-CZ,8,sin_crisis_anotada,2.5,129.58472209341016,58
FZ-CZ,8,sin_crisis_anotada,3.0,107.65367135971564,58
FZ-CZ,8,sin_crisis_anotada,3.5,84.8078925685611,58
FZ-CZ,8,sin_crisis_anotada,4.0,64.02559100989984,58
FZ-CZ,8,sin_crisis_anotada,4.5,54.43862170738036,58
FZ-CZ,8,sin_crisis_anotada,5.0,44.11904535981395,58
FZ-CZ,8,sin_crisis_anotada,5.5,37.6883453229276,58
FZ-CZ,8,sin_crisis_anotada,6.0,51.32067665778606,58
FZ-CZ,8,sin_crisis_anotada,6.5,41.15839328029065,58
FZ-CZ,8,sin_crisis_anotada,7.0,33.183288482675394,58
FZ-CZ,8,sin_crisis_anotada,7.5,19.99053718655567,58
FZ-CZ,8,sin_crisis_anotada,8.0,10.000456200182064,58
FZ-CZ,8,sin_crisis_anotada,8.5,8.287785752501737,58
FZ-CZ,8,sin_crisis_anotada,9.0,6.887215094223318,58
FZ-CZ,8,sin_crisis_anotada,9.5,7.2750561894058645,58
FZ-CZ,8,sin_crisis_anotada,10.0,7.842685842399037,58
FZ-CZ,8,sin_crisis_anotada,10.5,7.6781833896400205,58
FZ-CZ,8,sin_crisis_anotada,11.0,10.32241029942,58
FZ-CZ,8,sin_crisis_anotada,11.5,8.497497627131217,58
FZ-CZ,8,sin_crisis_anotada,12.0,9.40322254015027,58
FZ-CZ,8,sin_crisis_anotada,12.5,8.94850880790845,58
FZ-CZ,8,sin_crisis_anotada,13.0,12.761572617590343,58
FZ-CZ,8,sin_crisis_anotada,13.5,13.58075336491358,58
FZ-CZ,8,sin_crisis_anotada,14.0,7.010567655449465,58
FZ-CZ,8,sin_crisis_anotada,14.5,3.751822298604753,58
FZ-CZ,8,sin_crisis_anotada,15.0,2.2231743776715076,58
FZ-CZ,8,sin_crisis_anotada,15.5,2.8767801232405192,58
FZ-CZ,8,sin_crisis_anotada,16.0,4.5053305893314555,58
FZ-CZ,8,sin_crisis_anotada,16.5,2.16647907015897,58
FZ-CZ,8,sin_crisis_anotada,17.0,1.1232461435006837,58
FZ-CZ,8,sin_crisis_anotada,17.5,0.9990052009317025,58
FZ-CZ,8,sin_crisis_anotada,18.0,1.0021974278148886,58
FZ-CZ,8,sin_crisis_anotada,18.5,0.8381019052311554,58
FZ-CZ,8,sin_crisis_anotada,19.0,0.749291863368512,58
FZ-CZ,8,sin_crisis_anotada,19.5,0.6676858554543961,58
FZ-CZ,8,sin_crisis_anotada,20.0,0.8389406576488283,58
FZ-CZ,8,sin_crisis_anotada,20.5,0.802250548673726,58
FZ-CZ,8,sin_crisis_anotada,21.0,0.5590791660567918,58
FZ-CZ,8,sin_crisis_anotada,21.5,0.4921843733257214,58
FZ-CZ,8,sin_crisis_anotada,22.0,0.49791859597651245,58
FZ-CZ,8,sin_crisis_anotada,22.5,0.5768919669213526,58
FZ-CZ,8,sin_crisis_anotada,23.0,0.5455432345476701,58
FZ-CZ,8,sin_crisis_anotada,23.5,0.518693003787863,58
FZ-CZ,8,sin_crisis_anotada,24.0,0.513701709994578,58
FZ-CZ,8,sin_crisis_anotada,24.5,0.49281979528663733,58
FZ-CZ,8,sin_crisis_anotada,25.0,0.38757109141788226,58
FZ-CZ,8,sin_crisis_anotada,25.5,0.31353816504083487,58
FZ-CZ,8,sin_crisis_anotada,26.0,0.3637369206510265,58
FZ-CZ,8,sin_crisis_anotada,26.5,0.34331787470474806,58
FZ-CZ,8,sin_crisis_anotada,27.0,0.2852371145515299,58
FZ-CZ,8,sin_crisis_anotada,27.5,0.2889490333627294,58
FZ-CZ,8,sin_crisis_anotada,28.0,0.27529209591184306,58
FZ-CZ,8,sin_crisis_anotada,28.5,0.2849338077973256,58
FZ-CZ,8,sin_crisis_anotada,29.0,0.21139250063148124,58
FZ-CZ,8,sin_crisis_anotada,29.5,0.18855988685754568,58
FZ-CZ,8,sin_crisis_anotada,30.0,0.1993580733119244,58
FZ-CZ,8,sin_crisis_anotada,30.5,0.17758969353908574,58
FZ-CZ,8,sin_crisis_anotada,31.0,0.15967622691908243,58
FZ-CZ,8,sin_crisis_anotada,31.5,0.905996089403384,58
FZ-CZ,8,sin_crisis_anotada,32.0,2.686313408880203,58
FZ-CZ,8,sin_crisis_anotada,32.5,0.724852171294927,58
FZ-CZ,8,sin_crisis_anotada,33.0,0.11484743011180898,58
FZ-CZ,8,sin_crisis_anotada,33.5,0.1183854454317225,58
FZ-CZ,8,sin_crisis_anotada,34.0,0.10285928411951606,58
FZ-CZ,8,sin_crisis_anotada,34.5,0.09998539843056586,58
FZ-CZ,8,sin_crisis_anotada,35.0,0.10406959730782667,58
FZ-CZ,8,sin_crisis_anotada,35.5,0.09586233915550427,58
FZ-CZ,8,sin_crisis_anotada,36.0,0.08447806075622835,58
FZ-CZ,8,sin_crisis_anotada,36.5,0.07451044598918424,58
FZ-CZ,8,sin_crisis_anotada,37.0,0.0693344899756213,58
FZ-CZ,8,sin_crisis_anotada,37.5,0.0681705379962563,58
FZ-CZ,8,sin_crisis_anotada,38.0,0.05559885565417238,58
FZ-CZ,8,sin_crisis_anotada,38.5,0.04023891113813218,58
FZ-CZ,8,sin_crisis_anotada,39.0,0.032741166162937534,58
FZ-CZ,8,sin_crisis_anotada,39.5,0.034971444016422576,58
FZ-CZ,8,sin_crisis_anotada,40.0,0.03614130910592686,58
FZ-CZ,8,transicion,0.5,276.77144851215394,2
FZ-CZ,8,transicion,1.0,467.8972211716128,2
FZ-CZ,8,transicion,1.5,428.9608907698193,2
FZ-CZ,8,transicion,2.0,587.3979575538904,2
FZ-CZ,8,transicion,2.5,805.3484704283798,2
FZ-CZ,8,transicion,3.0,752.3766080818203,2
FZ-CZ,8,transicion,3.5,495.71770241759356,2
FZ-CZ,8,transicion,4.0,289.91152935844013,2
FZ-CZ,8,transicion,4.5,199.34238799607817,2
FZ-CZ,8,transicion,5.0,252.31041061056405,2
FZ-CZ,8,transicion,5.5,444.14525597612294,2
FZ-CZ,8,transicion,6.0,363.48818765866054,2
FZ-CZ,8,transicion,6.5,189.89786927250694,2
FZ-CZ,8,transicion,7.0,75.24901722689144,2
FZ-CZ,8,transicion,7.5,83.9600479925213,2
FZ-CZ,8,transicion,8.0,50.25567764305001,2
FZ-CZ,8,transicion,8.5,38.05072400294028,2
FZ-CZ,8,transicion,9.0,33.23443843209919,2
FZ-CZ,8,transicion,9.5,28.689038710882755,2
FZ-CZ,8,transicion,10.0,25.04479769687078,2
FZ-CZ,8,transicion,10.5,70.00708792170118,2
FZ-CZ,8,transicion,11.0,40.81830286075597,2
FZ-CZ,8,transicion,11.5,12.453706500210513,2
FZ-CZ,8,transicion,12.0,11.789531348867033,2
FZ-CZ,8,transicion,12.5,12.489859727278308,2
FZ-CZ,8,transicion,13.0,19.935881190925368,2
FZ-CZ,8,transicion,13.5,24.11273600075482,2
FZ-CZ,8,transicion,14.0,24.523631637749606,2
FZ-CZ,8,transicion,14.5,8.797257560900507,2
FZ-CZ,8,transicion,15.0,4.088541948049207,2
FZ-CZ,8,transicion,15.5,6.691868097853784,2
FZ-CZ,8,transicion,16.0,4.688715903005697,2
FZ-CZ,8,transicion,16.5,2.1548166220108476,2
FZ-CZ,8,transicion,17.0,1.8569561307299165,2
FZ-CZ,8,transicion,17.5,1.891175293776774,2
FZ-CZ,8,transicion,18.0,1.3691968584419394,2
FZ-CZ,8,transicion,18.5,0.9580043535266449,2
FZ-CZ,8,transicion,19.0,0.9001828052194957,2
FZ-CZ,8,transicion,19.5,0.8829657133141211,2
FZ-CZ,8,transicion,20.0,0.8526827639587631,2
FZ-CZ,8,transicion,20.5,1.2232699896223347,2
FZ-CZ,8,transicion,21.0,1.3474176945247078,2
FZ-CZ,8,transicion,21.5,1.449696150916404,2
FZ-CZ,8,transicion,22.0,1.158875671141074,2
FZ-CZ,8,transicion,22.5,0.8180778595729934,2
FZ-CZ,8,transicion,23.0,0.690174271752823,2
FZ-CZ,8,transicion,23.5,0.698338093113364,2
FZ-CZ,8,transicion,24.0,0.8770630392940781,2
FZ-CZ,8,transicion,24.5,0.887005602388802,2
FZ-CZ,8,transicion,25.0,0.573680943735123,2
FZ-CZ,8,transicion,25.5,0.4035472296397346,2
FZ-CZ,8,transicion,26.0,0.3424531248296876,2
FZ-CZ,8,transicion,26.5,0.3266995195079275,2
FZ-CZ,8,transicion,27.0,0.3521755191232193,2
FZ-CZ,8,transicion,27.5,0.30509497790713436,2
FZ-CZ,8,transicion,28.0,0.24048540828677534,2
FZ-CZ,8,transicion,28.5,0.29638090806108697,2
FZ-CZ,8,transicion,29.0,0.363838724859157,2
FZ-CZ,8,transicion,29.5,0.4102874737390574,2
FZ-CZ,8,transicion,30.0,0.2743803492562216,2
FZ-CZ,8,transicion,30.5,0.18355427265139135,2
FZ-CZ,8,transicion,31.0,0.21530216100778232,2
FZ-CZ,8,transicion,31.5,0.7257117372001904,2
FZ-CZ,8,transicion,32.0,3.125821704910109,2
FZ-CZ,8,transicion,32.5,1.2269873516138954,2
FZ-CZ,8,transicion,33.0,0.18891767425053713,2
FZ-CZ,8,transicion,33.5,0.1335038663779977,2
FZ-CZ,8,transicion,34.0,0.09941264153630244,2
FZ-CZ,8,transicion,34.5,0.11469959842756447,2
FZ-CZ,8,transicion,35.0,0.1365601430017862,2
FZ-CZ,8,transicion,35.5,0.1181145176023378,2
FZ-CZ,8,transicion,36.0,0.08594958250678159,2
FZ-CZ,8,transicion,36.5,0.07051231023246358,2
FZ-CZ,8,transicion,37.0,0.08990413544795861,2
FZ-CZ,8,transicion,37.5,0.0904625941209137,2
FZ-CZ,8,transicion,38.0,0.08039081329554128,2
FZ-CZ,8,transicion,38.5,0.09235757796422273,2
FZ-CZ,8,transicion,39.0,0.05922750491758595,2
FZ-CZ,8,transicion,39.5,0.041347319806900956,2
FZ-CZ,8,transicion,40.0,0.04816507593350225,2
P3-O1,2,ictal,0.5,290.2172583652922,39
P3-O1,2,ictal,1.0,988.5868634240098,39
P3-O1,2,ictal,1.5,978.0199048147881,39
P3-O1,2,ictal,2.0,1112.4566466875488,39
P3-O1,2,ictal,2.5,570.058973145128,39
P3-O1,2,ictal,3.0,914.874567429689,39
P3-O1,2,ictal,3.5,311.1402439869396,39
P3-O1,2,ictal,4.0,81.94284351727205,39
P3-O1,2,ictal,4.5,95.47014873400437,39
P3-O1,2,ictal,5.0,32.79922152221159,39
P3-O1,2,ictal,5.5,69.43612287153424,39
P3-O1,2,ictal,6.0,69.3680891349986,39
P3-O1,2,ictal,6.5,56.91930178469721,39
P3-O1,2,ictal,7.0,32.84465554572361,39
P3-O1,2,ictal,7.5,22.186202441640155,39
P3-O1,2,ictal,8.0,18.33415068573273,39
P3-O1,2,ictal,8.5,25.343343296267317,39
P3-O1,2,ictal,9.0,21.80824622663851,39
P3-O1,2,ictal,9.5,12.374574308326967,39
P3-O1,2,ictal,10.0,11.118356328618875,39
P3-O1,2,ictal,10.5,5.412884828596287,39
P3-O1,2,ictal,11.0,8.36763255343266,39
P3-O1,2,ictal,11.5,7.888460532982579,39
P3-O1,2,ictal,12.0,3.800805375318253,39
P3-O1,2,ictal,12.5,4.431818748018824,39
P3-O1,2,ictal,13.0,4.95952249637926,39
P3-O1,2,ictal,13.5,2.2202839048516783,39
P3-O1,2,ictal,14.0,2.064475380450448,39
P3-O1,2,ictal,14.5,2.6164941512899333,39
P3-O1,2,ictal,15.0,2.878551827550175,39
P3-O1,2,ictal,15.5,8.226446618539837,39
P3-O1,2,ictal,16.0,16.996902845279493,39
P3-O1,2,ictal,16.5,7.687260836549744,39
P3-O1,2,ictal,17.0,1.9253493758320523,39
P3-O1,2,ictal,17.5,1.730834764888892,39
P3-O1,2,ictal,18.0,1.888408350768622,39
P3-O1,2,ictal,18.5,2.1767286523313802,39
P3-O1,2,ictal,19.0,1.7748314990360554,39
P3-O1,2,ictal,19.5,1.340272268127156,39
P3-O1,2,ictal,20.0,1.6183718082353387,39
P3-O1,2,ictal,20.5,1.643825203221377,39
P3-O1,2,ictal,21.0,1.5379747000344965,39
P3-O1,2,ictal,21.5,1.3109379125189855,39
P3-O1,2,ictal,22.0,1.794773027281678,39
P3-O1,2,ictal,22.5,1.044775148968935,39
P3-O1,2,ictal,23.0,0.6581286092878513,39
P3-O1,2,ictal,23.5,0.7121598532231319,39
P3-O1,2,ictal,24.0,0.727765051445342,39
P3-O1,2,ictal,24.5,0.9907695823633071,39
P3-O1,2,ictal,25.0,0.7565719228830562,39
P3-O1,2,ictal,25.5,0.6107220021389249,39
P3-O1,2,ictal,26.0,0.7378070201265574,39
P3-O1,2,ictal,26.5,0.6505640121667029,39
P3-O1,2,ictal,27.0,0.5449107552093392,39
P3-O1,2,ictal,27.5,0.3609702522452186,39
P3-O1,2,ictal,28.0,0.6020022159790416,39
P3-O1,2,ictal,28.5,0.411213459732316,39
P3-O1,2,ictal,29.0,0.5888031762731671,39
P3-O1,2,ictal,29.5,0.374166174921213,39
P3-O1,2,ictal,30.0,0.3420797839551819,39
P3-O1,2,ictal,30.5,0.3650914311790941,39
P3-O1,2,ictal,31.0,0.2210309906978481,39
P3-O1,2,ictal,31.5,3.347046662551605,39
P3-O1,2,ictal,32.0,11.316589404641856,39
P3-O1,2,ictal,32.5,3.607679016291963,39
P3-O1,2,ictal,33.0,0.3219463955614933,39
P3-O1,2,ictal,33.5,0.24996252563620666,39
P3-O1,2,ictal,34.0,0.18539021332997957,39
P3-O1,2,ictal,34.5,0.2739498580317794,39
P3-O1,2,ictal,35.0,0.18313236468430927,39
P3-O1,2,ictal,35.5,0.20207693455160874,39
P3-O1,2,ictal,36.0,0.2447138706212965,39
P3-O1,2,ictal,36.5,0.17900647220414515,39
P3-O1,2,ictal,37.0,0.06225583338902828,39
P3-O1,2,ictal,37.5,0.14790583079608105,39
P3-O1,2,ictal,38.0,0.14881839717476258,39
P3-O1,2,ictal,38.5,0.08629870767194969,39
P3-O1,2,ictal,39.0,0.08069605734406489,39
P3-O1,2,ictal,39.5,0.07378666310903373,39
P3-O1,2,ictal,40.0,0.10851248441060063,39
P3-O1,2,sin_crisis_anotada,0.5,67.48961108445633,238
P3-O1,2,sin_crisis_anotada,1.0,142.73654599074325,238
P3-O1,2,sin_crisis_anotada,1.5,169.26159783257032,238
P3-O1,2,sin_crisis_anotada,2.0,121.2408991920215,238
P3-O1,2,sin_crisis_anotada,2.5,67.73189756963717,238
P3-O1,2,sin_crisis_anotada,3.0,51.99488994844423,238
P3-O1,2,sin_crisis_anotada,3.5,48.999855559766296,238
P3-O1,2,sin_crisis_anotada,4.0,32.88783237381003,238
P3-O1,2,sin_crisis_anotada,4.5,30.855930172503605,238
P3-O1,2,sin_crisis_anotada,5.0,21.168683467846336,238
P3-O1,2,sin_crisis_anotada,5.5,16.211938868908558,238
P3-O1,2,sin_crisis_anotada,6.0,16.422748835707424,238
P3-O1,2,sin_crisis_anotada,6.5,18.8953929519191,238
P3-O1,2,sin_crisis_anotada,7.0,16.852858417185367,238
P3-O1,2,sin_crisis_anotada,7.5,13.254600184074478,238
P3-O1,2,sin_crisis_anotada,8.0,11.498416960723645,238
P3-O1,2,sin_crisis_anotada,8.5,11.239036459098308,238
P3-O1,2,sin_crisis_anotada,9.0,9.382302758769317,238
P3-O1,2,sin_crisis_anotada,9.5,8.264651907713649,238
P3-O1,2,sin_crisis_anotada,10.0,6.747681422474638,238
P3-O1,2,sin_crisis_anotada,10.5,5.3526067152172505,238
P3-O1,2,sin_crisis_anotada,11.0,4.018391181096781,238
P3-O1,2,sin_crisis_anotada,11.5,3.9952753413410274,238
P3-O1,2,sin_crisis_anotada,12.0,3.6683247980045373,238
P3-O1,2,sin_crisis_anotada,12.5,3.7130094221612158,238
P3-O1,2,sin_crisis_anotada,13.0,3.2672132821995863,238
P3-O1,2,sin_crisis_anotada,13.5,2.649984271196553,238
P3-O1,2,sin_crisis_anotada,14.0,2.1583826867804072,238
P3-O1,2,sin_crisis_anotada,14.5,1.4909899408727636,238
P3-O1,2,sin_crisis_anotada,15.0,1.1817450453516325,238
P3-O1,2,sin_crisis_anotada,15.5,11.219296639566391,238
P3-O1,2,sin_crisis_anotada,16.0,50.74141183670646,238
P3-O1,2,sin_crisis_anotada,16.5,12.632998292503299,238
P3-O1,2,sin_crisis_anotada,17.0,0.6653111713831975,238
P3-O1,2,sin_crisis_anotada,17.5,0.5829067044011703,238
P3-O1,2,sin_crisis_anotada,18.0,0.5000250595348481,238
P3-O1,2,sin_crisis_anotada,18.5,0.4457853270188961,238
P3-O1,2,sin_crisis_anotada,19.0,0.5229307130882603,238
P3-O1,2,sin_crisis_anotada,19.5,0.40280266267507503,238
P3-O1,2,sin_crisis_anotada,20.0,0.5046270382906289,238
P3-O1,2,sin_crisis_anotada,20.5,0.34912470198213663,238
P3-O1,2,sin_crisis_anotada,21.0,0.35135164233697336,238
P3-O1,2,sin_crisis_anotada,21.5,0.32894269616521243,238
P3-O1,2,sin_crisis_anotada,22.0,0.329649599728359,238
P3-O1,2,sin_crisis_anotada,22.5,0.29744007481548557,238
P3-O1,2,sin_crisis_anotada,23.0,0.29760898940123004,238
P3-O1,2,sin_crisis_anotada,23.5,0.30233000273104504,238
P3-O1,2,sin_crisis_anotada,24.0,0.2666305680231761,238
P3-O1,2,sin_crisis_anotada,24.5,0.251762805076994,238
P3-O1,2,sin_crisis_anotada,25.0,0.2630467824098615,238
P3-O1,2,sin_crisis_anotada,25.5,0.26877436894372353,238
P3-O1,2,sin_crisis_anotada,26.0,0.24445966064622876,238
P3-O1,2,sin_crisis_anotada,26.5,0.20792219090156872,238
P3-O1,2,sin_crisis_anotada,27.0,0.18818747050297802,238
P3-O1,2,sin_crisis_anotada,27.5,0.198583877075151,238
P3-O1,2,sin_crisis_anotada,28.0,0.22098450454063973,238
P3-O1,2,sin_crisis_anotada,28.5,0.15830412144130782,238
P3-O1,2,sin_crisis_anotada,29.0,0.16242356920960874,238
P3-O1,2,sin_crisis_anotada,29.5,0.11005998260632624,238
P3-O1,2,sin_crisis_anotada,30.0,0.11587301019939922,238
P3-O1,2,sin_crisis_anotada,30.5,0.10191517025835671,238
P3-O1,2,sin_crisis_anotada,31.0,0.1147140130511951,238
P3-O1,2,sin_crisis_anotada,31.5,9.319674706614846,238
P3-O1,2,sin_crisis_anotada,32.0,36.6891748439717,238
P3-O1,2,sin_crisis_anotada,32.5,7.812552741645294,238
P3-O1,2,sin_crisis_anotada,33.0,0.10486486328849531,238
P3-O1,2,sin_crisis_anotada,33.5,0.08137980456723573,238
P3-O1,2,sin_crisis_anotada,34.0,0.07463267228587588,238
P3-O1,2,sin_crisis_anotada,34.5,0.06770661626520225,238
P3-O1,2,sin_crisis_anotada,35.0,0.05253969336457072,238
P3-O1,2,sin_crisis_anotada,35.5,0.058727807883560704,238
P3-O1,2,sin_crisis_anotada,36.0,0.08998777759815348,238
P3-O1,2,sin_crisis_anotada,36.5,0.04870734772769118,238
P3-O1,2,sin_crisis_anotada,37.0,0.03567322245700201,238
P3-O1,2,sin_crisis_anotada,37.5,0.03537360766047765,238
P3-O1,2,sin_crisis_anotada,38.0,0.037127373322268106,238
P3-O1,2,sin_crisis_anotada,38.5,0.02743000382785321,238
P3-O1,2,sin_crisis_anotada,39.0,0.025149803395960214,238
P3-O1,2,sin_crisis_anotada,39.5,0.022391505247928527,238
P3-O1,2,sin_crisis_anotada,40.0,0.02366039618823291,238
P3-O1,2,transicion,0.5,952.8876247172581,2
P3-O1,2,transicion,1.0,1095.330089758981,2
P3-O1,2,transicion,1.5,491.56464923836324,2
P3-O1,2,transicion,2.0,369.76475066820933,2
P3-O1,2,transicion,2.5,212.1734686608453,2
P3-O1,2,transicion,3.0,139.58863140332747,2
P3-O1,2,transicion,3.5,121.54978948500869,2
P3-O1,2,transicion,4.0,15.546124863401031,2
P3-O1,2,transicion,4.5,33.56962904913543,2
P3-O1,2,transicion,5.0,68.14648570341043,2
P3-O1,2,transicion,5.5,72.46661461716218,2
P3-O1,2,transicion,6.0,50.47970450617068,2
P3-O1,2,transicion,6.5,26.101174241357977,2
P3-O1,2,transicion,7.0,15.707967179085678,2
P3-O1,2,transicion,7.5,22.710040300452086,2
P3-O1,2,transicion,8.0,29.770299892095675,2
P3-O1,2,transicion,8.5,10.981741098615773,2
P3-O1,2,transicion,9.0,14.407596464167174,2
P3-O1,2,transicion,9.5,20.72658158295493,2
P3-O1,2,transicion,10.0,4.287218100601131,2
P3-O1,2,transicion,10.5,7.124996801501918,2
P3-O1,2,transicion,11.0,18.15415692923779,2
P3-O1,2,transicion,11.5,8.784268977390028,2
P3-O1,2,transicion,12.0,8.221454115719785,2
P3-O1,2,transicion,12.5,15.52069057226938,2
P3-O1,2,transicion,13.0,19.74670753771137,2
P3-O1,2,transicion,13.5,12.171409900048396,2
P3-O1,2,transicion,14.0,2.1094694010097026,2
P3-O1,2,transicion,14.5,4.97882064814696,2
P3-O1,2,transicion,15.0,4.943010397281061,2
P3-O1,2,transicion,15.5,10.924644671069865,2
P3-O1,2,transicion,16.0,73.83399689989668,2
P3-O1,2,transicion,16.5,29.186339370884305,2
P3-O1,2,transicion,17.0,1.027024705906312,2
P3-O1,2,transicion,17.5,0.42550114571265424,2
P3-O1,2,transicion,18.0,0.7367429357424863,2
P3-O1,2,transicion,18.5,1.3155539515568058,2
P3-O1,2,transicion,19.0,2.315627588987177,2
P3-O1,2,transicion,19.5,2.958187757003105,2
P3-O1,2,transicion,20.0,2.2371413697585667,2
P3-O1,2,transicion,20.5,0.26082120538567516,2
P3-O1,2,transicion,21.0,0.17367331180513537,2
P3-O1,2,transicion,21.5,0.923364170158994,2
P3-O1,2,transicion,22.0,0.3708677717861708,2
P3-O1,2,transicion,22.5,0.8992593811917018,2
P3-O1,2,transicion,23.0,0.6420235912975665,2
P3-O1,2,transicion,23.5,0.40567827899240827,2
P3-O1,2,transicion,24.0,0.8212308502002339,2
P3-O1,2,transicion,24.5,0.6603816471272084,2
P3-O1,2,transicion,25.0,0.21714297966994328,2
P3-O1,2,transicion,25.5,0.10752556613823826,2
P3-O1,2,transicion,26.0,0.6180784580962508,2
P3-O1,2,transicion,26.5,0.48273177629245684,2
P3-O1,2,transicion,27.0,0.3632370739424325,2
P3-O1,2,transicion,27.5,0.499315398838448,2
P3-O1,2,transicion,28.0,0.21358230259445285,2
P3-O1,2,transicion,28.5,0.15201732247356387,2
P3-O1,2,transicion,29.0,0.09519263745790554,2
P3-O1,2,transicion,29.5,0.20129829444002023,2
P3-O1,2,transicion,30.0,0.13526641245795257,2
P3-O1,2,transicion,30.5,0.0025313066818548166,2
P3-O1,2,transicion,31.0,0.1662676174630488,2
P3-O1,2,transicion,31.5,11.505664873764262,2
P3-O1,2,transicion,32.0,46.4986901040579,2
P3-O1,2,transicion,32.5,11.649164861259962,2
P3-O1,2,transicion,33.0,0.7657599532696765,2
P3-O1,2,transicion,33.5,0.8457337336326145,2
P3-O1,2,transicion,34.0,0.4331302009729264,2
P3-O1,2,transicion,34.5,0.4068438785995738,2
P3-O1,2,transicion,35.0,0.28252477374748575,2
P3-O1,2,transicion,35.5,0.2069228857052985,2
P3-O1,2,transicion,36.0,0.21031940700330823,2
P3-O1,2,transicion,36.5,0.03961171803276839,2
P3-O1,2,transicion,37.0,0.05752404427876902,2
P3-O1,2,transicion,37.5,0.08513516922238593,2
P3-O1,2,transicion,38.0,0.10979323945272951,2
P3-O1,2,transicion,38.5,0.1517493398729174,2
P3-O1,2,transicion,39.0,0.10843337458444696,2
P3-O1,2,transicion,39.5,0.06127018257722336,2
P3-O1,2,transicion,40.0,0.05174112698205675,2
P3-O1,4,ictal,0.5,615.4950366459789,19
P3-O1,4,ictal,1.0,1239.7139051576833,19
P3-O1,4,ictal,1.5,1361.7311456416544,19
P3-O1,4,ictal,2.0,1123.2924993919303,19
P3-O1,4,ictal,2.5,937.7621036286786,19
P3-O1,4,ictal,3.0,874.7586481459199,19
P3-O1,4,ictal,3.5,397.33878538324825,19
P3-O1,4,ictal,4.0,180.5164504584153,19
P3-O1,4,ictal,4.5,100.8109888179156,19
P3-O1,4,ictal,5.0,71.09044814451396,19
P3-O1,4,ictal,5.5,92.67857573757021,19
P3-O1,4,ictal,6.0,95.37469291290523,19
P3-O1,4,ictal,6.5,91.88055957228518,19
P3-O1,4,ictal,7.0,40.17179647974134,19
P3-O1,4,ictal,7.5,43.3294361152583,19
P3-O1,4,ictal,8.0,22.414407301412876,19
P3-O1,4,ictal,8.5,25.614115796903686,19
P3-O1,4,ictal,9.0,26.15290232466528,19
P3-O1,4,ictal,9.5,14.826495347528704,19
P3-O1,4,ictal,10.0,14.156309310548103,19
P3-O1,4,ictal,10.5,7.91986591789668,19
P3-O1,4,ictal,11.0,9.432702726859217,19
P3-O1,4,ictal,11.5,7.882446920256785,19
P3-O1,4,ictal,12.0,5.425704956011789,19
P3-O1,4,ictal,12.5,4.379874399356658,19
P3-O1,4,ictal,13.0,6.31767030197035,19
P3-O1,4,ictal,13.5,2.893583659672007,19
P3-O1,4,ictal,14.0,2.777826242728431,19
P3-O1,4,ictal,14.5,3.849816202435527,19
P3-O1,4,ictal,15.0,3.005523572095324,19
P3-O1,4,ictal,15.5,7.362763850660641,19
P3-O1,4,ictal,16.0,14.56030973566344,19
P3-O1,4,ictal,16.5,9.659390083505084,19
P3-O1,4,ictal,17.0,1.9592129503542057,19
P3-O1,4,ictal,17.5,1.9889786841615777,19
P3-O1,4,ictal,18.0,2.4852619426133242,19
P3-O1,4,ictal,18.5,1.881385638902067,19
P3-O1,4,ictal,19.0,3.0351256344362603,19
P3-O1,4,ictal,19.5,2.224611155103081,19
P3-O1,4,ictal,20.0,2.1795829404715943,19
P3-O1,4,ictal,20.5,1.8132333843624178,19
P3-O1,4,ictal,21.0,1.7142829264242014,19
P3-O1,4,ictal,21.5,1.7168318372703582,19
P3-O1,4,ictal,22.0,1.785293396505885,19
P3-O1,4,ictal,22.5,1.1937274110529092,19
P3-O1,4,ictal,23.0,0.7473514648531648,19
P3-O1,4,ictal,23.5,0.8187210678504192,19
P3-O1,4,ictal,24.0,0.8375171164392944,19
P3-O1,4,ictal,24.5,1.0368716499699364,19
P3-O1,4,ictal,25.0,0.8268411935899685,19
P3-O1,4,ictal,25.5,0.7700089912404543,19
P3-O1,4,ictal,26.0,0.7710480770100295,19
P3-O1,4,ictal,26.5,0.7681084126160336,19
P3-O1,4,ictal,27.0,0.9829286589978082,19
P3-O1,4,ictal,27.5,0.7463300257265146,19
P3-O1,4,ictal,28.0,0.809301623635546,19
P3-O1,4,ictal,28.5,0.6685842603735713,19
P3-O1,4,ictal,29.0,0.7468587204296832,19
P3-O1,4,ictal,29.5,0.5163193544234645,19
P3-O1,4,ictal,30.0,0.34796248379973216,19
P3-O1,4,ictal,30.5,0.4660810137801068,19
P3-O1,4,ictal,31.0,0.384365260880766,19
P3-O1,4,ictal,31.5,3.0926471235819992,19
P3-O1,4,ictal,32.0,9.834134634916275,19
P3-O1,4,ictal,32.5,3.020252857540253,19
P3-O1,4,ictal,33.0,0.3365106185983356,19
P3-O1,4,ictal,33.5,0.27932221860339573,19
P3-O1,4,ictal,34.0,0.23785109434722454,19
P3-O1,4,ictal,34.5,0.31328323805529096,19
P3-O1,4,ictal,35.0,0.274104333919305,19
P3-O1,4,ictal,35.5,0.23551851612084174,19
P3-O1,4,ictal,36.0,0.3162117066516337,19
P3-O1,4,ictal,36.5,0.28169994472948656,19
P3-O1,4,ictal,37.0,0.13781223174389723,19
P3-O1,4,ictal,37.5,0.18254114545053343,19
P3-O1,4,ictal,38.0,0.2506957606937014,19
P3-O1,4,ictal,38.5,0.1710198036489798,19
P3-O1,4,ictal,39.0,0.1981223191639161,19
P3-O1,4,ictal,39.5,0.11314060436269609,19
P3-O1,4,ictal,40.0,0.13616968980791186,19
P3-O1,4,sin_crisis_anotada,0.5,82.70293681893733,118
P3-O1,4,sin_crisis_anotada,1.0,226.61720472550695,118
P3-O1,4,sin_crisis_anotada,1.5,263.08368384781033,118
P3-O1,4,sin_crisis_anotada,2.0,160.31163840368274,118
P3-O1,4,sin_crisis_anotada,2.5,91.45103719723386,118
P3-O1,4,sin_crisis_anotada,3.0,66.45472293427775,118
P3-O1,4,sin_crisis_anotada,3.5,61.21709461008124,118
P3-O1,4,sin_crisis_anotada,4.0,48.59826509585909,118
P3-O1,4,sin_crisis_anotada,4.5,41.372827731899605,118
P3-O1,4,sin_crisis_anotada,5.0,29.936318736560402,118
P3-O1,4,sin_crisis_anotada,5.5,23.282470976004742,118
P3-O1,4,sin_crisis_anotada,6.0,23.00728899204585,118
P3-O1,4,sin_crisis_anotada,6.5,24.620690831398164,118
P3-O1,4,sin_crisis_anotada,7.0,21.94733128271597,118
P3-O1,4,sin_crisis_anotada,7.5,18.762989724871613,118
P3-O1,4,sin_crisis_anotada,8.0,15.612020994175431,118
P3-O1,4,sin_crisis_anotada,8.5,15.26510354755247,118
P3-O1,4,sin_crisis_anotada,9.0,11.52925002486825,118
P3-O1,4,sin_crisis_anotada,9.5,10.02766637287382,118
P3-O1,4,sin_crisis_anotada,10.0,9.322690440179588,118
P3-O1,4,sin_crisis_anotada,10.5,6.84556769433177,118
P3-O1,4,sin_crisis_anotada,11.0,6.999396000806394,118
P3-O1,4,sin_crisis_anotada,11.5,5.968167411331886,118
P3-O1,4,sin_crisis_anotada,12.0,4.070486633704542,118
P3-O1,4,sin_crisis_anotada,12.5,5.485298622088431,118
P3-O1,4,sin_crisis_anotada,13.0,5.87061434492155,118
P3-O1,4,sin_crisis_anotada,13.5,4.817665056847092,118
P3-O1,4,sin_crisis_anotada,14.0,3.204607069281626,118
P3-O1,4,sin_crisis_anotada,14.5,2.496316271715286,118
P3-O1,4,sin_crisis_anotada,15.0,1.6442039693666626,118
P3-O1,4,sin_crisis_anotada,15.5,11.240773927250519,118
P3-O1,4,sin_crisis_anotada,16.0,44.59754190588486,118
P3-O1,4,sin_crisis_anotada,16.5,15.441614034656242,118
P3-O1,4,sin_crisis_anotada,17.0,0.9004407578921947,118
P3-O1,4,sin_crisis_anotada,17.5,0.7274042482343859,118
P3-O1,4,sin_crisis_anotada,18.0,0.6709280379698143,118
P3-O1,4,sin_crisis_anotada,18.5,0.5027299902008887,118
P3-O1,4,sin_crisis_anotada,19.0,0.6098162897259155,118
P3-O1,4,sin_crisis_anotada,19.5,0.5307705297191133,118
P3-O1,4,sin_crisis_anotada,20.0,0.6134850180207777,118
P3-O1,4,sin_crisis_anotada,20.5,0.5566694247586151,118
P3-O1,4,sin_crisis_anotada,21.0,0.4990599650268202,118
P3-O1,4,sin_crisis_anotada,21.5,0.4337404800042338,118
P3-O1,4,sin_crisis_anotada,22.0,0.39906433313899153,118
P3-O1,4,sin_crisis_anotada,22.5,0.3475001488062021,118
P3-O1,4,sin_crisis_anotada,23.0,0.3671891589580805,118
P3-O1,4,sin_crisis_anotada,23.5,0.3854906908014387,118
P3-O1,4,sin_crisis_anotada,24.0,0.3596513928095364,118
P3-O1,4,sin_crisis_anotada,24.5,0.28035085567402945,118
P3-O1,4,sin_crisis_anotada,25.0,0.29450251366199703,118
P3-O1,4,sin_crisis_anotada,25.5,0.3251836638938943,118
P3-O1,4,sin_crisis_anotada,26.0,0.3033229527858107,118
P3-O1,4,sin_crisis_anotada,26.5,0.2755777798073986,118
P3-O1,4,sin_crisis_anotada,27.0,0.25862775245078734,118
P3-O1,4,sin_crisis_anotada,27.5,0.2461204749634191,118
P3-O1,4,sin_crisis_anotada,28.0,0.26645793304081,118
P3-O1,4,sin_crisis_anotada,28.5,0.20681382344343074,118
P3-O1,4,sin_crisis_anotada,29.0,0.17846518365602387,118
P3-O1,4,sin_crisis_anotada,29.5,0.15326960845738466,118
P3-O1,4,sin_crisis_anotada,30.0,0.15226890444160185,118
P3-O1,4,sin_crisis_anotada,30.5,0.1260644194691401,118
P3-O1,4,sin_crisis_anotada,31.0,0.17210055063986615,118
P3-O1,4,sin_crisis_anotada,31.5,10.058419876203915,118
P3-O1,4,sin_crisis_anotada,32.0,39.84615758494204,118
P3-O1,4,sin_crisis_anotada,32.5,9.269119645369036,118
P3-O1,4,sin_crisis_anotada,33.0,0.13032328676681382,118
P3-O1,4,sin_crisis_anotada,33.5,0.10286356173704739,118
P3-O1,4,sin_crisis_anotada,34.0,0.08813481034819443,118
P3-O1,4,sin_crisis_anotada,34.5,0.07938449096667957,118
P3-O1,4,sin_crisis_anotada,35.0,0.06622464932367339,118
P3-O1,4,sin_crisis_anotada,35.5,0.07130052503905493,118
P3-O1,4,sin_crisis_anotada,36.0,0.1030094536564253,118
P3-O1,4,sin_crisis_anotada,36.5,0.06234766021521245,118
P3-O1,4,sin_crisis_anotada,37.0,0.044792026203156296,118
P3-O1,4,sin_crisis_anotada,37.5,0.04910939008132004,118
P3-O1,4,sin_crisis_anotada,38.0,0.043723541462257876,118
P3-O1,4,sin_crisis_anotada,38.5,0.031705979067270594,118
P3-O1,4,sin_crisis_anotada,39.0,0.032411094742276325,118
P3-O1,4,sin_crisis_anotada,39.5,0.033689376734791554,118
P3-O1,4,sin_crisis_anotada,40.0,0.03207685450924644,118
P3-O1,4,transicion,0.5,809.7634095854664,2
P3-O1,4,transicion,1.0,1027.8290374855771,2
P3-O1,4,transicion,1.5,947.8031206687664,2
P3-O1,4,transicion,2.0,843.2980368524525,2
P3-O1,4,transicion,2.5,241.91671975224773,2
P3-O1,4,transicion,3.0,216.68583026576437,2
P3-O1,4,transicion,3.5,118.61916452444926,2
P3-O1,4,transicion,4.0,79.93216204152061,2
P3-O1,4,transicion,4.5,53.82106710354862,2
P3-O1,4,transicion,5.0,38.965053420138375,2
P3-O1,4,transicion,5.5,43.414429576835,2
P3-O1,4,transicion,6.0,34.095410755845066,2
P3-O1,4,transicion,6.5,27.394660364620812,2
P3-O1,4,transicion,7.0,16.212102447799907,2
P3-O1,4,transicion,7.5,22.290103059981696,2
P3-O1,4,transicion,8.0,19.846312325262904,2
P3-O1,4,transicion,8.5,9.065899833831674,2
P3-O1,4,transicion,9.0,10.243564470412906,2
P3-O1,4,transicion,9.5,18.64691209436886,2
P3-O1,4,transicion,10.0,26.093388314438968,2
P3-O1,4,transicion,10.5,36.431233403121574,2
P3-O1,4,transicion,11.0,29.35725608844264,2
P3-O1,4,transicion,11.5,9.405877535285573,2
P3-O1,4,transicion,12.0,5.110549701382171,2
P3-O1,4,transicion,12.5,7.612411362316259,2
P3-O1,4,transicion,13.0,8.148082031667435,2
P3-O1,4,transicion,13.5,8.02493089175948,2
P3-O1,4,transicion,14.0,5.249267912515284,2
P3-O1,4,transicion,14.5,5.330113898108729,2
P3-O1,4,transicion,15.0,2.9760779175174146,2
P3-O1,4,transicion,15.5,19.525397591816546,2
P3-O1,4,transicion,16.0,67.79523358103108,2
P3-O1,4,transicion,16.5,16.548013507234042,2
P3-O1,4,transicion,17.0,1.5463404945796,2
P3-O1,4,transicion,17.5,0.5937521337672487,2
P3-O1,4,transicion,18.0,1.2485060422662688,2
P3-O1,4,transicion,18.5,2.0725237825952574,2
P3-O1,4,transicion,19.0,2.3235406372084877,2
P3-O1,4,transicion,19.5,1.3968608771917006,2
P3-O1,4,transicion,20.0,1.1504434898241804,2
P3-O1,4,transicion,20.5,0.9632728297875656,2
P3-O1,4,transicion,21.0,0.5403679986035396,2
P3-O1,4,transicion,21.5,0.6796198940012639,2
P3-O1,4,transicion,22.0,0.8108969080863042,2
P3-O1,4,transicion,22.5,1.2142835381155326,2
P3-O1,4,transicion,23.0,1.2226307096202782,2
P3-O1,4,transicion,23.5,0.5364608519001204,2
P3-O1,4,transicion,24.0,0.5755650271203061,2
P3-O1,4,transicion,24.5,0.43166392338635556,2
P3-O1,4,transicion,25.0,0.3722833554921995,2
P3-O1,4,transicion,25.5,0.5917926427655824,2
P3-O1,4,transicion,26.0,0.510987390091135,2
P3-O1,4,transicion,26.5,0.41004393626860297,2
P3-O1,4,transicion,27.0,0.4529417281671693,2
P3-O1,4,transicion,27.5,0.2506298791978876,2
P3-O1,4,transicion,28.0,0.11000556009984605,2
P3-O1,4,transicion,28.5,0.15748198185594164,2
P3-O1,4,transicion,29.0,0.26915385970200095,2
P3-O1,4,transicion,29.5,0.2918335856955441,2
P3-O1,4,transicion,30.0,0.10857711614043092,2
P3-O1,4,transicion,30.5,0.08834226374876385,2
P3-O1,4,transicion,31.0,0.1433656456443319,2
P3-O1,4,transicion,31.5,11.735204945232125,2
P3-O1,4,transicion,32.0,46.87202261069302,2
P3-O1,4,transicion,32.5,11.24554459542273,2
P3-O1,4,transicion,33.0,0.4925082157548077,2
P3-O1,4,transicion,33.5,0.529360994654418,2
P3-O1,4,transicion,34.0,0.4677750866961203,2
P3-O1,4,transicion,34.5,0.32779584299667697,2
P3-O1,4,transicion,35.0,0.14586999512194135,2
P3-O1,4,transicion,35.5,0.13071337423720536,2
P3-O1,4,transicion,36.0,0.17532211662481825,2
P3-O1,4,transicion,36.5,0.12367809528385637,2
P3-O1,4,transicion,37.0,0.07512336375788013,2
P3-O1,4,transicion,37.5,0.06746757191843053,2
P3-O1,4,transicion,38.0,0.07275133211257459,2
P3-O1,4,transicion,38.5,0.12519771958064893,2
P3-O1,4,transicion,39.0,0.21695952570270632,2
P3-O1,4,transicion,39.5,0.1729536418128098,2
P3-O1,4,transicion,40.0,0.07602783290666644,2
P3-O1,8,ictal,0.5,725.5911896857197,9
P3-O1,8,ictal,1.0,1475.0900770126684,9
P3-O1,8,ictal,1.5,1466.5062822357916,9
P3-O1,8,ictal,2.0,1431.65550686805,9
P3-O1,8,ictal,2.5,787.6386525584703,9
P3-O1,8,ictal,3.0,1082.1412094634522,9
P3-O1,8,ictal,3.5,628.5677245154451,9
P3-O1,8,ictal,4.0,225.74129249407017,9
P3-O1,8,ictal,4.5,117.74690397246728,9
P3-O1,8,ictal,5.0,89.6081774556864,9
P3-O1,8,ictal,5.5,116.78523349027328,9
P3-O1,8,ictal,6.0,134.8820746169104,9
P3-O1,8,ictal,6.5,108.21049521242473,9
P3-O1,8,ictal,7.0,48.04146608171402,9
P3-O1,8,ictal,7.5,39.84140693579669,9
P3-O1,8,ictal,8.0,26.081988687581738,9
P3-O1,8,ictal,8.5,29.7301250843833,9
P3-O1,8,ictal,9.0,27.76589399448386,9
P3-O1,8,ictal,9.5,15.78487018210102,9
P3-O1,8,ictal,10.0,15.69655809486263,9
P3-O1,8,ictal,10.5,11.481327060838465,9
P3-O1,8,ictal,11.0,9.484974627084904,9
P3-O1,8,ictal,11.5,8.951590109468366,9
P3-O1,8,ictal,12.0,4.952269437717456,9
P3-O1,8,ictal,12.5,5.043807844861695,9
P3-O1,8,ictal,13.0,6.655630881962028,9
P3-O1,8,ictal,13.5,2.833904987856304,9
P3-O1,8,ictal,14.0,3.860516482137315,9
P3-O1,8,ictal,14.5,3.729693379651802,9
P3-O1,8,ictal,15.0,3.702312089941684,9
P3-O1,8,ictal,15.5,7.225466502885505,9
P3-O1,8,ictal,16.0,13.951697641895482,9
P3-O1,8,ictal,16.5,7.011397154429948,9
P3-O1,8,ictal,17.0,3.2177909203200192,9
P3-O1,8,ictal,17.5,2.704673354334538,9
P3-O1,8,ictal,18.0,3.5841267897052944,9
P3-O1,8,ictal,18.5,2.22453133828979,9
P3-O1,8,ictal,19.0,3.2975748835362038,9
P3-O1,8,ictal,19.5,2.0464227408873823,9
P3-O1,8,ictal,20.0,2.064790856903288,9
P3-O1,8,ictal,20.5,1.9465495408859472,9
P3-O1,8,ictal,21.0,1.8570852460713545,9
P3-O1,8,ictal,21.5,1.8985508578736723,9
P3-O1,8,ictal,22.0,1.8491520769331733,9
P3-O1,8,ictal,22.5,1.146596936378877,9
P3-O1,8,ictal,23.0,1.0300557271380635,9
P3-O1,8,ictal,23.5,0.8521124658002454,9
P3-O1,8,ictal,24.0,1.0474541655547105,9
P3-O1,8,ictal,24.5,1.0799145459253774,9
P3-O1,8,ictal,25.0,1.1477391433249429,9
P3-O1,8,ictal,25.5,1.1647374341572956,9
P3-O1,8,ictal,26.0,1.0418815887677177,9
P3-O1,8,ictal,26.5,0.9827232079801965,9
P3-O1,8,ictal,27.0,1.0732435124326776,9
P3-O1,8,ictal,27.5,0.7244089547570819,9
P3-O1,8,ictal,28.0,0.9083635052406833,9
P3-O1,8,ictal,28.5,0.6163140108008184,9
P3-O1,8,ictal,29.0,0.6153576839941987,9
P3-O1,8,ictal,29.5,0.4796566491308006,9
P3-O1,8,ictal,30.0,0.554168267635668,9
P3-O1,8,ictal,30.5,0.424955024078595,9
P3-O1,8,ictal,31.0,0.4222457901833186,9
P3-O1,8,ictal,31.5,2.7639647136082885,9
P3-O1,8,ictal,32.0,10.117298345248528,9
P3-O1,8,ictal,32.5,2.95238683381892,9
P3-O1,8,ictal,33.0,0.40615603153839047,9
P3-O1,8,ictal,33.5,0.46011453302743016,9
P3-O1,8,ictal,34.0,0.2913787071595576,9
P3-O1,8,ictal,34.5,0.329018483919489,9
P3-O1,8,ictal,35.0,0.3048295884239552,9
P3-O1,8,ictal,35.5,0.31234152837296125,9
P3-O1,8,ictal,36.0,0.3728405026586702,9
P3-O1,8,ictal,36.5,0.3554596534901596,9
P3-O1,8,ictal,37.0,0.19360852914528487,9
P3-O1,8,ictal,37.5,0.2837930679856874,9
P3-O1,8,ictal,38.0,0.37023865622813934,9
P3-O1,8,ictal,38.5,0.2052410183241729,9
P3-O1,8,ictal,39.0,0.20080592186440893,9
P3-O1,8,ictal,39.5,0.12524660956248893,9
P3-O1,8,ictal,40.0,0.13131662597720337,9
P3-O1,8,sin_crisis_anotada,0.5,91.03492129347282,58
P3-O1,8,sin_crisis_anotada,1.0,226.32817411858412,58
P3-O1,8,sin_crisis_anotada,1.5,248.7561556327239,58
P3-O1,8,sin_crisis_anotada,2.0,182.54419445407814,58
P3-O1,8,sin_crisis_anotada,2.5,81.23005951879313,58
P3-O1,8,sin_crisis_anotada,3.0,64.01817233291817,58
P3-O1,8,sin_crisis_anotada,3.5,59.142029944157905,58
P3-O1,8,sin_crisis_anotada,4.0,46.709997998572746,58
P3-O1,8,sin_crisis_anotada,4.5,40.927322508938246,58
P3-O1,8,sin_crisis_anotada,5.0,34.52801969539742,58
P3-O1,8,sin_crisis_anotada,5.5,24.158898697015466,58
P3-O1,8,sin_crisis_anotada,6.0,25.247999308068543,58
P3-O1,8,sin_crisis_anotada,6.5,26.794107925816718,58
P3-O1,8,sin_crisis_anotada,7.0,24.042867239642113,58
P3-O1,8,sin_crisis_anotada,7.5,20.08821235467682,58
P3-O1,8,sin_crisis_anotada,8.0,16.382978482581578,58
P3-O1,8,sin_crisis_anotada,8.5,16.176157320709287,58
P3-O1,8,sin_crisis_anotada,9.0,13.176217277811661,58
P3-O1,8,sin_crisis_anotada,9.5,10.449448791055529,58
P3-O1,8,sin_crisis_anotada,10.0,8.827051264434335,58
P3-O1,8,sin_crisis_anotada,10.5,7.82788447778441,58
P3-O1,8,sin_crisis_anotada,11.0,7.2933635428352375,58
P3-O1,8,sin_crisis_anotada,11.5,7.38004189448373,58
P3-O1,8,sin_crisis_anotada,12.0,5.982822928815196,58
P3-O1,8,sin_crisis_anotada,12.5,6.802983028251143,58
P3-O1,8,sin_crisis_anotada,13.0,7.604899252591081,58
P3-O1,8,sin_crisis_anotada,13.5,5.13977130517074,58
P3-O1,8,sin_crisis_anotada,14.0,3.5713043451740925,58
P3-O1,8,sin_crisis_anotada,14.5,2.5967998112201105,58
P3-O1,8,sin_crisis_anotada,15.0,1.9696901149260848,58
P3-O1,8,sin_crisis_anotada,15.5,14.286375461794453,58
P3-O1,8,sin_crisis_anotada,16.0,49.768641344110684,58
P3-O1,8,sin_crisis_anotada,16.5,14.256870148518933,58
P3-O1,8,sin_crisis_anotada,17.0,0.9742131715543128,58
P3-O1,8,sin_crisis_anotada,17.5,0.8112874020285918,58
P3-O1,8,sin_crisis_anotada,18.0,0.7092988685572191,58
P3-O1,8,sin_crisis_anotada,18.5,0.5981185238122713,58
P3-O1,8,sin_crisis_anotada,19.0,0.6483132170703116,58
P3-O1,8,sin_crisis_anotada,19.5,0.592118689738073,58
P3-O1,8,sin_crisis_anotada,20.0,0.6470937078739866,58
P3-O1,8,sin_crisis_anotada,20.5,0.6016181653524806,58
P3-O1,8,sin_crisis_anotada,21.0,0.48985648606826326,58
P3-O1,8,sin_crisis_anotada,21.5,0.47923360775169854,58
P3-O1,8,sin_crisis_anotada,22.0,0.40428880422371943,58
P3-O1,8,sin_crisis_anotada,22.5,0.38421248141792885,58
P3-O1,8,sin_crisis_anotada,23.0,0.3609818399156771,58
P3-O1,8,sin_crisis_anotada,23.5,0.43532806219317255,58
P3-O1,8,sin_crisis_anotada,24.0,0.3939144309335539,58
P3-O1,8,sin_crisis_anotada,24.5,0.2956862213197133,58
P3-O1,8,sin_crisis_anotada,25.0,0.3185281927327665,58
P3-O1,8,sin_crisis_anotada,25.5,0.33104638945271836,58
P3-O1,8,sin_crisis_anotada,26.0,0.31186819048710734,58
P3-O1,8,sin_crisis_anotada,26.5,0.28483982440412936,58
P3-O1,8,sin_crisis_anotada,27.0,0.2665473778712445,58
P3-O1,8,sin_crisis_anotada,27.5,0.25301695821812265,58
P3-O1,8,sin_crisis_anotada,28.0,0.28078281571210706,58
P3-O1,8,sin_crisis_anotada,28.5,0.20775682059504574,58
P3-O1,8,sin_crisis_anotada,29.0,0.192241543292627,58
P3-O1,8,sin_crisis_anotada,29.5,0.17435081600730146,58
P3-O1,8,sin_crisis_anotada,30.0,0.1496210822456043,58
P3-O1,8,sin_crisis_anotada,30.5,0.14070865628099158,58
P3-O1,8,sin_crisis_anotada,31.0,0.16038222449827,58
P3-O1,8,sin_crisis_anotada,31.5,10.787464353885653,58
P3-O1,8,sin_crisis_anotada,32.0,42.7430629687455,58
P3-O1,8,sin_crisis_anotada,32.5,10.320461988235708,58
P3-O1,8,sin_crisis_anotada,33.0,0.15542506005709028,58
P3-O1,8,sin_crisis_anotada,33.5,0.12316125181641302,58
P3-O1,8,sin_crisis_anotada,34.0,0.10066021584892457,58
P3-O1,8,sin_crisis_anotada,34.5,0.09751920033417254,58
P3-O1,8,sin_crisis_anotada,35.0,0.08415793120132707,58
P3-O1,8,sin_crisis_anotada,35.5,0.07720670011303857,58
P3-O1,8,sin_crisis_anotada,36.0,0.11023070500022814,58
P3-O1,8,sin_crisis_anotada,36.5,0.06289708757151324,58
P3-O1,8,sin_crisis_anotada,37.0,0.05122152869856242,58
P3-O1,8,sin_crisis_anotada,37.5,0.05313422334700495,58
P3-O1,8,sin_crisis_anotada,38.0,0.05215961427491657,58
P3-O1,8,sin_crisis_anotada,38.5,0.03872164684332087,58
P3-O1,8,sin_crisis_anotada,39.0,0.03315245715975191,58
P3-O1,8,sin_crisis_anotada,39.5,0.037522951063177656,58
P3-O1,8,sin_crisis_anotada,40.0,0.035154206048518905,58
P3-O1,8,transicion,0.5,1000.4768940612871,2
P3-O1,8,transicion,1.0,1357.875213616403,2
P3-O1,8,transicion,1.5,688.8884617029285,2
P3-O1,8,transicion,2.0,606.7710749154655,2
P3-O1,8,transicion,2.5,383.2199072810126,2
P3-O1,8,transicion,3.0,271.8145770059944,2
P3-O1,8,transicion,3.5,147.29683077088987,2
P3-O1,8,transicion,4.0,58.65927063910683,2
P3-O1,8,transicion,4.5,58.17500411557588,2
P3-O1,8,transicion,5.0,40.28521466562768,2
P3-O1,8,transicion,5.5,42.6232300915367,2
P3-O1,8,transicion,6.0,38.67330976509068,2
P3-O1,8,transicion,6.5,22.781702737792912,2
P3-O1,8,transicion,7.0,11.598869238042026,2
P3-O1,8,transicion,7.5,17.211173159974585,2
P3-O1,8,transicion,8.0,18.81033718979234,2
P3-O1,8,transicion,8.5,12.696756873037248,2
P3-O1,8,transicion,9.0,14.184258449864302,2
P3-O1,8,transicion,9.5,19.481327609218496,2
P3-O1,8,transicion,10.0,19.438926906369833,2
P3-O1,8,transicion,10.5,29.493170409051775,2
P3-O1,8,transicion,11.0,27.537968989473153,2
P3-O1,8,transicion,11.5,10.484928378967414,2
P3-O1,8,transicion,12.0,6.946081692909527,2
P3-O1,8,transicion,12.5,5.508841144232886,2
P3-O1,8,transicion,13.0,7.54327145135295,2
P3-O1,8,transicion,13.5,9.326175923623005,2
P3-O1,8,transicion,14.0,6.0552587675288825,2
P3-O1,8,transicion,14.5,4.177535539526002,2
P3-O1,8,transicion,15.0,2.729657172601015,2
P3-O1,8,transicion,15.5,17.772473428158907,2
P3-O1,8,transicion,16.0,64.01711692552811,2
P3-O1,8,transicion,16.5,16.80674434725259,2
P3-O1,8,transicion,17.0,1.2332378550240097,2
P3-O1,8,transicion,17.5,1.0183580219243147,2
P3-O1,8,transicion,18.0,0.928913180555387,2
P3-O1,8,transicion,18.5,1.383213885678841,2
P3-O1,8,transicion,19.0,1.6086604789899226,2
P3-O1,8,transicion,19.5,1.142967033996964,2
P3-O1,8,transicion,20.0,1.1412642154706223,2
P3-O1,8,transicion,20.5,1.0814818012692775,2
P3-O1,8,transicion,21.0,0.6573200727571749,2
P3-O1,8,transicion,21.5,0.9435128339445435,2
P3-O1,8,transicion,22.0,0.9957205674402569,2
P3-O1,8,transicion,22.5,0.8545834191517692,2
P3-O1,8,transicion,23.0,0.6653983569519011,2
P3-O1,8,transicion,23.5,0.6002665026693477,2
P3-O1,8,transicion,24.0,0.4942212936076009,2
P3-O1,8,transicion,24.5,0.37666816995370267,2
P3-O1,8,transicion,25.0,0.5596875485762315,2
P3-O1,8,transicion,25.5,0.4969028129315898,2
P3-O1,8,transicion,26.0,0.45415062062643385,2
P3-O1,8,transicion,26.5,0.40158701132883057,2
P3-O1,8,transicion,27.0,0.34808968741733476,2
P3-O1,8,transicion,27.5,0.2187455861484095,2
P3-O1,8,transicion,28.0,0.1549664083347444,2
P3-O1,8,transicion,28.5,0.24663153233110735,2
P3-O1,8,transicion,29.0,0.4483447476234299,2
P3-O1,8,transicion,29.5,0.3920280500523108,2
P3-O1,8,transicion,30.0,0.15034651722494063,2
P3-O1,8,transicion,30.5,0.13215840614339672,2
P3-O1,8,transicion,31.0,0.19300176796860835,2
P3-O1,8,transicion,31.5,11.995704827460761,2
P3-O1,8,transicion,32.0,47.121973570315724,2
P3-O1,8,transicion,32.5,11.740725422399434,2
P3-O1,8,transicion,33.0,0.3351294661489538,2
P3-O1,8,transicion,33.5,0.28508068663311253,2
P3-O1,8,transicion,34.0,0.2927220298131034,2
P3-O1,8,transicion,34.5,0.2202032189943308,2
P3-O1,8,transicion,35.0,0.10734934269245966,2
P3-O1,8,transicion,35.5,0.1097569940734007,2
P3-O1,8,transicion,36.0,0.13774329742771318,2
P3-O1,8,transicion,36.5,0.11024663250120582,2
P3-O1,8,transicion,37.0,0.05973671606330361,2
P3-O1,8,transicion,37.5,0.06796485526584486,2
P3-O1,8,transicion,38.0,0.057522556727527326,2
P3-O1,8,transicion,38.5,0.0697614241339526,2
P3-O1,8,transicion,39.0,0.1102442237802986,2
P3-O1,8,transicion,39.5,0.10152954017292329,2
P3-O1,8,transicion,40.0,0.09920591065660087,2
P4-O2,2,ictal,0.5,512.9436716180915,39
P4-O2,2,ictal,1.0,1247.7581241064358,39
P4-O2,2,ictal,1.5,2035.4842453201688,39
P4-O2,2,ictal,2.0,1351.9211453409218,39
P4-O2,2,ictal,2.5,794.7910052387047,39
P4-O2,2,ictal,3.0,698.9639696073922,39
P4-O2,2,ictal,3.5,248.50724676641653,39
P4-O2,2,ictal,4.0,190.5408444263609,39
P4-O2,2,ictal,4.5,112.83375237980172,39
P4-O2,2,ictal,5.0,122.7898027046243,39
P4-O2,2,ictal,5.5,110.11443624411848,39
P4-O2,2,ictal,6.0,125.98816325764743,39
P4-O2,2,ictal,6.5,60.774690823605006,39
P4-O2,2,ictal,7.0,45.30280434767124,39
P4-O2,2,ictal,7.5,35.15082877932643,39
P4-O2,2,ictal,8.0,40.48013574452189,39
P4-O2,2,ictal,8.5,39.91543004355749,39
P4-O2,2,ictal,9.0,24.770283362621306,39
P4-O2,2,ictal,9.5,18.208357142339366,39
P4-O2,2,ictal,10.0,14.164023576016906,39
P4-O2,2,ictal,10.5,12.533833419140027,39
P4-O2,2,ictal,11.0,10.627831029757743,39
P4-O2,2,ictal,11.5,8.991648222439759,39
P4-O2,2,ictal,12.0,6.703743221650912,39
P4-O2,2,ictal,12.5,4.626980827876332,39
P4-O2,2,ictal,13.0,7.266519423811111,39
P4-O2,2,ictal,13.5,4.522375688772005,39
P4-O2,2,ictal,14.0,5.742952793917842,39
P4-O2,2,ictal,14.5,4.099214034162345,39
P4-O2,2,ictal,15.0,4.210939075114351,39
P4-O2,2,ictal,15.5,3.6291755431354145,39
P4-O2,2,ictal,16.0,6.004019023746615,39
P4-O2,2,ictal,16.5,3.7562178715605246,39
P4-O2,2,ictal,17.0,1.6846009792512004,39
P4-O2,2,ictal,17.5,2.4510757970956685,39
P4-O2,2,ictal,18.0,2.7218124584089667,39
P4-O2,2,ictal,18.5,2.4294576750483623,39
P4-O2,2,ictal,19.0,1.9342058041695314,39
P4-O2,2,ictal,19.5,2.436834363481754,39
P4-O2,2,ictal,20.0,2.458149584309568,39
P4-O2,2,ictal,20.5,2.1380014665797797,39
P4-O2,2,ictal,21.0,2.1057811443458556,39
P4-O2,2,ictal,21.5,1.8559705773081348,39
P4-O2,2,ictal,22.0,1.7771239144281599,39
P4-O2,2,ictal,22.5,1.70598400933063,39
P4-O2,2,ictal,23.0,1.0353762752430222,39
P4-O2,2,ictal,23.5,1.087309558285308,39
P4-O2,2,ictal,24.0,0.614799351502298,39
P4-O2,2,ictal,24.5,0.9129247869245938,39
P4-O2,2,ictal,25.0,1.0526907097654639,39
P4-O2,2,ictal,25.5,0.7958341909442496,39
P4-O2,2,ictal,26.0,1.2355702345433803,39
P4-O2,2,ictal,26.5,1.0236224106094571,39
P4-O2,2,ictal,27.0,1.134868874596533,39
P4-O2,2,ictal,27.5,0.9819312915358154,39
P4-O2,2,ictal,28.0,1.4652075223083847,39
P4-O2,2,ictal,28.5,0.7985334932415368,39
P4-O2,2,ictal,29.0,0.6847607745266019,39
P4-O2,2,ictal,29.5,0.6400242295167379,39
P4-O2,2,ictal,30.0,0.634877543683299,39
P4-O2,2,ictal,30.5,0.5321171026590805,39
P4-O2,2,ictal,31.0,0.461510624597456,39
P4-O2,2,ictal,31.5,1.5488598418148865,39
P4-O2,2,ictal,32.0,5.038628839873789,39
P4-O2,2,ictal,32.5,1.738269513178649,39
P4-O2,2,ictal,33.0,0.3716574316353825,39
P4-O2,2,ictal,33.5,0.3373650526659196,39
P4-O2,2,ictal,34.0,0.4204052550067084,39
P4-O2,2,ictal,34.5,0.3157130796695795,39
P4-O2,2,ictal,35.0,0.2751625890215917,39
P4-O2,2,ictal,35.5,0.34732077899870606,39
P4-O2,2,ictal,36.0,0.4273758894249282,39
P4-O2,2,ictal,36.5,0.39520116034258096,39
P4-O2,2,ictal,37.0,0.16356245115052662,39
P4-O2,2,ictal,37.5,0.1678012307808494,39
P4-O2,2,ictal,38.0,0.14170799571283021,39
P4-O2,2,ictal,38.5,0.13889544498805934,39
P4-O2,2,ictal,39.0,0.1685613383495295,39
P4-O2,2,ictal,39.5,0.08869120043706843,39
P4-O2,2,ictal,40.0,0.20499510472646526,39
P4-O2,2,sin_crisis_anotada,0.5,108.89106130216102,238
P4-O2,2,sin_crisis_anotada,1.0,354.3067049517675,238
P4-O2,2,sin_crisis_anotada,1.5,476.5785520021404,238
P4-O2,2,sin_crisis_anotada,2.0,192.32349051581548,238
P4-O2,2,sin_crisis_anotada,2.5,121.62202610521989,238
P4-O2,2,sin_crisis_anotada,3.0,85.63751473449832,238
P4-O2,2,sin_crisis_anotada,3.5,76.82866426041771,238
P4-O2,2,sin_crisis_anotada,4.0,44.954992365047005,238
P4-O2,2,sin_crisis_anotada,4.5,39.12472820078254,238
P4-O2,2,sin_crisis_anotada,5.0,32.45958494167796,238
P4-O2,2,sin_crisis_anotada,5.5,21.895986505187437,238
P4-O2,2,sin_crisis_anotada,6.0,22.717915930582667,238
P4-O2,2,sin_crisis_anotada,6.5,21.769169915153384,238
P4-O2,2,sin_crisis_anotada,7.0,17.50310651858346,238
P4-O2,2,sin_crisis_anotada,7.5,17.713895763543803,238
P4-O2,2,sin_crisis_anotada,8.0,14.474783793168296,238
P4-O2,2,sin_crisis_anotada,8.5,16.418227868399796,238
P4-O2,2,sin_crisis_anotada,9.0,14.22287290028617,238
P4-O2,2,sin_crisis_anotada,9.5,13.470561894680802,238
P4-O2,2,sin_crisis_anotada,10.0,8.000949460603525,238
P4-O2,2,sin_crisis_anotada,10.5,6.690327766166758,238
P4-O2,2,sin_crisis_anotada,11.0,6.528913273284841,238
P4-O2,2,sin_crisis_anotada,11.5,4.775494338697978,238
P4-O2,2,sin_crisis_anotada,12.0,4.738137418219917,238
P4-O2,2,sin_crisis_anotada,12.5,4.826298634878093,238
P4-O2,2,sin_crisis_anotada,13.0,4.898512120872706,238
P4-O2,2,sin_crisis_anotada,13.5,4.433754112078741,238
P4-O2,2,sin_crisis_anotada,14.0,3.0164610437253674,238
P4-O2,2,sin_crisis_anotada,14.5,2.118329734164967,238
P4-O2,2,sin_crisis_anotada,15.0,1.7965056892679763,238
P4-O2,2,sin_crisis_anotada,15.5,4.449545118793366,238
P4-O2,2,sin_crisis_anotada,16.0,11.463942110309109,238
P4-O2,2,sin_crisis_anotada,16.5,3.5819278188524377,238
P4-O2,2,sin_crisis_anotada,17.0,0.7839773564738708,238
P4-O2,2,sin_crisis_anotada,17.5,0.7152998998283797,238
P4-O2,2,sin_crisis_anotada,18.0,0.6695701812857682,238
P4-O2,2,sin_crisis_anotada,18.5,0.5340551215907727,238
P4-O2,2,sin_crisis_anotada,19.0,0.5521238697565656,238
P4-O2,2,sin_crisis_anotada,19.5,0.6241553055866007,238
P4-O2,2,sin_crisis_anotada,20.0,0.6370873529531448,238
P4-O2,2,sin_crisis_anotada,20.5,0.4417253209324217,238
P4-O2,2,sin_crisis_anotada,21.0,0.4276259424913514,238
P4-O2,2,sin_crisis_anotada,21.5,0.3627057788485918,238
P4-O2,2,sin_crisis_anotada,22.0,0.3302806768199784,238
P4-O2,2,sin_crisis_anotada,22.5,0.28369589653660415,238
P4-O2,2,sin_crisis_anotada,23.0,0.3275197976420019,238
P4-O2,2,sin_crisis_anotada,23.5,0.43915847563432164,238
P4-O2,2,sin_crisis_anotada,24.0,0.34728498952084935,238
P4-O2,2,sin_crisis_anotada,24.5,0.32001748496724314,238
P4-O2,2,sin_crisis_anotada,25.0,0.3306405731715922,238
P4-O2,2,sin_crisis_anotada,25.5,0.28819436702551937,238
P4-O2,2,sin_crisis_anotada,26.0,0.24594306276155858,238
P4-O2,2,sin_crisis_anotada,26.5,0.24329929401420405,238
P4-O2,2,sin_crisis_anotada,27.0,0.20124492469716942,238
P4-O2,2,sin_crisis_anotada,27.5,0.31609375205015366,238
P4-O2,2,sin_crisis_anotada,28.0,0.6886603247910716,238
P4-O2,2,sin_crisis_anotada,28.5,0.3133779858998994,238
P4-O2,2,sin_crisis_anotada,29.0,0.1727831263346933,238
P4-O2,2,sin_crisis_anotada,29.5,0.16180416528770158,238
P4-O2,2,sin_crisis_anotada,30.0,0.1549284371870438,238
P4-O2,2,sin_crisis_anotada,30.5,0.13568939918182626,238
P4-O2,2,sin_crisis_anotada,31.0,0.13794304936862983,238
P4-O2,2,sin_crisis_anotada,31.5,4.664691595313975,238
P4-O2,2,sin_crisis_anotada,32.0,20.341085055441937,238
P4-O2,2,sin_crisis_anotada,32.5,4.179390035396854,238
P4-O2,2,sin_crisis_anotada,33.0,0.13173230665439384,238
P4-O2,2,sin_crisis_anotada,33.5,0.10644868619131595,238
P4-O2,2,sin_crisis_anotada,34.0,0.10130314942507643,238
P4-O2,2,sin_crisis_anotada,34.5,0.08546816094511507,238
P4-O2,2,sin_crisis_anotada,35.0,0.0815760286152345,238
P4-O2,2,sin_crisis_anotada,35.5,0.0949413397850482,238
P4-O2,2,sin_crisis_anotada,36.0,0.1785925876442346,238
P4-O2,2,sin_crisis_anotada,36.5,0.09996913156042675,238
P4-O2,2,sin_crisis_anotada,37.0,0.04741124653811739,238
P4-O2,2,sin_crisis_anotada,37.5,0.048620349825655065,238
P4-O2,2,sin_crisis_anotada,38.0,0.04215930185567447,238
P4-O2,2,sin_crisis_anotada,38.5,0.03485450762612244,238
P4-O2,2,sin_crisis_anotada,39.0,0.033131920370778355,238
P4-O2,2,sin_crisis_anotada,39.5,0.04461497433973764,238
P4-O2,2,sin_crisis_anotada,40.0,0.03877116265889488,238
P4-O2,2,transicion,0.5,922.3271011592309,2
P4-O2,2,transicion,1.0,1404.036817426117,2
P4-O2,2,transicion,1.5,1014.0166314829648,2
P4-O2,2,transicion,2.0,613.2123229223935,2
P4-O2,2,transicion,2.5,766.3915213983083,2
P4-O2,2,transicion,3.0,35.887997958763414,2
P4-O2,2,transicion,3.5,278.46157845837575,2
P4-O2,2,transicion,4.0,218.25740995737067,2
P4-O2,2,transicion,4.5,111.67179064383296,2
P4-O2,2,transicion,5.0,199.5063871738157,2
P4-O2,2,transicion,5.5,59.86149264888934,2
P4-O2,2,transicion,6.0,31.026354534696853,2
P4-O2,2,transicion,6.5,33.656962097363774,2
P4-O2,2,transicion,7.0,36.2296429496118,2
P4-O2,2,transicion,7.5,41.36162646307417,2
P4-O2,2,transicion,8.0,43.11838273847546,2
P4-O2,2,transicion,8.5,17.346196361815835,2
P4-O2,2,transicion,9.0,26.57126341401532,2
P4-O2,2,transicion,9.5,33.87954450708046,2
P4-O2,2,transicion,10.0,19.392232702848062,2
P4-O2,2,transicion,10.5,5.546068424267182,2
P4-O2,2,transicion,11.0,4.052910849916952,2
P4-O2,2,transicion,11.5,15.553602482997956,2
P4-O2,2,transicion,12.0,31.108001111086047,2
P4-O2,2,transicion,12.5,13.495688496008977,2
P4-O2,2,transicion,13.0,3.3543725544910936,2
P4-O2,2,transicion,13.5,5.952100727289274,2
P4-O2,2,transicion,14.0,5.94685813303918,2
P4-O2,2,transicion,14.5,12.85514515069123,2
P4-O2,2,transicion,15.0,14.789109212501222,2
P4-O2,2,transicion,15.5,5.98819839831743,2
P4-O2,2,transicion,16.0,24.627177207106016,2
P4-O2,2,transicion,16.5,13.266337687308623,2
P4-O2,2,transicion,17.0,0.7447976354556138,2
P4-O2,2,transicion,17.5,0.522271386954533,2
P4-O2,2,transicion,18.0,0.6621570227423541,2
P4-O2,2,transicion,18.5,1.8127717503269087,2
P4-O2,2,transicion,19.0,1.8282103327356771,2
P4-O2,2,transicion,19.5,1.2422918041785938,2
P4-O2,2,transicion,20.0,0.8251670879307379,2
P4-O2,2,transicion,20.5,0.3444792602531735,2
P4-O2,2,transicion,21.0,0.26610003666185517,2
P4-O2,2,transicion,21.5,0.35923203328991726,2
P4-O2,2,transicion,22.0,1.0680838528646301,2
P4-O2,2,transicion,22.5,1.9875773885377213,2
P4-O2,2,transicion,23.0,1.298043196011632,2
P4-O2,2,transicion,23.5,1.0039993663524367,2
P4-O2,2,transicion,24.0,0.7575291871791237,2
P4-O2,2,transicion,24.5,0.22551759486578601,2
P4-O2,2,transicion,25.0,0.9753679726794681,2
P4-O2,2,transicion,25.5,0.9756120837630705,2
P4-O2,2,transicion,26.0,0.6239097873137077,2
P4-O2,2,transicion,26.5,0.6268950152779661,2
P4-O2,2,transicion,27.0,1.1494356727659254,2
P4-O2,2,transicion,27.5,0.663058498210887,2
P4-O2,2,transicion,28.0,0.7906532117224494,2
P4-O2,2,transicion,28.5,0.8039608480948411,2
P4-O2,2,transicion,29.0,1.127696914539948,2
P4-O2,2,transicion,29.5,0.19720877091581723,2
P4-O2,2,transicion,30.0,0.3062116316907037,2
P4-O2,2,transicion,30.5,0.16829625707037918,2
P4-O2,2,transicion,31.0,0.35176094177119,2
P4-O2,2,transicion,31.5,4.547642290060907,2
P4-O2,2,transicion,32.0,23.095663772060036,2
P4-O2,2,transicion,32.5,6.823193379104276,2
P4-O2,2,transicion,33.0,0.38177840915568917,2
P4-O2,2,transicion,33.5,0.4573684083348194,2
P4-O2,2,transicion,34.0,0.2575271947468857,2
P4-O2,2,transicion,34.5,0.251043441743915,2
P4-O2,2,transicion,35.0,0.3154707279150855,2
P4-O2,2,transicion,35.5,0.7737330798150877,2
P4-O2,2,transicion,36.0,0.9017547689145387,2
P4-O2,2,transicion,36.5,0.4626081770285466,2
P4-O2,2,transicion,37.0,0.28929744891148207,2
P4-O2,2,transicion,37.5,0.3650073887263378,2
P4-O2,2,transicion,38.0,0.27745367317341124,2
P4-O2,2,transicion,38.5,0.2278634973610434,2
P4-O2,2,transicion,39.0,0.12416845644770941,2
P4-O2,2,transicion,39.5,0.01377804264168932,2
P4-O2,2,transicion,40.0,0.016077483688401558,2
P4-O2,4,ictal,0.5,736.4476358636463,19
P4-O2,4,ictal,1.0,1410.9945547005352,19
P4-O2,4,ictal,1.5,3471.261533986737,19
P4-O2,4,ictal,2.0,1741.97120079833,19
P4-O2,4,ictal,2.5,1105.8630824370332,19
P4-O2,4,ictal,3.0,988.8953370736981,19
P4-O2,4,ictal,3.5,396.90378902719414,19
P4-O2,4,ictal,4.0,210.26045342028002,19
P4-O2,4,ictal,4.5,130.09919970439134,19
P4-O2,4,ictal,5.0,117.07277601612297,19
P4-O2,4,ictal,5.5,134.2704196520842,19
P4-O2,4,ictal,6.0,217.53369183573614,19
P4-O2,4,ictal,6.5,113.52714343492937,19
P4-O2,4,ictal,7.0,61.920238782141986,19
P4-O2,4,ictal,7.5,53.75336855154429,19
P4-O2,4,ictal,8.0,48.21925889065212,19
P4-O2,4,ictal,8.5,40.02760143911335,19
P4-O2,4,ictal,9.0,28.37808012339325,19
P4-O2,4,ictal,9.5,24.323981533320765,19
P4-O2,4,ictal,10.0,19.308648656094896,19
P4-O2,4,ictal,10.5,14.40801196337919,19
P4-O2,4,ictal,11.0,17.585882578934484,19
P4-O2,4,ictal,11.5,11.657041302746876,19
P4-O2,4,ictal,12.0,8.45039458333295,19
P4-O2,4,ictal,12.5,8.004934358684055,19
P4-O2,4,ictal,13.0,8.457907648382045,19
P4-O2,4,ictal,13.5,6.8876986129560605,19
P4-O2,4,ictal,14.0,4.781016139324926,19
P4-O2,4,ictal,14.5,5.483801410846387,19
P4-O2,4,ictal,15.0,4.451440536919878,19
P4-O2,4,ictal,15.5,5.891566415835688,19
P4-O2,4,ictal,16.0,6.5811207438737656,19
P4-O2,4,ictal,16.5,4.037194532712643,19
P4-O2,4,ictal,17.0,2.739621820139,19
P4-O2,4,ictal,17.5,2.8532339518225336,19
P4-O2,4,ictal,18.0,3.5698150286875237,19
P4-O2,4,ictal,18.5,2.6366991107635793,19
P4-O2,4,ictal,19.0,3.2352859679783825,19
P4-O2,4,ictal,19.5,3.6378711114109152,19
P4-O2,4,ictal,20.0,3.9028716424354255,19
P4-O2,4,ictal,20.5,2.569325916571316,19
P4-O2,4,ictal,21.0,2.449762924252301,19
P4-O2,4,ictal,21.5,3.6927244224222755,19
P4-O2,4,ictal,22.0,2.413295490936506,19
P4-O2,4,ictal,22.5,1.5158881506593105,19
P4-O2,4,ictal,23.0,1.9095971183178333,19
P4-O2,4,ictal,23.5,1.3980245852933264,19
P4-O2,4,ictal,24.0,1.1253180533204332,19
P4-O2,4,ictal,24.5,1.1141786065320947,19
P4-O2,4,ictal,25.0,1.3487451106317547,19
P4-O2,4,ictal,25.5,1.1930375034402456,19
P4-O2,4,ictal,26.0,1.4350102566782315,19
P4-O2,4,ictal,26.5,1.2561330618914166,19
P4-O2,4,ictal,27.0,1.5875462162246035,19
P4-O2,4,ictal,27.5,1.317563982380622,19
P4-O2,4,ictal,28.0,1.8828659956888076,19
P4-O2,4,ictal,28.5,1.1697463753584474,19
P4-O2,4,ictal,29.0,0.9918739794677786,19
P4-O2,4,ictal,29.5,0.830419561061675,19
P4-O2,4,ictal,30.0,0.7063990515939848,19
P4-O2,4,ictal,30.5,0.8013978259111756,19
P4-O2,4,ictal,31.0,0.5734422210064899,19
P4-O2,4,ictal,31.5,1.6859399693950559,19
P4-O2,4,ictal,32.0,4.928402338459949,19
P4-O2,4,ictal,32.5,1.8293398803120204,19
P4-O2,4,ictal,33.0,0.9444017224790859,19
P4-O2,4,ictal,33.5,0.614490833225885,19
P4-O2,4,ictal,34.0,0.5373614446959093,19
P4-O2,4,ictal,34.5,0.6568996588182262,19
P4-O2,4,ictal,35.0,0.36590799639529736,19
P4-O2,4,ictal,35.5,0.4272987385694706,19
P4-O2,4,ictal,36.0,0.7285838656914256,19
P4-O2,4,ictal,36.5,0.48572397982769494,19
P4-O2,4,ictal,37.0,0.27719030221878077,19
P4-O2,4,ictal,37.5,0.20496132336975792,19
P4-O2,4,ictal,38.0,0.2500029286442705,19
P4-O2,4,ictal,38.5,0.2696295172749139,19
P4-O2,4,ictal,39.0,0.2507891596351076,19
P4-O2,4,ictal,39.5,0.20524338981551096,19
P4-O2,4,ictal,40.0,0.2885111056947162,19
P4-O2,4,sin_crisis_anotada,0.5,147.07255048308141,118
P4-O2,4,sin_crisis_anotada,1.0,429.19544990149103,118
P4-O2,4,sin_crisis_anotada,1.5,528.2411501487416,118
P4-O2,4,sin_crisis_anotada,2.0,274.6699396476822,118
P4-O2,4,sin_crisis_anotada,2.5,138.06601620932952,118
P4-O2,4,sin_crisis_anotada,3.0,109.3243845291068,118
P4-O2,4,sin_crisis_anotada,3.5,103.62208279011168,118
P4-O2,4,sin_crisis_anotada,4.0,56.47228930082639,118
P4-O2,4,sin_crisis_anotada,4.5,52.93127970771454,118
P4-O2,4,sin_crisis_anotada,5.0,39.990699793127604,118
P4-O2,4,sin_crisis_anotada,5.5,32.42617965438979,118
P4-O2,4,sin_crisis_anotada,6.0,32.50888538634595,118
P4-O2,4,sin_crisis_anotada,6.5,32.96623178537774,118
P4-O2,4,sin_crisis_anotada,7.0,28.039631858599314,118
P4-O2,4,sin_crisis_anotada,7.5,20.34574790789988,118
P4-O2,4,sin_crisis_anotada,8.0,21.28296741081212,118
P4-O2,4,sin_crisis_anotada,8.5,23.86763227689488,118
P4-O2,4,sin_crisis_anotada,9.0,19.341417057634377,118
P4-O2,4,sin_crisis_anotada,9.5,16.014410741182644,118
P4-O2,4,sin_crisis_anotada,10.0,11.647739888816051,118
P4-O2,4,sin_crisis_anotada,10.5,10.684282439019928,118
P4-O2,4,sin_crisis_anotada,11.0,7.457048890301712,118
P4-O2,4,sin_crisis_anotada,11.5,6.707230850411677,118
P4-O2,4,sin_crisis_anotada,12.0,6.292702214860471,118
P4-O2,4,sin_crisis_anotada,12.5,6.868462713207209,118
P4-O2,4,sin_crisis_anotada,13.0,6.5947421576161425,118
P4-O2,4,sin_crisis_anotada,13.5,6.49917842821127,118
P4-O2,4,sin_crisis_anotada,14.0,5.553358601987078,118
P4-O2,4,sin_crisis_anotada,14.5,2.8334457415272665,118
P4-O2,4,sin_crisis_anotada,15.0,2.3123337158843578,118
P4-O2,4,sin_crisis_anotada,15.5,5.3937983163232985,118
P4-O2,4,sin_crisis_anotada,16.0,13.666288485968018,118
P4-O2,4,sin_crisis_anotada,16.5,4.3704139256202,118
P4-O2,4,sin_crisis_anotada,17.0,0.9565390571347716,118
P4-O2,4,sin_crisis_anotada,17.5,0.9614561402346682,118
P4-O2,4,sin_crisis_anotada,18.0,0.9635705398528986,118
P4-O2,4,sin_crisis_anotada,18.5,0.6894554444637871,118
P4-O2,4,sin_crisis_anotada,19.0,0.7086145913970348,118
P4-O2,4,sin_crisis_anotada,19.5,0.7737054537268038,118
P4-O2,4,sin_crisis_anotada,20.0,0.8154141067892176,118
P4-O2,4,sin_crisis_anotada,20.5,0.5651773070991695,118
P4-O2,4,sin_crisis_anotada,21.0,0.5936023643441485,118
P4-O2,4,sin_crisis_anotada,21.5,0.45521961378463605,118
P4-O2,4,sin_crisis_anotada,22.0,0.4119878589080877,118
P4-O2,4,sin_crisis_anotada,22.5,0.37362095407731394,118
P4-O2,4,sin_crisis_anotada,23.0,0.3988549633935966,118
P4-O2,4,sin_crisis_anotada,23.5,0.5447453973092012,118
P4-O2,4,sin_crisis_anotada,24.0,0.5096294838726287,118
P4-O2,4,sin_crisis_anotada,24.5,0.4127842419398098,118
P4-O2,4,sin_crisis_anotada,25.0,0.3852248914779294,118
P4-O2,4,sin_crisis_anotada,25.5,0.37014972323929995,118
P4-O2,4,sin_crisis_anotada,26.0,0.32135920928404793,118
P4-O2,4,sin_crisis_anotada,26.5,0.31070047378886223,118
P4-O2,4,sin_crisis_anotada,27.0,0.24871020523001555,118
P4-O2,4,sin_crisis_anotada,27.5,0.3613220892970372,118
P4-O2,4,sin_crisis_anotada,28.0,0.7429961999023406,118
P4-O2,4,sin_crisis_anotada,28.5,0.3455279643724062,118
P4-O2,4,sin_crisis_anotada,29.0,0.22012252110329877,118
P4-O2,4,sin_crisis_anotada,29.5,0.193509930791948,118
P4-O2,4,sin_crisis_anotada,30.0,0.1823870694314415,118
P4-O2,4,sin_crisis_anotada,30.5,0.16704387105593055,118
P4-O2,4,sin_crisis_anotada,31.0,0.19252075706778576,118
P4-O2,4,sin_crisis_anotada,31.5,5.4703324597582625,118
P4-O2,4,sin_crisis_anotada,32.0,23.09112122088779,118
P4-O2,4,sin_crisis_anotada,32.5,5.768858484175642,118
P4-O2,4,sin_crisis_anotada,33.0,0.16362265285624172,118
P4-O2,4,sin_crisis_anotada,33.5,0.13874110547213456,118
P4-O2,4,sin_crisis_anotada,34.0,0.12458392413502958,118
P4-O2,4,sin_crisis_anotada,34.5,0.10697423235239795,118
P4-O2,4,sin_crisis_anotada,35.0,0.09839581382498003,118
P4-O2,4,sin_crisis_anotada,35.5,0.1296390604403186,118
P4-O2,4,sin_crisis_anotada,36.0,0.23158603906256175,118
P4-O2,4,sin_crisis_anotada,36.5,0.11704263172248897,118
P4-O2,4,sin_crisis_anotada,37.0,0.06341958459226454,118
P4-O2,4,sin_crisis_anotada,37.5,0.06292372041026925,118
P4-O2,4,sin_crisis_anotada,38.0,0.059043175878386076,118
P4-O2,4,sin_crisis_anotada,38.5,0.043767435552313175,118
P4-O2,4,sin_crisis_anotada,39.0,0.03980353902500114,118
P4-O2,4,sin_crisis_anotada,39.5,0.049346129469800035,118
P4-O2,4,sin_crisis_anotada,40.0,0.04555178829242498,118
P4-O2,4,transicion,0.5,1048.052038744528,2
P4-O2,4,transicion,1.0,2255.0220456896714,2
P4-O2,4,transicion,1.5,2547.4126953287027,2
P4-O2,4,transicion,2.0,1469.178389458195,2
P4-O2,4,transicion,2.5,459.0589126005286,2
P4-O2,4,transicion,3.0,325.3055785648463,2
P4-O2,4,transicion,3.5,146.13739222692112,2
P4-O2,4,transicion,4.0,157.48942594982879,2
P4-O2,4,transicion,4.5,92.09183023511262,2
P4-O2,4,transicion,5.0,84.09771547395444,2
P4-O2,4,transicion,5.5,50.753987884613196,2
P4-O2,4,transicion,6.0,37.5156146022651,2
P4-O2,4,transicion,6.5,15.178782287923609,2
P4-O2,4,transicion,7.0,21.498823409170612,2
P4-O2,4,transicion,7.5,36.237274909630955,2
P4-O2,4,transicion,8.0,24.53625150184511,2
P4-O2,4,transicion,8.5,27.150744449974603,2
P4-O2,4,transicion,9.0,21.304551364922723,2
P4-O2,4,transicion,9.5,44.299920926375236,2
P4-O2,4,transicion,10.0,48.18097628070934,2
P4-O2,4,transicion,10.5,42.53435038672278,2
P4-O2,4,transicion,11.0,21.984177162236694,2
P4-O2,4,transicion,11.5,10.503663271425976,2
P4-O2,4,transicion,12.0,24.585505230928234,2
P4-O2,4,transicion,12.5,15.51098003596106,2
P4-O2,4,transicion,13.0,3.0729065061177208,2
P4-O2,4,transicion,13.5,3.920392458530201,2
P4-O2,4,transicion,14.0,6.652606428429652,2
P4-O2,4,transicion,14.5,6.919691565950198,2
P4-O2,4,transicion,15.0,6.767220783882417,2
P4-O2,4,transicion,15.5,9.706861541370532,2
P4-O2,4,transicion,16.0,21.055562836049013,2
P4-O2,4,transicion,16.5,7.815810920607767,2
P4-O2,4,transicion,17.0,1.711287074111194,2
P4-O2,4,transicion,17.5,0.6025994599167128,2
P4-O2,4,transicion,18.0,1.4863099519027019,2
P4-O2,4,transicion,18.5,2.813864954816771,2
P4-O2,4,transicion,19.0,2.4278639878191397,2
P4-O2,4,transicion,19.5,1.7479628614281513,2
P4-O2,4,transicion,20.0,1.9809265566842977,2
P4-O2,4,transicion,20.5,1.996962953408603,2
P4-O2,4,transicion,21.0,1.0465744954196556,2
P4-O2,4,transicion,21.5,0.6745363204281397,2
P4-O2,4,transicion,22.0,0.8926967377698837,2
P4-O2,4,transicion,22.5,1.6610252170995727,2
P4-O2,4,transicion,23.0,2.869328663767855,2
P4-O2,4,transicion,23.5,1.482082063288277,2
P4-O2,4,transicion,24.0,1.1193195994486949,2
P4-O2,4,transicion,24.5,0.36891438194021253,2
P4-O2,4,transicion,25.0,0.665949542033274,2
P4-O2,4,transicion,25.5,0.9940170108952113,2
P4-O2,4,transicion,26.0,0.5418140248980257,2
P4-O2,4,transicion,26.5,0.547497507448113,2
P4-O2,4,transicion,27.0,0.7415153402891985,2
P4-O2,4,transicion,27.5,0.6053522865342365,2
P4-O2,4,transicion,28.0,1.2327106725174781,2
P4-O2,4,transicion,28.5,0.8420741106818082,2
P4-O2,4,transicion,29.0,0.8619330915987322,2
P4-O2,4,transicion,29.5,0.26901805618086666,2
P4-O2,4,transicion,30.0,0.2756252067553189,2
P4-O2,4,transicion,30.5,0.26727477987280496,2
P4-O2,4,transicion,31.0,0.23605472038212105,2
P4-O2,4,transicion,31.5,6.146158829105552,2
P4-O2,4,transicion,32.0,25.71351670978027,2
P4-O2,4,transicion,32.5,6.9124246216703416,2
P4-O2,4,transicion,33.0,0.37552319394089023,2
P4-O2,4,transicion,33.5,0.3707649790337813,2
P4-O2,4,transicion,34.0,0.32834010205824354,2
P4-O2,4,transicion,34.5,0.359828185337732,2
P4-O2,4,transicion,35.0,0.16993990928533756,2
P4-O2,4,transicion,35.5,0.3718277557747799,2
P4-O2,4,transicion,36.0,0.3174633631604881,2
P4-O2,4,transicion,36.5,0.21932829139991097,2
P4-O2,4,transicion,37.0,0.14047480843200166,2
P4-O2,4,transicion,37.5,0.20318306457779642,2
P4-O2,4,transicion,38.0,0.2355989211049817,2
P4-O2,4,transicion,38.5,0.17205263997065476,2
P4-O2,4,transicion,39.0,0.16857207212584716,2
P4-O2,4,transicion,39.5,0.10246274370276254,2
P4-O2,4,transicion,40.0,0.033934919588309305,2
P4-O2,8,ictal,0.5,717.9897871861025,9
P4-O2,8,ictal,1.0,1990.1412292260627,9
P4-O2,8,ictal,1.5,3566.6833861326827,9
P4-O2,8,ictal,2.0,2603.5166856109972,9
P4-O2,8,ictal,2.5,2193.7908397702918,9
P4-O2,8,ictal,3.0,1207.901225423057,9
P4-O2,8,ictal,3.5,756.7124163051689,9
P4-O2,8,ictal,4.0,295.19481903821236,9
P4-O2,8,ictal,4.5,202.59356262926983,9
P4-O2,8,ictal,5.0,140.91083367762187,9
P4-O2,8,ictal,5.5,202.87681271168026,9
P4-O2,8,ictal,6.0,301.644688433298,9
P4-O2,8,ictal,6.5,168.3195378510242,9
P4-O2,8,ictal,7.0,85.9145849307845,9
P4-O2,8,ictal,7.5,61.06770285559258,9
P4-O2,8,ictal,8.0,70.66490333376717,9
P4-O2,8,ictal,8.5,49.44155713054458,9
P4-O2,8,ictal,9.0,28.195261928387932,9
P4-O2,8,ictal,9.5,29.89788974148082,9
P4-O2,8,ictal,10.0,20.12924727838856,9
P4-O2,8,ictal,10.5,13.721612861688559,9
P4-O2,8,ictal,11.0,19.571519778193167,9
P4-O2,8,ictal,11.5,13.333324428710034,9
P4-O2,8,ictal,12.0,6.333273813639761,9
P4-O2,8,ictal,12.5,11.026874681506806,9
P4-O2,8,ictal,13.0,10.368816273978881,9
P4-O2,8,ictal,13.5,6.590219179368385,9
P4-O2,8,ictal,14.0,8.306210451430948,9
P4-O2,8,ictal,14.5,6.15676321469378,9
P4-O2,8,ictal,15.0,4.4446339640200385,9
P4-O2,8,ictal,15.5,5.205699495532832,9
P4-O2,8,ictal,16.0,6.035040903896067,9
P4-O2,8,ictal,16.5,5.183500854963765,9
P4-O2,8,ictal,17.0,3.7525571665555573,9
P4-O2,8,ictal,17.5,3.4756376480399576,9
P4-O2,8,ictal,18.0,4.9336159041727665,9
P4-O2,8,ictal,18.5,2.9178189450762084,9
P4-O2,8,ictal,19.0,2.8484660395379433,9
P4-O2,8,ictal,19.5,3.5887344064581623,9
P4-O2,8,ictal,20.0,4.003555993468013,9
P4-O2,8,ictal,20.5,3.9144956959296793,9
P4-O2,8,ictal,21.0,3.016981253125486,9
P4-O2,8,ictal,21.5,3.1693287876441465,9
P4-O2,8,ictal,22.0,2.59720179467501,9
P4-O2,8,ictal,22.5,1.8467105605997658,9
P4-O2,8,ictal,23.0,2.158168642019928,9
P4-O2,8,ictal,23.5,1.6206313621869946,9
P4-O2,8,ictal,24.0,1.0206228002851454,9
P4-O2,8,ictal,24.5,1.2817834865514832,9
P4-O2,8,ictal,25.0,1.1650538444344931,9
P4-O2,8,ictal,25.5,1.255576683028878,9
P4-O2,8,ictal,26.0,1.6591252229164515,9
P4-O2,8,ictal,26.5,1.3366555699990597,9
P4-O2,8,ictal,27.0,1.5355818306428541,9
P4-O2,8,ictal,27.5,1.2392744672127627,9
P4-O2,8,ictal,28.0,1.928982031982265,9
P4-O2,8,ictal,28.5,1.4204711874733709,9
P4-O2,8,ictal,29.0,0.9336234984915366,9
P4-O2,8,ictal,29.5,0.9482989728171832,9
P4-O2,8,ictal,30.0,1.1328219207303714,9
P4-O2,8,ictal,30.5,0.7402298951288024,9
P4-O2,8,ictal,31.0,0.7096931411313501,9
P4-O2,8,ictal,31.5,2.2342572299324877,9
P4-O2,8,ictal,32.0,4.88141921627947,9
P4-O2,8,ictal,32.5,1.9781159368845354,9
P4-O2,8,ictal,33.0,0.9884813381779451,9
P4-O2,8,ictal,33.5,0.7260909537296408,9
P4-O2,8,ictal,34.0,0.6488654967436335,9
P4-O2,8,ictal,34.5,0.5402217022378973,9
P4-O2,8,ictal,35.0,0.4716794056746781,9
P4-O2,8,ictal,35.5,0.5837877189299127,9
P4-O2,8,ictal,36.0,0.7677516896383497,9
P4-O2,8,ictal,36.5,0.5139907133603658,9
P4-O2,8,ictal,37.0,0.2979754379232636,9
P4-O2,8,ictal,37.5,0.2610408384813548,9
P4-O2,8,ictal,38.0,0.296663453896224,9
P4-O2,8,ictal,38.5,0.329638545854536,9
P4-O2,8,ictal,39.0,0.27295255049494727,9
P4-O2,8,ictal,39.5,0.2513611347790546,9
P4-O2,8,ictal,40.0,0.27970512312742984,9
P4-O2,8,sin_crisis_anotada,0.5,144.2686042490867,58
P4-O2,8,sin_crisis_anotada,1.0,419.6951866119668,58
P4-O2,8,sin_crisis_anotada,1.5,576.6264832666755,58
P4-O2,8,sin_crisis_anotada,2.0,408.4279769643862,58
P4-O2,8,sin_crisis_anotada,2.5,131.76051424685636,58
P4-O2,8,sin_crisis_anotada,3.0,112.61267148579904,58
P4-O2,8,sin_crisis_anotada,3.5,89.02306548832169,58
P4-O2,8,sin_crisis_anotada,4.0,57.6398524166225,58
P4-O2,8,sin_crisis_anotada,4.5,46.01584565560792,58
P4-O2,8,sin_crisis_anotada,5.0,45.269400732061065,58
P4-O2,8,sin_crisis_anotada,5.5,36.55158905363557,58
P4-O2,8,sin_crisis_anotada,6.0,34.02328220270607,58
P4-O2,8,sin_crisis_anotada,6.5,33.68127034838879,58
P4-O2,8,sin_crisis_anotada,7.0,28.12441191491562,58
P4-O2,8,sin_crisis_anotada,7.5,26.379633040660494,58
P4-O2,8,sin_crisis_anotada,8.0,25.41150728322271,58
P4-O2,8,sin_crisis_anotada,8.5,28.787997576764205,58
P4-O2,8,sin_crisis_anotada,9.0,19.125007619359696,58
P4-O2,8,sin_crisis_anotada,9.5,16.63096060233117,58
P4-O2,8,sin_crisis_anotada,10.0,13.989314773704137,58
P4-O2,8,sin_crisis_anotada,10.5,11.080892746194685,58
P4-O2,8,sin_crisis_anotada,11.0,9.851786193318858,58
P4-O2,8,sin_crisis_anotada,11.5,7.95510438451747,58
P4-O2,8,sin_crisis_anotada,12.0,6.535651322169545,58
P4-O2,8,sin_crisis_anotada,12.5,8.04038263574078,58
P4-O2,8,sin_crisis_anotada,13.0,6.815604603135541,58
P4-O2,8,sin_crisis_anotada,13.5,6.892410606181642,58
P4-O2,8,sin_crisis_anotada,14.0,5.462671228623664,58
P4-O2,8,sin_crisis_anotada,14.5,3.495273623914738,58
P4-O2,8,sin_crisis_anotada,15.0,2.847565995760708,58
P4-O2,8,sin_crisis_anotada,15.5,5.79920116413661,58
P4-O2,8,sin_crisis_anotada,16.0,14.477828396553907,58
P4-O2,8,sin_crisis_anotada,16.5,5.383462000194873,58
P4-O2,8,sin_crisis_anotada,17.0,1.168902026818269,58
P4-O2,8,sin_crisis_anotada,17.5,1.0533252861716802,58
P4-O2,8,sin_crisis_anotada,18.0,0.9967733742646822,58
P4-O2,8,sin_crisis_anotada,18.5,0.8673294893529007,58
P4-O2,8,sin_crisis_anotada,19.0,0.7355192781942106,58
P4-O2,8,sin_crisis_anotada,19.5,0.7805486061614422,58
P4-O2,8,sin_crisis_anotada,20.0,0.9086428533347686,58
P4-O2,8,sin_crisis_anotada,20.5,0.575640645868301,58
P4-O2,8,sin_crisis_anotada,21.0,0.582376813346225,58
P4-O2,8,sin_crisis_anotada,21.5,0.5087591836671872,58
P4-O2,8,sin_crisis_anotada,22.0,0.47367275493302496,58
P4-O2,8,sin_crisis_anotada,22.5,0.3759551164060334,58
P4-O2,8,sin_crisis_anotada,23.0,0.41496533994220924,58
P4-O2,8,sin_crisis_anotada,23.5,0.5803829450493148,58
P4-O2,8,sin_crisis_anotada,24.0,0.5496750188054016,58
P4-O2,8,sin_crisis_anotada,24.5,0.4270936831761365,58
P4-O2,8,sin_crisis_anotada,25.0,0.3989167265654868,58
P4-O2,8,sin_crisis_anotada,25.5,0.38676495095356056,58
P4-O2,8,sin_crisis_anotada,26.0,0.33596486332862097,58
P4-O2,8,sin_crisis_anotada,26.5,0.3551628034336477,58
P4-O2,8,sin_crisis_anotada,27.0,0.27646801189907116,58
P4-O2,8,sin_crisis_anotada,27.5,0.3949385476979699,58
P4-O2,8,sin_crisis_anotada,28.0,0.8801715161656332,58
P4-O2,8,sin_crisis_anotada,28.5,0.397994379143688,58
P4-O2,8,sin_crisis_anotada,29.0,0.2439348733105027,58
P4-O2,8,sin_crisis_anotada,29.5,0.2212457541168558,58
P4-O2,8,sin_crisis_anotada,30.0,0.20886593741201526,58
P4-O2,8,sin_crisis_anotada,30.5,0.18998419808292144,58
P4-O2,8,sin_crisis_anotada,31.0,0.22189475490452593,58
P4-O2,8,sin_crisis_anotada,31.5,5.684775695280412,58
P4-O2,8,sin_crisis_anotada,32.0,22.861835867214214,58
P4-O2,8,sin_crisis_anotada,32.5,5.732328786386786,58
P4-O2,8,sin_crisis_anotada,33.0,0.16028411482906418,58
P4-O2,8,sin_crisis_anotada,33.5,0.14308208337462913,58
P4-O2,8,sin_crisis_anotada,34.0,0.14535427325675387,58
P4-O2,8,sin_crisis_anotada,34.5,0.1321367332184809,58
P4-O2,8,sin_crisis_anotada,35.0,0.1258398311567201,58
P4-O2,8,sin_crisis_anotada,35.5,0.1401841389342796,58
P4-O2,8,sin_crisis_anotada,36.0,0.23384956172450633,58
P4-O2,8,sin_crisis_anotada,36.5,0.11347848073514866,58
P4-O2,8,sin_crisis_anotada,37.0,0.06930447036759055,58
P4-O2,8,sin_crisis_anotada,37.5,0.07008301591656674,58
P4-O2,8,sin_crisis_anotada,38.0,0.059185679803295956,58
P4-O2,8,sin_crisis_anotada,38.5,0.0472636531317554,58
P4-O2,8,sin_crisis_anotada,39.0,0.05015232705607942,58
P4-O2,8,sin_crisis_anotada,39.5,0.051765892067670044,58
P4-O2,8,sin_crisis_anotada,40.0,0.0554902606044948,58
P4-O2,8,transicion,0.5,628.1001469136258,2
P4-O2,8,transicion,1.0,1422.509310443272,2
P4-O2,8,transicion,1.5,1624.9426391742106,2
P4-O2,8,transicion,2.0,1321.4497325239586,2
P4-O2,8,transicion,2.5,564.6492208004955,2
P4-O2,8,transicion,3.0,293.95340093423,2
P4-O2,8,transicion,3.5,178.14045605732247,2
P4-O2,8,transicion,4.0,127.43770133102058,2
P4-O2,8,transicion,4.5,105.31571635387124,2
P4-O2,8,transicion,5.0,86.21954904622748,2
P4-O2,8,transicion,5.5,64.71913572193736,2
P4-O2,8,transicion,6.0,46.3718063778787,2
P4-O2,8,transicion,6.5,21.276942207085312,2
P4-O2,8,transicion,7.0,27.292784194724632,2
P4-O2,8,transicion,7.5,47.40459494776606,2
P4-O2,8,transicion,8.0,68.6655463988942,2
P4-O2,8,transicion,8.5,40.17278436507411,2
P4-O2,8,transicion,9.0,22.87101914462093,2
P4-O2,8,transicion,9.5,32.43595532470053,2
P4-O2,8,transicion,10.0,32.93615391211674,2
P4-O2,8,transicion,10.5,40.364523111369635,2
P4-O2,8,transicion,11.0,34.43341116333748,2
P4-O2,8,transicion,11.5,21.47147981532951,2
P4-O2,8,transicion,12.0,20.946844633438435,2
P4-O2,8,transicion,12.5,11.422745890757465,2
P4-O2,8,transicion,13.0,7.275811397419442,2
P4-O2,8,transicion,13.5,6.56840291538965,2
P4-O2,8,transicion,14.0,7.15065993524382,2
P4-O2,8,transicion,14.5,5.706426247069906,2
P4-O2,8,transicion,15.0,5.143650960976418,2
P4-O2,8,transicion,15.5,7.7254282423947735,2
P4-O2,8,transicion,16.0,19.19597177439263,2
P4-O2,8,transicion,16.5,6.51862903540767,2
P4-O2,8,transicion,17.0,1.3547297137534304,2
P4-O2,8,transicion,17.5,0.8640145983979617,2
P4-O2,8,transicion,18.0,1.4122750765146788,2
P4-O2,8,transicion,18.5,1.8581025895219363,2
P4-O2,8,transicion,19.0,1.7646479027557267,2
P4-O2,8,transicion,19.5,1.6413339564660088,2
P4-O2,8,transicion,20.0,1.8840242630371058,2
P4-O2,8,transicion,20.5,1.6887066911671815,2
P4-O2,8,transicion,21.0,1.5161248653215484,2
P4-O2,8,transicion,21.5,1.5387769200593056,2
P4-O2,8,transicion,22.0,1.2590483029065496,2
P4-O2,8,transicion,22.5,1.0588899024469298,2
P4-O2,8,transicion,23.0,1.4753808095174161,2
P4-O2,8,transicion,23.5,1.1421823351090619,2
P4-O2,8,transicion,24.0,1.0275905589516854,2
P4-O2,8,transicion,24.5,0.5044957719689844,2
P4-O2,8,transicion,25.0,0.6809628295448884,2
P4-O2,8,transicion,25.5,0.742021225242709,2
P4-O2,8,transicion,26.0,0.6316955855449229,2
P4-O2,8,transicion,26.5,0.8091544518306149,2
P4-O2,8,transicion,27.0,0.6774085139686953,2
P4-O2,8,transicion,27.5,0.7254249877786569,2
P4-O2,8,transicion,28.0,1.7376184101502705,2
P4-O2,8,transicion,28.5,0.8789299762756482,2
P4-O2,8,transicion,29.0,0.6254504582504001,2
P4-O2,8,transicion,29.5,0.4251383293129377,2
P4-O2,8,transicion,30.0,0.38152351204099383,2
P4-O2,8,transicion,30.5,0.26516523666722613,2
P4-O2,8,transicion,31.0,0.26341734918235826,2
P4-O2,8,transicion,31.5,6.852399567258922,2
P4-O2,8,transicion,32.0,26.96579843931949,2
P4-O2,8,transicion,32.5,6.87138123337157,2
P4-O2,8,transicion,33.0,0.27247922014796366,2
P4-O2,8,transicion,33.5,0.2706508227365295,2
P4-O2,8,transicion,34.0,0.24276112790117255,2
P4-O2,8,transicion,34.5,0.23662965639327016,2
P4-O2,8,transicion,35.0,0.09993238319163561,2
P4-O2,8,transicion,35.5,0.22971983149953817,2
P4-O2,8,transicion,36.0,0.3668164082982769,2
P4-O2,8,transicion,36.5,0.252166093953758,2
P4-O2,8,transicion,37.0,0.10412147212341052,2
P4-O2,8,transicion,37.5,0.15620335753849662,2
P4-O2,8,transicion,38.0,0.18671339213114407,2
P4-O2,8,transicion,38.5,0.10994342419905945,2
P4-O2,8,transicion,39.0,0.09600421996653487,2
P4-O2,8,transicion,39.5,0.11207484896696762,2
P4-O2,8,transicion,40.0,0.1566042759711086,2
P7-O1,2,ictal,0.5,200.73342520065356,39
P7-O1,2,ictal,1.0,520.1160189857184,39
P7-O1,2,ictal,1.5,504.42326377636687,39
P7-O1,2,ictal,2.0,338.1131375870544,39
P7-O1,2,ictal,2.5,217.94519207063263,39
P7-O1,2,ictal,3.0,166.867416709155,39
P7-O1,2,ictal,3.5,98.7490156905055,39
P7-O1,2,ictal,4.0,137.84448521841978,39
P7-O1,2,ictal,4.5,92.4996863775617,39
P7-O1,2,ictal,5.0,41.71367103819216,39
P7-O1,2,ictal,5.5,55.24775027201753,39
P7-O1,2,ictal,6.0,67.32675204738906,39
P7-O1,2,ictal,6.5,66.56557241613619,39
P7-O1,2,ictal,7.0,19.677233202985498,39
P7-O1,2,ictal,7.5,14.49962951991365,39
P7-O1,2,ictal,8.0,10.869390980710651,39
P7-O1,2,ictal,8.5,9.964252491834202,39
P7-O1,2,ictal,9.0,13.261804505145085,39
P7-O1,2,ictal,9.5,7.417302608580443,39
P7-O1,2,ictal,10.0,6.2286011344531715,39
P7-O1,2,ictal,10.5,5.5814480565347555,39
P7-O1,2,ictal,11.0,6.171583858369095,39
P7-O1,2,ictal,11.5,5.09262101193384,39
P7-O1,2,ictal,12.0,3.5104086014384217,39
P7-O1,2,ictal,12.5,2.4411312838973394,39
P7-O1,2,ictal,13.0,2.1688526482605894,39
P7-O1,2,ictal,13.5,2.101472887652768,39
P7-O1,2,ictal,14.0,1.9458595217881274,39
P7-O1,2,ictal,14.5,1.5444740381403252,39
P7-O1,2,ictal,15.0,1.213700455032123,39
P7-O1,2,ictal,15.5,2.5234439086720717,39
P7-O1,2,ictal,16.0,5.167467687654629,39
P7-O1,2,ictal,16.5,2.8502827626698473,39
P7-O1,2,ictal,17.0,0.6330526728932551,39
P7-O1,2,ictal,17.5,1.0498619716267295,39
P7-O1,2,ictal,18.0,1.2394519572644846,39
P7-O1,2,ictal,18.5,0.9916954503121079,39
P7-O1,2,ictal,19.0,1.1135097630161037,39
P7-O1,2,ictal,19.5,1.2844300339345163,39
P7-O1,2,ictal,20.0,0.694473823774473,39
P7-O1,2,ictal,20.5,0.8052788045281832,39
P7-O1,2,ictal,21.0,0.8823128979463483,39
P7-O1,2,ictal,21.5,0.6169626668832147,39
P7-O1,2,ictal,22.0,0.7504198121831215,39
P7-O1,2,ictal,22.5,0.6806005143262591,39
P7-O1,2,ictal,23.0,0.47868332438116046,39
P7-O1,2,ictal,23.5,0.48693229786830794,39
P7-O1,2,ictal,24.0,0.6026244797800062,39
P7-O1,2,ictal,24.5,0.584631865583543,39
P7-O1,2,ictal,25.0,0.47686505954135217,39
P7-O1,2,ictal,25.5,0.5178935147671144,39
P7-O1,2,ictal,26.0,0.5434034478498038,39
P7-O1,2,ictal,26.5,0.5480596671659154,39
P7-O1,2,ictal,27.0,0.4496719395446519,39
P7-O1,2,ictal,27.5,0.3894154736873322,39
P7-O1,2,ictal,28.0,0.37579416957379497,39
P7-O1,2,ictal,28.5,0.3046441424917545,39
P7-O1,2,ictal,29.0,0.42096962149207295,39
P7-O1,2,ictal,29.5,0.44111110002193826,39
P7-O1,2,ictal,30.0,0.42778380026628815,39
P7-O1,2,ictal,30.5,0.366642252528687,39
P7-O1,2,ictal,31.0,0.3755551290958226,39
P7-O1,2,ictal,31.5,1.7866784544671084,39
P7-O1,2,ictal,32.0,5.047763486274061,39
P7-O1,2,ictal,32.5,1.4673794160302116,39
P7-O1,2,ictal,33.0,0.24893261762081265,39
P7-O1,2,ictal,33.5,0.19036553329355754,39
P7-O1,2,ictal,34.0,0.14139283770254532,39
P7-O1,2,ictal,34.5,0.2080103503258961,39
P7-O1,2,ictal,35.0,0.18672899093356923,39
P7-O1,2,ictal,35.5,0.18273150251725262,39
P7-O1,2,ictal,36.0,0.1662629510095827,39
P7-O1,2,ictal,36.5,0.11922144848510303,39
P7-O1,2,ictal,37.0,0.07982483605798632,39
P7-O1,2,ictal,37.5,0.15217826851577898,39
P7-O1,2,ictal,38.0,0.15461457908553,39
P7-O1,2,ictal,38.5,0.11232459227004654,39
P7-O1,2,ictal,39.0,0.07255871154930683,39
P7-O1,2,ictal,39.5,0.056036323504910536,39
P7-O1,2,ictal,40.0,0.07581330508522159,39
P7-O1,2,sin_crisis_anotada,0.5,31.176303199197097,238
P7-O1,2,sin_crisis_anotada,1.0,84.60704462292539,238
P7-O1,2,sin_crisis_anotada,1.5,95.42167692407425,238
P7-O1,2,sin_crisis_anotada,2.0,61.95601326755484,238
P7-O1,2,sin_crisis_anotada,2.5,49.60614405396821,238
P7-O1,2,sin_crisis_anotada,3.0,32.735428589516076,238
P7-O1,2,sin_crisis_anotada,3.5,27.63132476994077,238
P7-O1,2,sin_crisis_anotada,4.0,20.83355932861496,238
P7-O1,2,sin_crisis_anotada,4.5,17.819651807393463,238
P7-O1,2,sin_crisis_anotada,5.0,17.98470006153465,238
P7-O1,2,sin_crisis_anotada,5.5,14.596779764400104,238
P7-O1,2,sin_crisis_anotada,6.0,13.250200077093165,238
P7-O1,2,sin_crisis_anotada,6.5,13.171077443929356,238
P7-O1,2,sin_crisis_anotada,7.0,12.370763367176945,238
P7-O1,2,sin_crisis_anotada,7.5,12.70735198523051,238
P7-O1,2,sin_crisis_anotada,8.0,7.7587508102920655,238
P7-O1,2,sin_crisis_anotada,8.5,7.085317117610235,238
P7-O1,2,sin_crisis_anotada,9.0,6.926554433994362,238
P7-O1,2,sin_crisis_anotada,9.5,5.182981251893822,238
P7-O1,2,sin_crisis_anotada,10.0,4.678409345467124,238
P7-O1,2,sin_crisis_anotada,10.5,3.863510627598404,238
P7-O1,2,sin_crisis_anotada,11.0,3.3094822299581863,238
P7-O1,2,sin_crisis_anotada,11.5,3.0204636648731187,238
P7-O1,2,sin_crisis_anotada,12.0,2.320821938856623,238
P7-O1,2,sin_crisis_anotada,12.5,2.237292647558709,238
P7-O1,2,sin_crisis_anotada,13.0,2.2961701461189854,238
P7-O1,2,sin_crisis_anotada,13.5,1.932767477428998,238
P7-O1,2,sin_crisis_anotada,14.0,1.1616972585516296,238
P7-O1,2,sin_crisis_anotada,14.5,1.0001916994995048,238
P7-O1,2,sin_crisis_anotada,15.0,0.8662441295227393,238
P7-O1,2,sin_crisis_anotada,15.5,3.554831504487789,238
P7-O1,2,sin_crisis_anotada,16.0,13.596501293327682,238
P7-O1,2,sin_crisis_anotada,16.5,4.379753455134371,238
P7-O1,2,sin_crisis_anotada,17.0,0.5439876167944468,238
P7-O1,2,sin_crisis_anotada,17.5,0.4063063509136132,238
P7-O1,2,sin_crisis_anotada,18.0,0.3717347731580992,238
P7-O1,2,sin_crisis_anotada,18.5,0.3413753389038096,238
P7-O1,2,sin_crisis_anotada,19.0,0.35957660514959744,238
P7-O1,2,sin_crisis_anotada,19.5,0.30993436532971425,238
P7-O1,2,sin_crisis_anotada,20.0,0.3204416956285605,238
P7-O1,2,sin_crisis_anotada,20.5,0.283730113478487,238
P7-O1,2,sin_crisis_anotada,21.0,0.22104476963519193,238
P7-O1,2,sin_crisis_anotada,21.5,0.2073744749413193,238
P7-O1,2,sin_crisis_anotada,22.0,0.2389654011404276,238
P7-O1,2,sin_crisis_anotada,22.5,0.2660754989808971,238
P7-O1,2,sin_crisis_anotada,23.0,0.22371949037084843,238
P7-O1,2,sin_crisis_anotada,23.5,0.2323078964043575,238
P7-O1,2,sin_crisis_anotada,24.0,0.2418619119005605,238
P7-O1,2,sin_crisis_anotada,24.5,0.23322266712211195,238
P7-O1,2,sin_crisis_anotada,25.0,0.1904102640128903,238
P7-O1,2,sin_crisis_anotada,25.5,0.19435250266181114,238
P7-O1,2,sin_crisis_anotada,26.0,0.13912483057589464,238
P7-O1,2,sin_crisis_anotada,26.5,0.14456303467861978,238
P7-O1,2,sin_crisis_anotada,27.0,0.1617681621590158,238
P7-O1,2,sin_crisis_anotada,27.5,0.14597358026825097,238
P7-O1,2,sin_crisis_anotada,28.0,0.18523756687138773,238
P7-O1,2,sin_crisis_anotada,28.5,0.14317046804413935,238
P7-O1,2,sin_crisis_anotada,29.0,0.12467350189776065,238
P7-O1,2,sin_crisis_anotada,29.5,0.11308212836425757,238
P7-O1,2,sin_crisis_anotada,30.0,0.09110866106342486,238
P7-O1,2,sin_crisis_anotada,30.5,0.09147947477063133,238
P7-O1,2,sin_crisis_anotada,31.0,0.09613681498075852,238
P7-O1,2,sin_crisis_anotada,31.5,3.9237072213028013,238
P7-O1,2,sin_crisis_anotada,32.0,17.336464011707967,238
P7-O1,2,sin_crisis_anotada,32.5,2.925733812953922,238
P7-O1,2,sin_crisis_anotada,33.0,0.08614766365788601,238
P7-O1,2,sin_crisis_anotada,33.5,0.0658743108555759,238
P7-O1,2,sin_crisis_anotada,34.0,0.0702699468911974,238
P7-O1,2,sin_crisis_anotada,34.5,0.06109333168459913,238
P7-O1,2,sin_crisis_anotada,35.0,0.05061152354095196,238
P7-O1,2,sin_crisis_anotada,35.5,0.04302543477737776,238
P7-O1,2,sin_crisis_anotada,36.0,0.04404602601477966,238
P7-O1,2,sin_crisis_anotada,36.5,0.04082958298722159,238
P7-O1,2,sin_crisis_anotada,37.0,0.032084703379490445,238
P7-O1,2,sin_crisis_anotada,37.5,0.030861968585805914,238
P7-O1,2,sin_crisis_anotada,38.0,0.025085151141101943,238
P7-O1,2,sin_crisis_anotada,38.5,0.02531219982621078,238
P7-O1,2,sin_crisis_anotada,39.0,0.024091917894209593,238
P7-O1,2,sin_crisis_anotada,39.5,0.02672030891335437,238
P7-O1,2,sin_crisis_anotada,40.0,0.020711727523760416,238
P7-O1,2,transicion,0.5,406.0805048391875,2
P7-O1,2,transicion,1.0,738.9000057463846,2
P7-O1,2,transicion,1.5,378.9733922907591,2
P7-O1,2,transicion,2.0,83.73319564674811,2
P7-O1,2,transicion,2.5,64.14685806813938,2
P7-O1,2,transicion,3.0,109.70566448304139,2
P7-O1,2,transicion,3.5,186.43028440737058,2
P7-O1,2,transicion,4.0,71.60057406686231,2
P7-O1,2,transicion,4.5,23.905244868742596,2
P7-O1,2,transicion,5.0,4.640266330954172,2
P7-O1,2,transicion,5.5,21.49775082364217,2
P7-O1,2,transicion,6.0,34.99336939916275,2
P7-O1,2,transicion,6.5,25.539272398937282,2
P7-O1,2,transicion,7.0,17.56649861110024,2
P7-O1,2,transicion,7.5,2.987757386967723,2
P7-O1,2,transicion,8.0,7.370628158120756,2
P7-O1,2,transicion,8.5,11.919240618853658,2
P7-O1,2,transicion,9.0,3.059278662030561,2
P7-O1,2,transicion,9.5,2.880499096169821,2
P7-O1,2,transicion,10.0,10.768530165514012,2
P7-O1,2,transicion,10.5,5.7530442971895415,2
P7-O1,2,transicion,11.0,0.8388353153076351,2
P7-O1,2,transicion,11.5,7.724800753849962,2
P7-O1,2,transicion,12.0,6.822942837945226,2
P7-O1,2,transicion,12.5,6.868860645106145,2
P7-O1,2,transicion,13.0,10.522124423962827,2
P7-O1,2,transicion,13.5,2.3853100064615314,2
P7-O1,2,transicion,14.0,2.894585243517694,2
P7-O1,2,transicion,14.5,4.892635908566643,2
P7-O1,2,transicion,15.0,2.030094310055234,2
P7-O1,2,transicion,15.5,4.655084314883383,2
P7-O1,2,transicion,16.0,18.57362527430056,2
P7-O1,2,transicion,16.5,7.5768292253295755,2
P7-O1,2,transicion,17.0,1.8207024798711975,2
P7-O1,2,transicion,17.5,0.05622121493889578,2
P7-O1,2,transicion,18.0,0.1399908142987672,2
P7-O1,2,transicion,18.5,0.12908136654296162,2
P7-O1,2,transicion,19.0,0.7874861080716125,2
P7-O1,2,transicion,19.5,0.231375056377427,2
P7-O1,2,transicion,20.0,0.5697355351074156,2
P7-O1,2,transicion,20.5,0.4736363576110447,2
P7-O1,2,transicion,21.0,0.5151631137418576,2
P7-O1,2,transicion,21.5,0.4964483827601643,2
P7-O1,2,transicion,22.0,0.5082215679749833,2
P7-O1,2,transicion,22.5,0.1279631136950859,2
P7-O1,2,transicion,23.0,0.33472628169655994,2
P7-O1,2,transicion,23.5,0.31913084920139384,2
P7-O1,2,transicion,24.0,0.30096084213789676,2
P7-O1,2,transicion,24.5,0.38692655188006975,2
P7-O1,2,transicion,25.0,0.21697583515027957,2
P7-O1,2,transicion,25.5,0.23633872973171755,2
P7-O1,2,transicion,26.0,0.4514588803104613,2
P7-O1,2,transicion,26.5,0.4919930691791964,2
P7-O1,2,transicion,27.0,0.37792732788324185,2
P7-O1,2,transicion,27.5,0.3387588832455585,2
P7-O1,2,transicion,28.0,0.25175932303533155,2
P7-O1,2,transicion,28.5,0.07731496430559706,2
P7-O1,2,transicion,29.0,0.09508052591180209,2
P7-O1,2,transicion,29.5,0.21986728693785695,2
P7-O1,2,transicion,30.0,0.5521687017597641,2
P7-O1,2,transicion,30.5,0.10574801560001852,2
P7-O1,2,transicion,31.0,0.12397863374892013,2
P7-O1,2,transicion,31.5,4.60816832309393,2
P7-O1,2,transicion,32.0,20.954831151549843,2
P7-O1,2,transicion,32.5,5.862903283753189,2
P7-O1,2,transicion,33.0,0.5718677380972587,2
P7-O1,2,transicion,33.5,0.6944755831249625,2
P7-O1,2,transicion,34.0,0.203600788001468,2
P7-O1,2,transicion,34.5,0.03758903373537892,2
P7-O1,2,transicion,35.0,0.09698633119921456,2
P7-O1,2,transicion,35.5,0.1465749167326283,2
P7-O1,2,transicion,36.0,0.09990654018394407,2
P7-O1,2,transicion,36.5,0.09661962516258848,2
P7-O1,2,transicion,37.0,0.07022762913364175,2
P7-O1,2,transicion,37.5,0.05883320734226939,2
P7-O1,2,transicion,38.0,0.05279855577251634,2
P7-O1,2,transicion,38.5,0.012523677806410555,2
P7-O1,2,transicion,39.0,0.0506820884570286,2
P7-O1,2,transicion,39.5,0.011476217656684783,2
P7-O1,2,transicion,40.0,0.039403062286984,2
P7-O1,4,ictal,0.5,264.917958561558,19
P7-O1,4,ictal,1.0,716.3510127901956,19
P7-O1,4,ictal,1.5,789.8492172653454,19
P7-O1,4,ictal,2.0,362.3878545216817,19
P7-O1,4,ictal,2.5,264.6218278198891,19
P7-O1,4,ictal,3.0,297.823729895825,19
P7-O1,4,ictal,3.5,154.9106149782823,19
P7-O1,4,ictal,4.0,148.65669646607395,19
P7-O1,4,ictal,4.5,124.68711314438677,19
P7-O1,4,ictal,5.0,68.98020823935053,19
P7-O1,4,ictal,5.5,82.0419762444633,19
P7-O1,4,ictal,6.0,90.6182253298142,19
P7-O1,4,ictal,6.5,75.96957274842869,19
P7-O1,4,ictal,7.0,31.127683007626786,19
P7-O1,4,ictal,7.5,15.620338551098683,19
P7-O1,4,ictal,8.0,13.993321356228646,19
P7-O1,4,ictal,8.5,10.50532331606805,19
P7-O1,4,ictal,9.0,14.919863238847727,19
P7-O1,4,ictal,9.5,11.804396673536859,19
P7-O1,4,ictal,10.0,7.61198555207046,19
P7-O1,4,ictal,10.5,6.683299236601052,19
P7-O1,4,ictal,11.0,6.371396667639367,19
P7-O1,4,ictal,11.5,7.166104564430657,19
P7-O1,4,ictal,12.0,4.707858194717809,19
P7-O1,4,ictal,12.5,3.344211452713665,19
P7-O1,4,ictal,13.0,3.8702582152613587,19
P7-O1,4,ictal,13.5,3.2351592007700005,19
P7-O1,4,ictal,14.0,2.607576883472793,19
P7-O1,4,ictal,14.5,2.199471282098821,19
P7-O1,4,ictal,15.0,1.9562469615387759,19
P7-O1,4,ictal,15.5,2.824305397183879,19
P7-O1,4,ictal,16.0,4.24086327125334,19
P7-O1,4,ictal,16.5,3.3355807217151976,19
P7-O1,4,ictal,17.0,1.0130471118276525,19
P7-O1,4,ictal,17.5,1.186836149692303,19
P7-O1,4,ictal,18.0,1.2518468353254533,19
P7-O1,4,ictal,18.5,0.9205966467906631,19
P7-O1,4,ictal,19.0,1.0436176286594427,19
P7-O1,4,ictal,19.5,1.5104968455965924,19
P7-O1,4,ictal,20.0,0.7857826717363561,19
P7-O1,4,ictal,20.5,0.77563238536629,19
P7-O1,4,ictal,21.0,0.840309872456125,19
P7-O1,4,ictal,21.5,0.6869282706183159,19
P7-O1,4,ictal,22.0,0.9970920606684887,19
P7-O1,4,ictal,22.5,0.8346035386627556,19
P7-O1,4,ictal,23.0,0.7414990515921319,19
P7-O1,4,ictal,23.5,0.644882673343142,19
P7-O1,4,ictal,24.0,0.6057861840239246,19
P7-O1,4,ictal,24.5,0.6248240986990574,19
P7-O1,4,ictal,25.0,0.5257507070104835,19
P7-O1,4,ictal,25.5,0.7292692455707351,19
P7-O1,4,ictal,26.0,0.702968264901599,19
P7-O1,4,ictal,26.5,0.6294564432013933,19
P7-O1,4,ictal,27.0,0.5940647677398826,19
P7-O1,4,ictal,27.5,0.5795057476355998,19
P7-O1,4,ictal,28.0,0.5059410831518987,19
P7-O1,4,ictal,28.5,0.4277952746362282,19
P7-O1,4,ictal,29.0,0.5601813785929463,19
P7-O1,4,ictal,29.5,0.43254659969015563,19
P7-O1,4,ictal,30.0,0.5283050449004195,19
P7-O1,4,ictal,30.5,0.49057598882894315,19
P7-O1,4,ictal,31.0,0.5282602182692832,19
P7-O1,4,ictal,31.5,1.6348380204291824,19
P7-O1,4,ictal,32.0,4.606615502298399,19
P7-O1,4,ictal,32.5,1.5021336889084405,19
P7-O1,4,ictal,33.0,0.25793409485041857,19
P7-O1,4,ictal,33.5,0.1637511142289875,19
P7-O1,4,ictal,34.0,0.2065468900834236,19
P7-O1,4,ictal,34.5,0.33033658903540025,19
P7-O1,4,ictal,35.0,0.23854284909270962,19
P7-O1,4,ictal,35.5,0.23385719489758683,19
P7-O1,4,ictal,36.0,0.279523433481591,19
P7-O1,4,ictal,36.5,0.15684817245915322,19
P7-O1,4,ictal,37.0,0.12470468936031988,19
P7-O1,4,ictal,37.5,0.20026541202158976,19
P7-O1,4,ictal,38.0,0.17864478351658386,19
P7-O1,4,ictal,38.5,0.15449290673487856,19
P7-O1,4,ictal,39.0,0.13568349650825376,19
P7-O1,4,ictal,39.5,0.09374565313105392,19
P7-O1,4,ictal,40.0,0.09718834071135772,19
P7-O1,4,sin_crisis_anotada,0.5,40.1420869100253,118
P7-O1,4,sin_crisis_anotada,1.0,102.91030186835297,118
P7-O1,4,sin_crisis_anotada,1.5,120.96733064044817,118
P7-O1,4,sin_crisis_anotada,2.0,67.90321033467092,118
P7-O1,4,sin_crisis_anotada,2.5,58.53377243802433,118
P7-O1,4,sin_crisis_anotada,3.0,44.652008470824555,118
P7-O1,4,sin_crisis_anotada,3.5,37.58531758904001,118
P7-O1,4,sin_crisis_anotada,4.0,23.182880547864418,118
P7-O1,4,sin_crisis_anotada,4.5,22.69515779396624,118
P7-O1,4,sin_crisis_anotada,5.0,21.686420696520052,118
P7-O1,4,sin_crisis_anotada,5.5,18.66731159874113,118
P7-O1,4,sin_crisis_anotada,6.0,18.958100109490218,118
P7-O1,4,sin_crisis_anotada,6.5,17.894754398779636,118
P7-O1,4,sin_crisis_anotada,7.0,15.857571696510389,118
P7-O1,4,sin_crisis_anotada,7.5,16.47754033669097,118
P7-O1,4,sin_crisis_anotada,8.0,12.116164769348618,118
P7-O1,4,sin_crisis_anotada,8.5,10.965788507193302,118
P7-O1,4,sin_crisis_anotada,9.0,9.703364538598468,118
P7-O1,4,sin_crisis_anotada,9.5,8.178898912389045,118
P7-O1,4,sin_crisis_anotada,10.0,6.403042964601916,118
P7-O1,4,sin_crisis_anotada,10.5,5.107675835834281,118
P7-O1,4,sin_crisis_anotada,11.0,4.87713356714725,118
P7-O1,4,sin_crisis_anotada,11.5,3.478506623202519,118
P7-O1,4,sin_crisis_anotada,12.0,3.3977490241276285,118
P7-O1,4,sin_crisis_anotada,12.5,3.3532469123108912,118
P7-O1,4,sin_crisis_anotada,13.0,3.985943797902671,118
P7-O1,4,sin_crisis_anotada,13.5,2.727194810309839,118
P7-O1,4,sin_crisis_anotada,14.0,1.9377647892509149,118
P7-O1,4,sin_crisis_anotada,14.5,1.4171904975193703,118
P7-O1,4,sin_crisis_anotada,15.0,1.2452661298283187,118
P7-O1,4,sin_crisis_anotada,15.5,3.6557823118281534,118
P7-O1,4,sin_crisis_anotada,16.0,12.235274434528133,118
P7-O1,4,sin_crisis_anotada,16.5,4.855054565153411,118
P7-O1,4,sin_crisis_anotada,17.0,0.7607262336617863,118
P7-O1,4,sin_crisis_anotada,17.5,0.48899606661332096,118
P7-O1,4,sin_crisis_anotada,18.0,0.4475500854524661,118
P7-O1,4,sin_crisis_anotada,18.5,0.4279793849683451,118
P7-O1,4,sin_crisis_anotada,19.0,0.43703832203235293,118
P7-O1,4,sin_crisis_anotada,19.5,0.3855164482688101,118
P7-O1,4,sin_crisis_anotada,20.0,0.41988616340745133,118
P7-O1,4,sin_crisis_anotada,20.5,0.3682176059591811,118
P7-O1,4,sin_crisis_anotada,21.0,0.2944972707918733,118
P7-O1,4,sin_crisis_anotada,21.5,0.31267490377460405,118
P7-O1,4,sin_crisis_anotada,22.0,0.3223248035795604,118
P7-O1,4,sin_crisis_anotada,22.5,0.3446985787107636,118
P7-O1,4,sin_crisis_anotada,23.0,0.29195323613243296,118
P7-O1,4,sin_crisis_anotada,23.5,0.2824272844436361,118
P7-O1,4,sin_crisis_anotada,24.0,0.3145623368233794,118
P7-O1,4,sin_crisis_anotada,24.5,0.2831416461234055,118
P7-O1,4,sin_crisis_anotada,25.0,0.25292261857530834,118
P7-O1,4,sin_crisis_anotada,25.5,0.25830339833121996,118
P7-O1,4,sin_crisis_anotada,26.0,0.2243802164355007,118
P7-O1,4,sin_crisis_anotada,26.5,0.19934605505003197,118
P7-O1,4,sin_crisis_anotada,27.0,0.19087816944866104,118
P7-O1,4,sin_crisis_anotada,27.5,0.20569710531627605,118
P7-O1,4,sin_crisis_anotada,28.0,0.22380686738981354,118
P7-O1,4,sin_crisis_anotada,28.5,0.17347541842579267,118
P7-O1,4,sin_crisis_anotada,29.0,0.16091068247201046,118
P7-O1,4,sin_crisis_anotada,29.5,0.12518415385233175,118
P7-O1,4,sin_crisis_anotada,30.0,0.11529087288387116,118
P7-O1,4,sin_crisis_anotada,30.5,0.12271068669661986,118
P7-O1,4,sin_crisis_anotada,31.0,0.11983521404675286,118
P7-O1,4,sin_crisis_anotada,31.5,4.070151918299993,118
P7-O1,4,sin_crisis_anotada,32.0,18.29578294771982,118
P7-O1,4,sin_crisis_anotada,32.5,4.129141979842759,118
P7-O1,4,sin_crisis_anotada,33.0,0.10810898029434562,118
P7-O1,4,sin_crisis_anotada,33.5,0.09677319165075696,118
P7-O1,4,sin_crisis_anotada,34.0,0.08758491916497452,118
P7-O1,4,sin_crisis_anotada,34.5,0.07679520000225429,118
P7-O1,4,sin_crisis_anotada,35.0,0.05912288024302767,118
P7-O1,4,sin_crisis_anotada,35.5,0.060948865267665873,118
P7-O1,4,sin_crisis_anotada,36.0,0.06038077788811033,118
P7-O1,4,sin_crisis_anotada,36.5,0.053099561019039676,118
P7-O1,4,sin_crisis_anotada,37.0,0.04345081798605717,118
P7-O1,4,sin_crisis_anotada,37.5,0.03680888628581132,118
P7-O1,4,sin_crisis_anotada,38.0,0.03032030960369097,118
P7-O1,4,sin_crisis_anotada,38.5,0.03277534774336234,118
P7-O1,4,sin_crisis_anotada,39.0,0.03105663902899647,118
P7-O1,4,sin_crisis_anotada,39.5,0.03112168000839062,118
P7-O1,4,sin_crisis_anotada,40.0,0.02737046458052579,118
P7-O1,4,transicion,0.5,590.2816351522587,2
P7-O1,4,transicion,1.0,1422.721772566034,2
P7-O1,4,transicion,1.5,1024.47551515245,2
P7-O1,4,transicion,2.0,388.2986270335161,2
P7-O1,4,transicion,2.5,119.60474871453357,2
P7-O1,4,transicion,3.0,87.20409712721508,2
P7-O1,4,transicion,3.5,90.4786236743637,2
P7-O1,4,transicion,4.0,57.9875450980726,2
P7-O1,4,transicion,4.5,17.059572211198272,2
P7-O1,4,transicion,5.0,11.854063341525526,2
P7-O1,4,transicion,5.5,38.163579241070536,2
P7-O1,4,transicion,6.0,44.23410432835421,2
P7-O1,4,transicion,6.5,24.574339800689337,2
P7-O1,4,transicion,7.0,12.206619883248726,2
P7-O1,4,transicion,7.5,7.707990337295829,2
P7-O1,4,transicion,8.0,5.561867350411724,2
P7-O1,4,transicion,8.5,9.911922544392791,2
P7-O1,4,transicion,9.0,13.171601167050127,2
P7-O1,4,transicion,9.5,13.153424784547651,2
P7-O1,4,transicion,10.0,9.041277080729133,2
P7-O1,4,transicion,10.5,5.080659794846839,2
P7-O1,4,transicion,11.0,8.219471134797097,2
P7-O1,4,transicion,11.5,9.438642910123349,2
P7-O1,4,transicion,12.0,6.32242537926836,2
P7-O1,4,transicion,12.5,2.8461149519011295,2
P7-O1,4,transicion,13.0,5.04297470161449,2
P7-O1,4,transicion,13.5,2.709496456765235,2
P7-O1,4,transicion,14.0,2.629374619472232,2
P7-O1,4,transicion,14.5,3.455604152839297,2
P7-O1,4,transicion,15.0,1.5610425868289026,2
P7-O1,4,transicion,15.5,5.156783966925862,2
P7-O1,4,transicion,16.0,19.685089511724524,2
P7-O1,4,transicion,16.5,6.913747974111833,2
P7-O1,4,transicion,17.0,1.034981139670605,2
P7-O1,4,transicion,17.5,0.5757266841026577,2
P7-O1,4,transicion,18.0,0.9627383623078946,2
P7-O1,4,transicion,18.5,0.8535318803955192,2
P7-O1,4,transicion,19.0,0.9992851445639777,2
P7-O1,4,transicion,19.5,0.5689916554524583,2
P7-O1,4,transicion,20.0,0.539403714326233,2
P7-O1,4,transicion,20.5,0.6442989562581859,2
P7-O1,4,transicion,21.0,0.5295379026234173,2
P7-O1,4,transicion,21.5,0.454076423505373,2
P7-O1,4,transicion,22.0,0.6030149199339829,2
P7-O1,4,transicion,22.5,0.8536330230853344,2
P7-O1,4,transicion,23.0,0.43992598653409637,2
P7-O1,4,transicion,23.5,0.3325367970813484,2
P7-O1,4,transicion,24.0,0.29432004574470494,2
P7-O1,4,transicion,24.5,0.4140422789741256,2
P7-O1,4,transicion,25.0,0.26563418898124486,2
P7-O1,4,transicion,25.5,0.45816759337278634,2
P7-O1,4,transicion,26.0,0.7028116965999017,2
P7-O1,4,transicion,26.5,0.5780851003625092,2
P7-O1,4,transicion,27.0,0.5457199431380948,2
P7-O1,4,transicion,27.5,0.4852092716523297,2
P7-O1,4,transicion,28.0,0.3699236801507593,2
P7-O1,4,transicion,28.5,0.29675752013972057,2
P7-O1,4,transicion,29.0,0.28553424968221686,2
P7-O1,4,transicion,29.5,0.12967659055649913,2
P7-O1,4,transicion,30.0,0.291241860905961,2
P7-O1,4,transicion,30.5,0.20368507516305123,2
P7-O1,4,transicion,31.0,0.183140829431576,2
P7-O1,4,transicion,31.5,5.417331252358013,2
P7-O1,4,transicion,32.0,19.854112159626023,2
P7-O1,4,transicion,32.5,4.892705598709075,2
P7-O1,4,transicion,33.0,0.389994242859718,2
P7-O1,4,transicion,33.5,0.4587899312924791,2
P7-O1,4,transicion,34.0,0.2673490046143824,2
P7-O1,4,transicion,34.5,0.15980639139155317,2
P7-O1,4,transicion,35.0,0.09233427428928545,2
P7-O1,4,transicion,35.5,0.15982199165105226,2
P7-O1,4,transicion,36.0,0.0925299669668136,2
P7-O1,4,transicion,36.5,0.06347061101324115,2
P7-O1,4,transicion,37.0,0.05498239551767997,2
P7-O1,4,transicion,37.5,0.0721133213956372,2
P7-O1,4,transicion,38.0,0.08036530492707786,2
P7-O1,4,transicion,38.5,0.13471838715577028,2
P7-O1,4,transicion,39.0,0.20659040770381756,2
P7-O1,4,transicion,39.5,0.10449490947177628,2
P7-O1,4,transicion,40.0,0.037769558816402746,2
P7-O1,8,ictal,0.5,260.70702148097433,9
P7-O1,8,ictal,1.0,893.8111576434761,9
P7-O1,8,ictal,1.5,852.4129143085369,9
P7-O1,8,ictal,2.0,394.47521717879016,9
P7-O1,8,ictal,2.5,280.8770460850953,9
P7-O1,8,ictal,3.0,308.3061474995182,9
P7-O1,8,ictal,3.5,197.22706177900204,9
P7-O1,8,ictal,4.0,163.57485469463967,9
P7-O1,8,ictal,4.5,121.02509781028304,9
P7-O1,8,ictal,5.0,86.15009788563923,9
P7-O1,8,ictal,5.5,84.03586248107607,9
P7-O1,8,ictal,6.0,93.32468431670861,9
P7-O1,8,ictal,6.5,82.38239851638869,9
P7-O1,8,ictal,7.0,37.3005314011029,9
P7-O1,8,ictal,7.5,21.20559287288026,9
P7-O1,8,ictal,8.0,14.647966889016743,9
P7-O1,8,ictal,8.5,12.488365981854079,9
P7-O1,8,ictal,9.0,15.99940962485357,9
P7-O1,8,ictal,9.5,11.036951113603001,9
P7-O1,8,ictal,10.0,8.31646108731882,9
P7-O1,8,ictal,10.5,8.08567430895033,9
P7-O1,8,ictal,11.0,6.960241757624067,9
P7-O1,8,ictal,11.5,7.714259832602259,9
P7-O1,8,ictal,12.0,4.726954121955701,9
P7-O1,8,ictal,12.5,2.781247807066513,9
P7-O1,8,ictal,13.0,3.8040897994102307,9
P7-O1,8,ictal,13.5,2.296226993228902,9
P7-O1,8,ictal,14.0,2.358128424462077,9
P7-O1,8,ictal,14.5,2.3073099845651894,9
P7-O1,8,ictal,15.0,1.805284993407863,9
P7-O1,8,ictal,15.5,4.084005210689072,9
P7-O1,8,ictal,16.0,7.197246379433127,9
P7-O1,8,ictal,16.5,3.156273658255475,9
P7-O1,8,ictal,17.0,1.2910092362539791,9
P7-O1,8,ictal,17.5,1.6449790004739444,9
P7-O1,8,ictal,18.0,1.3407960834442607,9
P7-O1,8,ictal,18.5,1.1710581045241402,9
P7-O1,8,ictal,19.0,1.25202400198912,9
P7-O1,8,ictal,19.5,1.86337567090198,9
P7-O1,8,ictal,20.0,0.766111922534261,9
P7-O1,8,ictal,20.5,0.9552809898497386,9
P7-O1,8,ictal,21.0,0.8877974259014625,9
P7-O1,8,ictal,21.5,1.0334414552772535,9
P7-O1,8,ictal,22.0,0.9889973925397065,9
P7-O1,8,ictal,22.5,1.1800033064671338,9
P7-O1,8,ictal,23.0,0.9489922727029256,9
P7-O1,8,ictal,23.5,0.66404774938016,9
P7-O1,8,ictal,24.0,0.8943621143729311,9
P7-O1,8,ictal,24.5,0.8572775633269077,9
P7-O1,8,ictal,25.0,0.6588994864903002,9
P7-O1,8,ictal,25.5,0.8634184604121538,9
P7-O1,8,ictal,26.0,0.8711285768574637,9
P7-O1,8,ictal,26.5,0.6975075536259895,9
P7-O1,8,ictal,27.0,0.8228933915149061,9
P7-O1,8,ictal,27.5,0.8763710904292935,9
P7-O1,8,ictal,28.0,0.5779334865664395,9
P7-O1,8,ictal,28.5,0.42061634143637583,9
P7-O1,8,ictal,29.0,0.4929921081314146,9
P7-O1,8,ictal,29.5,0.40171035897543383,9
P7-O1,8,ictal,30.0,0.5148285018345004,9
P7-O1,8,ictal,30.5,0.48842012992585043,9
P7-O1,8,ictal,31.0,0.523645958883569,9
P7-O1,8,ictal,31.5,1.6414238778755228,9
P7-O1,8,ictal,32.0,4.753458389700706,9
P7-O1,8,ictal,32.5,1.5065622831129486,9
P7-O1,8,ictal,33.0,0.3172950182583623,9
P7-O1,8,ictal,33.5,0.29195902882324176,9
P7-O1,8,ictal,34.0,0.3230985613691136,9
P7-O1,8,ictal,34.5,0.325199516010184,9
P7-O1,8,ictal,35.0,0.33383630558378397,9
P7-O1,8,ictal,35.5,0.339811801145801,9
P7-O1,8,ictal,36.0,0.34038094757934306,9
P7-O1,8,ictal,36.5,0.2206910146767084,9
P7-O1,8,ictal,37.0,0.1572856462715655,9
P7-O1,8,ictal,37.5,0.2674169959794489,9
P7-O1,8,ictal,38.0,0.2253525452935682,9
P7-O1,8,ictal,38.5,0.2644223866285932,9
P7-O1,8,ictal,39.0,0.1611623209175428,9
P7-O1,8,ictal,39.5,0.1007963993295794,9
P7-O1,8,ictal,40.0,0.081811887102258,9
P7-O1,8,sin_crisis_anotada,0.5,41.43907930385954,58
P7-O1,8,sin_crisis_anotada,1.0,103.42136353761158,58
P7-O1,8,sin_crisis_anotada,1.5,128.06456556422808,58
P7-O1,8,sin_crisis_anotada,2.0,72.07840106554309,58
P7-O1,8,sin_crisis_anotada,2.5,53.232919314652406,58
P7-O1,8,sin_crisis_anotada,3.0,39.688935434003824,58
P7-O1,8,sin_crisis_anotada,3.5,38.47813414034926,58
P7-O1,8,sin_crisis_anotada,4.0,27.240561916703648,58
P7-O1,8,sin_crisis_anotada,4.5,26.898875217084136,58
P7-O1,8,sin_crisis_anotada,5.0,25.561389456857384,58
P7-O1,8,sin_crisis_anotada,5.5,21.032530321751178,58
P7-O1,8,sin_crisis_anotada,6.0,20.440542166194014,58
P7-O1,8,sin_crisis_anotada,6.5,20.521426210380255,58
P7-O1,8,sin_crisis_anotada,7.0,17.155373909656436,58
P7-O1,8,sin_crisis_anotada,7.5,17.05784477014812,58
P7-O1,8,sin_crisis_anotada,8.0,12.36537168257124,58
P7-O1,8,sin_crisis_anotada,8.5,11.22548089212052,58
P7-O1,8,sin_crisis_anotada,9.0,10.554995911636968,58
P7-O1,8,sin_crisis_anotada,9.5,8.90862916067637,58
P7-O1,8,sin_crisis_anotada,10.0,7.593773939860693,58
P7-O1,8,sin_crisis_anotada,10.5,5.585936188484689,58
P7-O1,8,sin_crisis_anotada,11.0,5.132376740757509,58
P7-O1,8,sin_crisis_anotada,11.5,5.0418377048046885,58
P7-O1,8,sin_crisis_anotada,12.0,4.055044617133962,58
P7-O1,8,sin_crisis_anotada,12.5,4.048011139562989,58
P7-O1,8,sin_crisis_anotada,13.0,4.73893536806683,58
P7-O1,8,sin_crisis_anotada,13.5,3.4630297628951228,58
P7-O1,8,sin_crisis_anotada,14.0,2.1860251088669305,58
P7-O1,8,sin_crisis_anotada,14.5,1.3683101382445524,58
P7-O1,8,sin_crisis_anotada,15.0,1.2141626443536246,58
P7-O1,8,sin_crisis_anotada,15.5,4.512760036970344,58
P7-O1,8,sin_crisis_anotada,16.0,15.82672023408037,58
P7-O1,8,sin_crisis_anotada,16.5,4.985417098800428,58
P7-O1,8,sin_crisis_anotada,17.0,0.7987052651324149,58
P7-O1,8,sin_crisis_anotada,17.5,0.5376709021087702,58
P7-O1,8,sin_crisis_anotada,18.0,0.4661018545671345,58
P7-O1,8,sin_crisis_anotada,18.5,0.5539041594304623,58
P7-O1,8,sin_crisis_anotada,19.0,0.5196740481160349,58
P7-O1,8,sin_crisis_anotada,19.5,0.41107318750106486,58
P7-O1,8,sin_crisis_anotada,20.0,0.4356302820957122,58
P7-O1,8,sin_crisis_anotada,20.5,0.39065306517017256,58
P7-O1,8,sin_crisis_anotada,21.0,0.2886710067505075,58
P7-O1,8,sin_crisis_anotada,21.5,0.3432843383924341,58
P7-O1,8,sin_crisis_anotada,22.0,0.3335222457499807,58
P7-O1,8,sin_crisis_anotada,22.5,0.3303632934767698,58
P7-O1,8,sin_crisis_anotada,23.0,0.30337312412540884,58
P7-O1,8,sin_crisis_anotada,23.5,0.3150954909613154,58
P7-O1,8,sin_crisis_anotada,24.0,0.3296948972438292,58
P7-O1,8,sin_crisis_anotada,24.5,0.34734441559913287,58
P7-O1,8,sin_crisis_anotada,25.0,0.31049584627938964,58
P7-O1,8,sin_crisis_anotada,25.5,0.2740464712473189,58
P7-O1,8,sin_crisis_anotada,26.0,0.24599381663340963,58
P7-O1,8,sin_crisis_anotada,26.5,0.21087253254649882,58
P7-O1,8,sin_crisis_anotada,27.0,0.19420611982485864,58
P7-O1,8,sin_crisis_anotada,27.5,0.19936195379054467,58
P7-O1,8,sin_crisis_anotada,28.0,0.25781716575345925,58
P7-O1,8,sin_crisis_anotada,28.5,0.22850267888767392,58
P7-O1,8,sin_crisis_anotada,29.0,0.17457151510434016,58
P7-O1,8,sin_crisis_anotada,29.5,0.14055258430955228,58
P7-O1,8,sin_crisis_anotada,30.0,0.12165653824447366,58
P7-O1,8,sin_crisis_anotada,30.5,0.12484684593552642,58
P7-O1,8,sin_crisis_anotada,31.0,0.12381245847034196,58
P7-O1,8,sin_crisis_anotada,31.5,4.697679691704184,58
P7-O1,8,sin_crisis_anotada,32.0,18.9436653494045,58
P7-O1,8,sin_crisis_anotada,32.5,4.674638757972327,58
P7-O1,8,sin_crisis_anotada,33.0,0.12724066914606136,58
P7-O1,8,sin_crisis_anotada,33.5,0.10021193851905838,58
P7-O1,8,sin_crisis_anotada,34.0,0.08210699098154745,58
P7-O1,8,sin_crisis_anotada,34.5,0.08667588142599442,58
P7-O1,8,sin_crisis_anotada,35.0,0.06555507703147634,58
P7-O1,8,sin_crisis_anotada,35.5,0.06407193034971179,58
P7-O1,8,sin_crisis_anotada,36.0,0.05726415499052241,58
P7-O1,8,sin_crisis_anotada,36.5,0.05805860540738328,58
P7-O1,8,sin_crisis_anotada,37.0,0.051803662597559266,58
P7-O1,8,sin_crisis_anotada,37.5,0.042492807718647156,58
P7-O1,8,sin_crisis_anotada,38.0,0.03590839694248428,58
P7-O1,8,sin_crisis_anotada,38.5,0.03368686012999872,58
P7-O1,8,sin_crisis_anotada,39.0,0.0330461596708502,58
P7-O1,8,sin_crisis_anotada,39.5,0.03662194590942168,58
P7-O1,8,sin_crisis_anotada,40.0,0.03243893970903439,58
P7-O1,8,transicion,0.5,547.408598621489,2
P7-O1,8,transicion,1.0,887.9946770593376,2
P7-O1,8,transicion,1.5,625.9239902863097,2
P7-O1,8,transicion,2.0,380.1604248017616,2
P7-O1,8,transicion,2.5,271.199908827085,2
P7-O1,8,transicion,3.0,119.50468109945436,2
P7-O1,8,transicion,3.5,67.73062348973356,2
P7-O1,8,transicion,4.0,52.7166098652904,2
P7-O1,8,transicion,4.5,16.012611186608062,2
P7-O1,8,transicion,5.0,10.071000263150983,2
P7-O1,8,transicion,5.5,25.079666824889753,2
P7-O1,8,transicion,6.0,25.494178001788466,2
P7-O1,8,transicion,6.5,15.611011798611713,2
P7-O1,8,transicion,7.0,12.980116286114406,2
P7-O1,8,transicion,7.5,10.115216820545909,2
P7-O1,8,transicion,8.0,10.857731698296067,2
P7-O1,8,transicion,8.5,9.487387819435039,2
P7-O1,8,transicion,9.0,11.474718689698271,2
P7-O1,8,transicion,9.5,11.736813395038622,2
P7-O1,8,transicion,10.0,6.593956752441512,2
P7-O1,8,transicion,10.5,6.395860845217416,2
P7-O1,8,transicion,11.0,8.381259329929755,2
P7-O1,8,transicion,11.5,9.632824506413238,2
P7-O1,8,transicion,12.0,6.3683563764936055,2
P7-O1,8,transicion,12.5,2.885998480890751,2
P7-O1,8,transicion,13.0,4.107482632896383,2
P7-O1,8,transicion,13.5,2.7806996174337364,2
P7-O1,8,transicion,14.0,2.0978985968146326,2
P7-O1,8,transicion,14.5,1.9568338181449703,2
P7-O1,8,transicion,15.0,1.4288322626676238,2
P7-O1,8,transicion,15.5,4.356712790404381,2
P7-O1,8,transicion,16.0,17.30924678245695,2
P7-O1,8,transicion,16.5,5.973681739086307,2
P7-O1,8,transicion,17.0,0.7621866244925468,2
P7-O1,8,transicion,17.5,0.5075197826676546,2
P7-O1,8,transicion,18.0,0.7579959599297978,2
P7-O1,8,transicion,18.5,0.663102715429356,2
P7-O1,8,transicion,19.0,0.7493834800091179,2
P7-O1,8,transicion,19.5,0.867544222232201,2
P7-O1,8,transicion,20.0,0.5652790809806235,2
P7-O1,8,transicion,20.5,0.6228418815486905,2
P7-O1,8,transicion,21.0,0.7086285480415773,2
P7-O1,8,transicion,21.5,0.506457437278808,2
P7-O1,8,transicion,22.0,0.6287469557629377,2
P7-O1,8,transicion,22.5,0.6243478828391794,2
P7-O1,8,transicion,23.0,0.35058779672832974,2
P7-O1,8,transicion,23.5,0.40189959055342905,2
P7-O1,8,transicion,24.0,0.3465279045878299,2
P7-O1,8,transicion,24.5,0.3328000986980036,2
P7-O1,8,transicion,25.0,0.3082989035688878,2
P7-O1,8,transicion,25.5,0.44915689987443397,2
P7-O1,8,transicion,26.0,0.4987644643372897,2
P7-O1,8,transicion,26.5,0.3984540159040434,2
P7-O1,8,transicion,27.0,0.4173634250905235,2
P7-O1,8,transicion,27.5,0.32626896337930367,2
P7-O1,8,transicion,28.0,0.2615023272119539,2
P7-O1,8,transicion,28.5,0.22321393934923867,2
P7-O1,8,transicion,29.0,0.2536414670925531,2
P7-O1,8,transicion,29.5,0.14155276024961733,2
P7-O1,8,transicion,30.0,0.226947710802684,2
P7-O1,8,transicion,30.5,0.20930185702042906,2
P7-O1,8,transicion,31.0,0.12998270096870468,2
P7-O1,8,transicion,31.5,5.173532411877726,2
P7-O1,8,transicion,32.0,20.0880006856194,2
P7-O1,8,transicion,32.5,5.207428162060896,2
P7-O1,8,transicion,33.0,0.22144216165427763,2
P7-O1,8,transicion,33.5,0.288330166541822,2
P7-O1,8,transicion,34.0,0.19574788955200342,2
P7-O1,8,transicion,34.5,0.13185944694389967,2
P7-O1,8,transicion,35.0,0.11263940418312962,2
P7-O1,8,transicion,35.5,0.11005006271361756,2
P7-O1,8,transicion,36.0,0.09820577683002665,2
P7-O1,8,transicion,36.5,0.0687909906362334,2
P7-O1,8,transicion,37.0,0.04733222324158544,2
P7-O1,8,transicion,37.5,0.054745145753321664,2
P7-O1,8,transicion,38.0,0.04522117910323178,2
P7-O1,8,transicion,38.5,0.07673869141207254,2
P7-O1,8,transicion,39.0,0.10391392403547804,2
P7-O1,8,transicion,39.5,0.06485415899635562,2
P7-O1,8,transicion,40.0,0.06317420348730449,2
P8-O2,2,ictal,0.5,639.9704125966201,39
P8-O2,2,ictal,1.0,1202.4373146231299,39
P8-O2,2,ictal,1.5,1702.7616084657948,39
P8-O2,2,ictal,2.0,1187.1596782932565,39
P8-O2,2,ictal,2.5,913.3503906558649,39
P8-O2,2,ictal,3.0,1027.5047744655574,39
P8-O2,2,ictal,3.5,364.03266005688505,39
P8-O2,2,ictal,4.0,170.1332357287348,39
P8-O2,2,ictal,4.5,142.99426060108144,39
P8-O2,2,ictal,5.0,171.16995434610436,39
P8-O2,2,ictal,5.5,178.34004642933414,39
P8-O2,2,ictal,6.0,157.92238536849436,39
P8-O2,2,ictal,6.5,124.66052477859851,39
P8-O2,2,ictal,7.0,64.45009429882823,39
P8-O2,2,ictal,7.5,48.53305946265961,39
P8-O2,2,ictal,8.0,44.69121826009882,39
P8-O2,2,ictal,8.5,31.46640950725635,39
P8-O2,2,ictal,9.0,35.87890181263645,39
P8-O2,2,ictal,9.5,19.05258462273882,39
P8-O2,2,ictal,10.0,15.46376157775491,39
P8-O2,2,ictal,10.5,9.983127459176444,39
P8-O2,2,ictal,11.0,9.541387594133397,39
P8-O2,2,ictal,11.5,7.592701455880433,39
P8-O2,2,ictal,12.0,8.934603982659652,39
P8-O2,2,ictal,12.5,6.132349117637716,39
P8-O2,2,ictal,13.0,4.2710810704655415,39
P8-O2,2,ictal,13.5,6.69122501435549,39
P8-O2,2,ictal,14.0,6.498857710266506,39
P8-O2,2,ictal,14.5,3.70140041627789,39
P8-O2,2,ictal,15.0,2.457331443576913,39
P8-O2,2,ictal,15.5,8.84723536808916,39
P8-O2,2,ictal,16.0,28.636216678686885,39
P8-O2,2,ictal,16.5,8.858053154650499,39
P8-O2,2,ictal,17.0,2.395771249693785,39
P8-O2,2,ictal,17.5,2.270004707015093,39
P8-O2,2,ictal,18.0,2.6679617256647883,39
P8-O2,2,ictal,18.5,1.478178138527206,39
P8-O2,2,ictal,19.0,1.6096679885114502,39
P8-O2,2,ictal,19.5,1.844792312296484,39
P8-O2,2,ictal,20.0,2.5990045787365412,39
P8-O2,2,ictal,20.5,2.549532094313051,39
P8-O2,2,ictal,21.0,1.591453071761347,39
P8-O2,2,ictal,21.5,1.6966797110716323,39
P8-O2,2,ictal,22.0,1.9164799226462288,39
P8-O2,2,ictal,22.5,2.4323076373623906,39
P8-O2,2,ictal,23.0,0.8886669050967311,39
P8-O2,2,ictal,23.5,1.413311420290897,39
P8-O2,2,ictal,24.0,1.993818555275308,39
P8-O2,2,ictal,24.5,2.0370575308836716,39
P8-O2,2,ictal,25.0,1.8675189814664876,39
P8-O2,2,ictal,25.5,1.8121988147699233,39
P8-O2,2,ictal,26.0,1.8430090652298765,39
P8-O2,2,ictal,26.5,1.2009237383248914,39
P8-O2,2,ictal,27.0,1.4638978256103696,39
P8-O2,2,ictal,27.5,1.5632058621446427,39
P8-O2,2,ictal,28.0,2.694252831473336,39
P8-O2,2,ictal,28.5,1.5021341575386893,39
P8-O2,2,ictal,29.0,0.9282342168032746,39
P8-O2,2,ictal,29.5,0.9730195618905808,39
P8-O2,2,ictal,30.0,1.8536708580997192,39
P8-O2,2,ictal,30.5,1.3380433689429252,39
P8-O2,2,ictal,31.0,1.0324021699627988,39
P8-O2,2,ictal,31.5,6.13329031698172,39
P8-O2,2,ictal,32.0,17.953953967456144,39
P8-O2,2,ictal,32.5,6.169259828138027,39
P8-O2,2,ictal,33.0,1.3277524751285275,39
P8-O2,2,ictal,33.5,1.0245080098233663,39
P8-O2,2,ictal,34.0,0.6915503425762489,39
P8-O2,2,ictal,34.5,0.5952405735734475,39
P8-O2,2,ictal,35.0,0.7520110747927119,39
P8-O2,2,ictal,35.5,0.6898251282704626,39
P8-O2,2,ictal,36.0,1.241535255029211,39
P8-O2,2,ictal,36.5,0.6755835107689262,39
P8-O2,2,ictal,37.0,0.4726930782671547,39
P8-O2,2,ictal,37.5,0.6718193025623822,39
P8-O2,2,ictal,38.0,0.30431265030695553,39
P8-O2,2,ictal,38.5,0.29930976181991165,39
P8-O2,2,ictal,39.0,0.37077482552172747,39
P8-O2,2,ictal,39.5,0.30592625245989713,39
P8-O2,2,ictal,40.0,0.5344376872315834,39
P8-O2,2,sin_crisis_anotada,0.5,148.51517607605638,238
P8-O2,2,sin_crisis_anotada,1.0,294.0275840587068,238
P8-O2,2,sin_crisis_anotada,1.5,287.57386479150694,238
P8-O2,2,sin_crisis_anotada,2.0,202.6098125556373,238
P8-O2,2,sin_crisis_anotada,2.5,114.59781513383766,238
P8-O2,2,sin_crisis_anotada,3.0,72.8509260241425,238
P8-O2,2,sin_crisis_anotada,3.5,64.26615444999754,238
P8-O2,2,sin_crisis_anotada,4.0,49.504220259182745,238
P8-O2,2,sin_crisis_anotada,4.5,37.70536018800097,238
P8-O2,2,sin_crisis_anotada,5.0,40.787205808726696,238
P8-O2,2,sin_crisis_anotada,5.5,27.902902592736737,238
P8-O2,2,sin_crisis_anotada,6.0,26.89697663567523,238
P8-O2,2,sin_crisis_anotada,6.5,27.228963300024517,238
P8-O2,2,sin_crisis_anotada,7.0,20.000305230776455,238
P8-O2,2,sin_crisis_anotada,7.5,15.724337671120278,238
P8-O2,2,sin_crisis_anotada,8.0,16.487849070806355,238
P8-O2,2,sin_crisis_anotada,8.5,16.73721461669596,238
P8-O2,2,sin_crisis_anotada,9.0,11.589089886141199,238
P8-O2,2,sin_crisis_anotada,9.5,9.2778132674195,238
P8-O2,2,sin_crisis_anotada,10.0,8.046211096049356,238
P8-O2,2,sin_crisis_anotada,10.5,6.79495152079113,238
P8-O2,2,sin_crisis_anotada,11.0,5.402601890431255,238
P8-O2,2,sin_crisis_anotada,11.5,5.119537902445201,238
P8-O2,2,sin_crisis_anotada,12.0,4.315357431249281,238
P8-O2,2,sin_crisis_anotada,12.5,4.269908921340814,238
P8-O2,2,sin_crisis_anotada,13.0,3.9337441251875305,238
P8-O2,2,sin_crisis_anotada,13.5,3.395340314744387,238
P8-O2,2,sin_crisis_anotada,14.0,2.1863692475641985,238
P8-O2,2,sin_crisis_anotada,14.5,1.8625153128680403,238
P8-O2,2,sin_crisis_anotada,15.0,1.6673203322522112,238
P8-O2,2,sin_crisis_anotada,15.5,9.279537789041266,238
P8-O2,2,sin_crisis_anotada,16.0,28.766406927868047,238
P8-O2,2,sin_crisis_anotada,16.5,7.998620981139967,238
P8-O2,2,sin_crisis_anotada,17.0,0.743616611129222,238
P8-O2,2,sin_crisis_anotada,17.5,0.7588541481107298,238
P8-O2,2,sin_crisis_anotada,18.0,0.6292612680802422,238
P8-O2,2,sin_crisis_anotada,18.5,0.5052686429831814,238
P8-O2,2,sin_crisis_anotada,19.0,0.5524140279954348,238
P8-O2,2,sin_crisis_anotada,19.5,0.6093538298533058,238
P8-O2,2,sin_crisis_anotada,20.0,0.9606965186463605,238
P8-O2,2,sin_crisis_anotada,20.5,0.5613227226440338,238
P8-O2,2,sin_crisis_anotada,21.0,0.4095597767786011,238
P8-O2,2,sin_crisis_anotada,21.5,0.3543728468916958,238
P8-O2,2,sin_crisis_anotada,22.0,0.37169790209697084,238
P8-O2,2,sin_crisis_anotada,22.5,0.2759641833082598,238
P8-O2,2,sin_crisis_anotada,23.0,0.3083082051635599,238
P8-O2,2,sin_crisis_anotada,23.5,0.36305866686901966,238
P8-O2,2,sin_crisis_anotada,24.0,0.35209695610304836,238
P8-O2,2,sin_crisis_anotada,24.5,0.28052903472000545,238
P8-O2,2,sin_crisis_anotada,25.0,0.2565254604273407,238
P8-O2,2,sin_crisis_anotada,25.5,0.2975899122689053,238
P8-O2,2,sin_crisis_anotada,26.0,0.26504138135628075,238
P8-O2,2,sin_crisis_anotada,26.5,0.21369428096276405,238
P8-O2,2,sin_crisis_anotada,27.0,0.18767468288771488,238
P8-O2,2,sin_crisis_anotada,27.5,0.37841618683090505,238
P8-O2,2,sin_crisis_anotada,28.0,1.028752508523234,238
P8-O2,2,sin_crisis_anotada,28.5,0.4152462907156268,238
P8-O2,2,sin_crisis_anotada,29.0,0.19390806254543858,238
P8-O2,2,sin_crisis_anotada,29.5,0.16155188577602247,238
P8-O2,2,sin_crisis_anotada,30.0,0.14230893142240328,238
P8-O2,2,sin_crisis_anotada,30.5,0.14113541675275082,238
P8-O2,2,sin_crisis_anotada,31.0,0.1508570565917294,238
P8-O2,2,sin_crisis_anotada,31.5,6.724474288452068,238
P8-O2,2,sin_crisis_anotada,32.0,17.355764093442257,238
P8-O2,2,sin_crisis_anotada,32.5,5.161427258173794,238
P8-O2,2,sin_crisis_anotada,33.0,0.11045155319764663,238
P8-O2,2,sin_crisis_anotada,33.5,0.11211816874970307,238
P8-O2,2,sin_crisis_anotada,34.0,0.10242415055092771,238
P8-O2,2,sin_crisis_anotada,34.5,0.08984662646294209,238
P8-O2,2,sin_crisis_anotada,35.0,0.08546065555726581,238
P8-O2,2,sin_crisis_anotada,35.5,0.14333477706069409,238
P8-O2,2,sin_crisis_anotada,36.0,0.39054890811571785,238
P8-O2,2,sin_crisis_anotada,36.5,0.15985901149984208,238
P8-O2,2,sin_crisis_anotada,37.0,0.05807251644264777,238
P8-O2,2,sin_crisis_anotada,37.5,0.04941976440864188,238
P8-O2,2,sin_crisis_anotada,38.0,0.04152562877491603,238
P8-O2,2,sin_crisis_anotada,38.5,0.034691313851079236,238
P8-O2,2,sin_crisis_anotada,39.0,0.03693158414892361,238
P8-O2,2,sin_crisis_anotada,39.5,0.03495690098507768,238
P8-O2,2,sin_crisis_anotada,40.0,0.030471497343494677,238
P8-O2,2,transicion,0.5,357.5879468344478,2
P8-O2,2,transicion,1.0,1210.9462314633124,2
P8-O2,2,transicion,1.5,1812.7773360738074,2
P8-O2,2,transicion,2.0,667.7306326762048,2
P8-O2,2,transicion,2.5,297.33372653429717,2
P8-O2,2,transicion,3.0,103.08731457029705,2
P8-O2,2,transicion,3.5,136.71558258500545,2
P8-O2,2,transicion,4.0,77.48967616560043,2
P8-O2,2,transicion,4.5,31.45783268493207,2
P8-O2,2,transicion,5.0,58.82023493138972,2
P8-O2,2,transicion,5.5,127.16154973883934,2
P8-O2,2,transicion,6.0,112.63945816796581,2
P8-O2,2,transicion,6.5,68.62378535916407,2
P8-O2,2,transicion,7.0,53.5806983666073,2
P8-O2,2,transicion,7.5,38.68141484790986,2
P8-O2,2,transicion,8.0,38.89525943416662,2
P8-O2,2,transicion,8.5,54.170175377993225,2
P8-O2,2,transicion,9.0,26.263543869581223,2
P8-O2,2,transicion,9.5,26.710399917967273,2
P8-O2,2,transicion,10.0,5.044941759747038,2
P8-O2,2,transicion,10.5,4.334161657745138,2
P8-O2,2,transicion,11.0,13.095160952445612,2
P8-O2,2,transicion,11.5,25.854143708707397,2
P8-O2,2,transicion,12.0,19.745326411176794,2
P8-O2,2,transicion,12.5,7.238185525310146,2
P8-O2,2,transicion,13.0,4.217352787218832,2
P8-O2,2,transicion,13.5,5.35891608961737,2
P8-O2,2,transicion,14.0,4.403071088048075,2
P8-O2,2,transicion,14.5,2.4849501800866816,2
P8-O2,2,transicion,15.0,10.490517632983748,2
P8-O2,2,transicion,15.5,15.059690457651884,2
P8-O2,2,transicion,16.0,51.54477752356183,2
P8-O2,2,transicion,16.5,8.10847905419418,2
P8-O2,2,transicion,17.0,1.1039298828445525,2
P8-O2,2,transicion,17.5,1.1639695460265975,2
P8-O2,2,transicion,18.0,1.2710444408729902,2
P8-O2,2,transicion,18.5,1.500088343370388,2
P8-O2,2,transicion,19.0,1.771781087958928,2
P8-O2,2,transicion,19.5,1.5023285493971879,2
P8-O2,2,transicion,20.0,2.8797465643899383,2
P8-O2,2,transicion,20.5,3.505678958261149,2
P8-O2,2,transicion,21.0,1.373452882844469,2
P8-O2,2,transicion,21.5,0.3035114736253587,2
P8-O2,2,transicion,22.0,1.8309156404330165,2
P8-O2,2,transicion,22.5,2.8314626558872047,2
P8-O2,2,transicion,23.0,2.342231716018624,2
P8-O2,2,transicion,23.5,2.5118163125054784,2
P8-O2,2,transicion,24.0,1.5538667683671943,2
P8-O2,2,transicion,24.5,1.2949623020925536,2
P8-O2,2,transicion,25.0,1.2732979689183892,2
P8-O2,2,transicion,25.5,0.4518542809750521,2
P8-O2,2,transicion,26.0,0.18300853708326123,2
P8-O2,2,transicion,26.5,0.7536785920479736,2
P8-O2,2,transicion,27.0,1.807158204864653,2
P8-O2,2,transicion,27.5,1.144518775930785,2
P8-O2,2,transicion,28.0,0.6045458681352769,2
P8-O2,2,transicion,28.5,1.132381988694296,2
P8-O2,2,transicion,29.0,2.359186094684441,2
P8-O2,2,transicion,29.5,1.6398040350684238,2
P8-O2,2,transicion,30.0,0.07600132088185912,2
P8-O2,2,transicion,30.5,0.06759710749112319,2
P8-O2,2,transicion,31.0,0.14895764390737246,2
P8-O2,2,transicion,31.5,8.438723110784332,2
P8-O2,2,transicion,32.0,25.589877043785076,2
P8-O2,2,transicion,32.5,6.315272262244858,2
P8-O2,2,transicion,33.0,0.5691318453508603,2
P8-O2,2,transicion,33.5,1.1800944765695822,2
P8-O2,2,transicion,34.0,2.5470713353712306,2
P8-O2,2,transicion,34.5,2.162164519104728,2
P8-O2,2,transicion,35.0,1.1554006717246277,2
P8-O2,2,transicion,35.5,0.36238281715968,2
P8-O2,2,transicion,36.0,0.2199316954605526,2
P8-O2,2,transicion,36.5,0.5404314108423744,2
P8-O2,2,transicion,37.0,1.607345479291862,2
P8-O2,2,transicion,37.5,0.7699837047311335,2
P8-O2,2,transicion,38.0,0.15027641717382817,2
P8-O2,2,transicion,38.5,0.05227528687040028,2
P8-O2,2,transicion,39.0,0.11812414333802448,2
P8-O2,2,transicion,39.5,0.19983359330028727,2
P8-O2,2,transicion,40.0,0.3908831244773879,2
P8-O2,4,ictal,0.5,595.5409033364547,19
P8-O2,4,ictal,1.0,1516.8413729414317,19
P8-O2,4,ictal,1.5,1500.2764544801,19
P8-O2,4,ictal,2.0,1660.8136376884706,19
P8-O2,4,ictal,2.5,1306.4545464424816,19
P8-O2,4,ictal,3.0,1394.7363848262612,19
P8-O2,4,ictal,3.5,395.5897214745744,19
P8-O2,4,ictal,4.0,333.62881169705275,19
P8-O2,4,ictal,4.5,177.72624792002352,19
P8-O2,4,ictal,5.0,173.52413904273104,19
P8-O2,4,ictal,5.5,218.5301269055295,19
P8-O2,4,ictal,6.0,227.85569464831178,19
P8-O2,4,ictal,6.5,157.49250003141208,19
P8-O2,4,ictal,7.0,80.84813276709626,19
P8-O2,4,ictal,7.5,69.69635614290816,19
P8-O2,4,ictal,8.0,51.66676928941823,19
P8-O2,4,ictal,8.5,51.52342201787645,19
P8-O2,4,ictal,9.0,30.787427026590137,19
P8-O2,4,ictal,9.5,25.452623760934596,19
P8-O2,4,ictal,10.0,19.560852224655157,19
P8-O2,4,ictal,10.5,14.42790477247705,19
P8-O2,4,ictal,11.0,10.124081580545434,19
P8-O2,4,ictal,11.5,11.92536923861389,19
P8-O2,4,ictal,12.0,10.057920157110761,19
P8-O2,4,ictal,12.5,7.239400694592786,19
P8-O2,4,ictal,13.0,5.0123737743726595,19
P8-O2,4,ictal,13.5,7.285792630318032,19
P8-O2,4,ictal,14.0,9.149206659764621,19
P8-O2,4,ictal,14.5,4.4495892824030205,19
P8-O2,4,ictal,15.0,2.6183429483635394,19
P8-O2,4,ictal,15.5,14.846974324231319,19
P8-O2,4,ictal,16.0,26.17508120367206,19
P8-O2,4,ictal,16.5,9.251445894353472,19
P8-O2,4,ictal,17.0,2.860369372276938,19
P8-O2,4,ictal,17.5,2.4795295652643827,19
P8-O2,4,ictal,18.0,4.1172364509337775,19
P8-O2,4,ictal,18.5,2.4194546885214057,19
P8-O2,4,ictal,19.0,3.311914407647586,19
P8-O2,4,ictal,19.5,2.9334237054356027,19
P8-O2,4,ictal,20.0,3.428501782580227,19
P8-O2,4,ictal,20.5,2.915306863479284,19
P8-O2,4,ictal,21.0,2.44021746155868,19
P8-O2,4,ictal,21.5,2.8601054451542027,19
P8-O2,4,ictal,22.0,3.827213300965017,19
P8-O2,4,ictal,22.5,3.376770353127897,19
P8-O2,4,ictal,23.0,4.11522292169152,19
P8-O2,4,ictal,23.5,3.392446142611741,19
P8-O2,4,ictal,24.0,2.377665420900921,19
P8-O2,4,ictal,24.5,2.453791858771755,19
P8-O2,4,ictal,25.0,2.2694782826237176,19
P8-O2,4,ictal,25.5,3.1984686266546767,19
P8-O2,4,ictal,26.0,2.682172773959182,19
P8-O2,4,ictal,26.5,2.0659447288838284,19
P8-O2,4,ictal,27.0,2.559771358576429,19
P8-O2,4,ictal,27.5,2.852832894280113,19
P8-O2,4,ictal,28.0,4.089811875442104,19
P8-O2,4,ictal,28.5,2.0768192147454005,19
P8-O2,4,ictal,29.0,0.9546929995999222,19
P8-O2,4,ictal,29.5,1.3823588026803293,19
P8-O2,4,ictal,30.0,2.276372250075787,19
P8-O2,4,ictal,30.5,1.6991302360024336,19
P8-O2,4,ictal,31.0,1.3908126068257276,19
P8-O2,4,ictal,31.5,7.474411266713443,19
P8-O2,4,ictal,32.0,20.92801864107668,19
P8-O2,4,ictal,32.5,5.683616484001608,19
P8-O2,4,ictal,33.0,1.3954021738798617,19
P8-O2,4,ictal,33.5,1.3952756991154251,19
P8-O2,4,ictal,34.0,0.9681955600884476,19
P8-O2,4,ictal,34.5,0.8973782392604656,19
P8-O2,4,ictal,35.0,1.014083830016938,19
P8-O2,4,ictal,35.5,1.0852668770580876,19
P8-O2,4,ictal,36.0,1.483725715311988,19
P8-O2,4,ictal,36.5,0.7318062064870795,19
P8-O2,4,ictal,37.0,0.5024523404653302,19
P8-O2,4,ictal,37.5,0.8649655374204066,19
P8-O2,4,ictal,38.0,0.5404638468505997,19
P8-O2,4,ictal,38.5,0.4463553985914035,19
P8-O2,4,ictal,39.0,0.583600915193258,19
P8-O2,4,ictal,39.5,0.6548977419817338,19
P8-O2,4,ictal,40.0,0.8168534234178716,19
P8-O2,4,sin_crisis_anotada,0.5,159.57160957405256,118
P8-O2,4,sin_crisis_anotada,1.0,349.2833710429302,118
P8-O2,4,sin_crisis_anotada,1.5,398.2726557655855,118
P8-O2,4,sin_crisis_anotada,2.0,266.2056695703018,118
P8-O2,4,sin_crisis_anotada,2.5,151.8146341614838,118
P8-O2,4,sin_crisis_anotada,3.0,116.70778082849532,118
P8-O2,4,sin_crisis_anotada,3.5,94.17189981943255,118
P8-O2,4,sin_crisis_anotada,4.0,63.93434893366518,118
P8-O2,4,sin_crisis_anotada,4.5,50.364126003578534,118
P8-O2,4,sin_crisis_anotada,5.0,46.653889975964475,118
P8-O2,4,sin_crisis_anotada,5.5,39.44087985636004,118
P8-O2,4,sin_crisis_anotada,6.0,36.99428670539008,118
P8-O2,4,sin_crisis_anotada,6.5,40.67065045549044,118
P8-O2,4,sin_crisis_anotada,7.0,30.40715762687175,118
P8-O2,4,sin_crisis_anotada,7.5,26.537148242755272,118
P8-O2,4,sin_crisis_anotada,8.0,22.865329597274723,118
P8-O2,4,sin_crisis_anotada,8.5,21.148239767772807,118
P8-O2,4,sin_crisis_anotada,9.0,16.98559982761484,118
P8-O2,4,sin_crisis_anotada,9.5,13.616988418463022,118
P8-O2,4,sin_crisis_anotada,10.0,10.576226070826246,118
P8-O2,4,sin_crisis_anotada,10.5,8.079571323176454,118
P8-O2,4,sin_crisis_anotada,11.0,7.383270507173382,118
P8-O2,4,sin_crisis_anotada,11.5,6.358008675450639,118
P8-O2,4,sin_crisis_anotada,12.0,6.018204560099273,118
P8-O2,4,sin_crisis_anotada,12.5,5.420535041910163,118
P8-O2,4,sin_crisis_anotada,13.0,4.781513081273154,118
P8-O2,4,sin_crisis_anotada,13.5,4.881907016931024,118
P8-O2,4,sin_crisis_anotada,14.0,3.0355766243271876,118
P8-O2,4,sin_crisis_anotada,14.5,2.4778250178609538,118
P8-O2,4,sin_crisis_anotada,15.0,2.217003650631027,118
P8-O2,4,sin_crisis_anotada,15.5,9.73541606807839,118
P8-O2,4,sin_crisis_anotada,16.0,26.584712507316127,118
P8-O2,4,sin_crisis_anotada,16.5,9.11445584650772,118
P8-O2,4,sin_crisis_anotada,17.0,1.0071844369777458,118
P8-O2,4,sin_crisis_anotada,17.5,0.9296596208141724,118
P8-O2,4,sin_crisis_anotada,18.0,0.901837763211701,118
P8-O2,4,sin_crisis_anotada,18.5,0.6601216301537383,118
P8-O2,4,sin_crisis_anotada,19.0,0.7012926685957015,118
P8-O2,4,sin_crisis_anotada,19.5,0.8342074055526778,118
P8-O2,4,sin_crisis_anotada,20.0,1.1987430790451208,118
P8-O2,4,sin_crisis_anotada,20.5,0.6368303162187905,118
P8-O2,4,sin_crisis_anotada,21.0,0.5643303108045488,118
P8-O2,4,sin_crisis_anotada,21.5,0.47529170517589925,118
P8-O2,4,sin_crisis_anotada,22.0,0.4400496551411529,118
P8-O2,4,sin_crisis_anotada,22.5,0.348234287143367,118
P8-O2,4,sin_crisis_anotada,23.0,0.3880826245977585,118
P8-O2,4,sin_crisis_anotada,23.5,0.3913973271471687,118
P8-O2,4,sin_crisis_anotada,24.0,0.43412296279359264,118
P8-O2,4,sin_crisis_anotada,24.5,0.34251134545689954,118
P8-O2,4,sin_crisis_anotada,25.0,0.3311989612908668,118
P8-O2,4,sin_crisis_anotada,25.5,0.390104769662973,118
P8-O2,4,sin_crisis_anotada,26.0,0.3574354566591841,118
P8-O2,4,sin_crisis_anotada,26.5,0.2912857779457533,118
P8-O2,4,sin_crisis_anotada,27.0,0.25923367571307815,118
P8-O2,4,sin_crisis_anotada,27.5,0.4701771662653198,118
P8-O2,4,sin_crisis_anotada,28.0,1.1449783922650945,118
P8-O2,4,sin_crisis_anotada,28.5,0.4912208205356804,118
P8-O2,4,sin_crisis_anotada,29.0,0.23728699151007887,118
P8-O2,4,sin_crisis_anotada,29.5,0.2127908096207195,118
P8-O2,4,sin_crisis_anotada,30.0,0.20169649477710466,118
P8-O2,4,sin_crisis_anotada,30.5,0.19178965233099615,118
P8-O2,4,sin_crisis_anotada,31.0,0.19086349664283997,118
P8-O2,4,sin_crisis_anotada,31.5,6.055338344961292,118
P8-O2,4,sin_crisis_anotada,32.0,21.115791392961267,118
P8-O2,4,sin_crisis_anotada,32.5,6.888503466400291,118
P8-O2,4,sin_crisis_anotada,33.0,0.14382586064336664,118
P8-O2,4,sin_crisis_anotada,33.5,0.14040916641246226,118
P8-O2,4,sin_crisis_anotada,34.0,0.1379991664765991,118
P8-O2,4,sin_crisis_anotada,34.5,0.11131073472145826,118
P8-O2,4,sin_crisis_anotada,35.0,0.11069855541729609,118
P8-O2,4,sin_crisis_anotada,35.5,0.17994363350377007,118
P8-O2,4,sin_crisis_anotada,36.0,0.4245228172339368,118
P8-O2,4,sin_crisis_anotada,36.5,0.16838077885262054,118
P8-O2,4,sin_crisis_anotada,37.0,0.06508394505475415,118
P8-O2,4,sin_crisis_anotada,37.5,0.05799983437432002,118
P8-O2,4,sin_crisis_anotada,38.0,0.050902414081564505,118
P8-O2,4,sin_crisis_anotada,38.5,0.05400391627555606,118
P8-O2,4,sin_crisis_anotada,39.0,0.045512406668593894,118
P8-O2,4,sin_crisis_anotada,39.5,0.04564382740589086,118
P8-O2,4,sin_crisis_anotada,40.0,0.03828218133407883,118
P8-O2,4,transicion,0.5,838.997519805468,2
P8-O2,4,transicion,1.0,1920.437477771702,2
P8-O2,4,transicion,1.5,1797.4541598751325,2
P8-O2,4,transicion,2.0,793.0920685447055,2
P8-O2,4,transicion,2.5,373.19205573219244,2
P8-O2,4,transicion,3.0,178.58039537425853,2
P8-O2,4,transicion,3.5,78.16348958240735,2
P8-O2,4,transicion,4.0,56.302684354364125,2
P8-O2,4,transicion,4.5,34.72590259638851,2
P8-O2,4,transicion,5.0,43.98240095992309,2
P8-O2,4,transicion,5.5,125.4945685328166,2
P8-O2,4,transicion,6.0,92.35498075779503,2
P8-O2,4,transicion,6.5,44.86141641888716,2
P8-O2,4,transicion,7.0,36.33632965732386,2
P8-O2,4,transicion,7.5,31.22938572629346,2
P8-O2,4,transicion,8.0,20.241064435314183,2
P8-O2,4,transicion,8.5,33.62087946525868,2
P8-O2,4,transicion,9.0,26.0904435229065,2
P8-O2,4,transicion,9.5,45.503472816263645,2
P8-O2,4,transicion,10.0,43.305093619793325,2
P8-O2,4,transicion,10.5,29.330598321664272,2
P8-O2,4,transicion,11.0,20.397418820978427,2
P8-O2,4,transicion,11.5,12.277895334864034,2
P8-O2,4,transicion,12.0,14.828332133723833,2
P8-O2,4,transicion,12.5,10.787481405755404,2
P8-O2,4,transicion,13.0,3.884161002958196,2
P8-O2,4,transicion,13.5,4.215645270590019,2
P8-O2,4,transicion,14.0,5.7582561708068845,2
P8-O2,4,transicion,14.5,3.6249810791662416,2
P8-O2,4,transicion,15.0,4.405203913642164,2
P8-O2,4,transicion,15.5,12.105116191385033,2
P8-O2,4,transicion,16.0,54.469978141467685,2
P8-O2,4,transicion,16.5,16.600813900160503,2
P8-O2,4,transicion,17.0,1.5663975697167158,2
P8-O2,4,transicion,17.5,1.921980455727465,2
P8-O2,4,transicion,18.0,1.968987804016225,2
P8-O2,4,transicion,18.5,1.4831307569714152,2
P8-O2,4,transicion,19.0,1.1361624398570733,2
P8-O2,4,transicion,19.5,2.0340776419506352,2
P8-O2,4,transicion,20.0,3.2862701784125763,2
P8-O2,4,transicion,20.5,3.4707697589014552,2
P8-O2,4,transicion,21.0,2.549513101462101,2
P8-O2,4,transicion,21.5,1.6848176748549035,2
P8-O2,4,transicion,22.0,1.684264173379981,2
P8-O2,4,transicion,22.5,1.9505316585044856,2
P8-O2,4,transicion,23.0,2.2258726948914127,2
P8-O2,4,transicion,23.5,2.1697538638651643,2
P8-O2,4,transicion,24.0,3.0415418791048685,2
P8-O2,4,transicion,24.5,1.4924519304838317,2
P8-O2,4,transicion,25.0,0.9089116959272204,2
P8-O2,4,transicion,25.5,0.6071137656689117,2
P8-O2,4,transicion,26.0,1.0264187252860868,2
P8-O2,4,transicion,26.5,1.7895441801900733,2
P8-O2,4,transicion,27.0,1.9811767690807596,2
P8-O2,4,transicion,27.5,1.2466565086337016,2
P8-O2,4,transicion,28.0,1.4510793051887036,2
P8-O2,4,transicion,28.5,1.8054086356450147,2
P8-O2,4,transicion,29.0,1.9033943113286458,2
P8-O2,4,transicion,29.5,1.189130587700919,2
P8-O2,4,transicion,30.0,0.8127142657775659,2
P8-O2,4,transicion,30.5,1.3991876736174678,2
P8-O2,4,transicion,31.0,0.9790308356848446,2
P8-O2,4,transicion,31.5,6.501187954630376,2
P8-O2,4,transicion,32.0,25.335575136636066,2
P8-O2,4,transicion,32.5,7.235355100872725,2
P8-O2,4,transicion,33.0,0.4367169859665736,2
P8-O2,4,transicion,33.5,0.7543277224558811,2
P8-O2,4,transicion,34.0,1.2795035232472591,2
P8-O2,4,transicion,34.5,1.100663687850768,2
P8-O2,4,transicion,35.0,0.45499613412882933,2
P8-O2,4,transicion,35.5,0.7563022196683804,2
P8-O2,4,transicion,36.0,0.6467562259382751,2
P8-O2,4,transicion,36.5,0.31976647524422297,2
P8-O2,4,transicion,37.0,1.4610114710135835,2
P8-O2,4,transicion,37.5,0.5619938525160972,2
P8-O2,4,transicion,38.0,0.3658403855168048,2
P8-O2,4,transicion,38.5,0.13396868590464878,2
P8-O2,4,transicion,39.0,0.34773278539688135,2
P8-O2,4,transicion,39.5,0.5421016023583646,2
P8-O2,4,transicion,40.0,0.28011877632126175,2
P8-O2,8,ictal,0.5,627.9987890916839,9
P8-O2,8,ictal,1.0,1902.1412641090078,9
P8-O2,8,ictal,1.5,2985.9913837689846,9
P8-O2,8,ictal,2.0,2378.523844658358,9
P8-O2,8,ictal,2.5,2906.4650938280433,9
P8-O2,8,ictal,3.0,2602.6686168243464,9
P8-O2,8,ictal,3.5,1403.988832533075,9
P8-O2,8,ictal,4.0,389.28535522386835,9
P8-O2,8,ictal,4.5,316.949212953666,9
P8-O2,8,ictal,5.0,339.3120956341633,9
P8-O2,8,ictal,5.5,370.766872487218,9
P8-O2,8,ictal,6.0,356.85079097400774,9
P8-O2,8,ictal,6.5,184.8383928541684,9
P8-O2,8,ictal,7.0,102.25440912442886,9
P8-O2,8,ictal,7.5,84.19944620812093,9
P8-O2,8,ictal,8.0,64.85950027004692,9
P8-O2,8,ictal,8.5,55.93365819768961,9
P8-O2,8,ictal,9.0,32.53352002103748,9
P8-O2,8,ictal,9.5,29.017609650504447,9
P8-O2,8,ictal,10.0,17.150085940105498,9
P8-O2,8,ictal,10.5,10.80510481308182,9
P8-O2,8,ictal,11.0,15.391158455283442,9
P8-O2,8,ictal,11.5,15.043732344845663,9
P8-O2,8,ictal,12.0,13.140091763256732,9
P8-O2,8,ictal,12.5,7.511413533254614,9
P8-O2,8,ictal,13.0,6.347687859568009,9
P8-O2,8,ictal,13.5,6.900727759972769,9
P8-O2,8,ictal,14.0,8.994144549204783,9
P8-O2,8,ictal,14.5,4.150989799034693,9
P8-O2,8,ictal,15.0,3.778759064906332,9
P8-O2,8,ictal,15.5,12.301733815422807,9
P8-O2,8,ictal,16.0,27.35733685085769,9
P8-O2,8,ictal,16.5,9.052903030985524,9
P8-O2,8,ictal,17.0,2.8354629420709356,9
P8-O2,8,ictal,17.5,3.5684304340392137,9
P8-O2,8,ictal,18.0,4.4954381891992305,9
P8-O2,8,ictal,18.5,2.7472016629309404,9
P8-O2,8,ictal,19.0,3.122965213593121,9
P8-O2,8,ictal,19.5,2.9720650664053023,9
P8-O2,8,ictal,20.0,4.015473581686931,9
P8-O2,8,ictal,20.5,2.373195789286212,9
P8-O2,8,ictal,21.0,2.292077877784561,9
P8-O2,8,ictal,21.5,2.789512037701565,9
P8-O2,8,ictal,22.0,3.675667139311084,9
P8-O2,8,ictal,22.5,4.881357058195957,9
P8-O2,8,ictal,23.0,5.412021680068146,9
P8-O2,8,ictal,23.5,3.8497727949352574,9
P8-O2,8,ictal,24.0,3.599324390802549,9
P8-O2,8,ictal,24.5,2.7250216378138536,9
P8-O2,8,ictal,25.0,2.8019650565209546,9
P8-O2,8,ictal,25.5,4.6313410624377935,9
P8-O2,8,ictal,26.0,3.2794694732428793,9
P8-O2,8,ictal,26.5,2.606030635128097,9
P8-O2,8,ictal,27.0,3.0597134714669676,9
P8-O2,8,ictal,27.5,3.329183941151666,9
P8-O2,8,ictal,28.0,4.062103951534928,9
P8-O2,8,ictal,28.5,2.2855190736488202,9
P8-O2,8,ictal,29.0,1.7318429714908832,9
P8-O2,8,ictal,29.5,1.5553186352530037,9
P8-O2,8,ictal,30.0,2.296746185797828,9
P8-O2,8,ictal,30.5,1.7439097602747482,9
P8-O2,8,ictal,31.0,1.982912607975314,9
P8-O2,8,ictal,31.5,7.661207321871053,9
P8-O2,8,ictal,32.0,18.969470397114275,9
P8-O2,8,ictal,32.5,6.513328747098333,9
P8-O2,8,ictal,33.0,2.1084333833737787,9
P8-O2,8,ictal,33.5,1.9302856475595156,9
P8-O2,8,ictal,34.0,0.9685323619443535,9
P8-O2,8,ictal,34.5,1.1088120275825957,9
P8-O2,8,ictal,35.0,1.3699031256773837,9
P8-O2,8,ictal,35.5,1.2917462973477476,9
P8-O2,8,ictal,36.0,1.8683184510509427,9
P8-O2,8,ictal,36.5,1.069853083058092,9
P8-O2,8,ictal,37.0,1.3829634075991761,9
P8-O2,8,ictal,37.5,1.1343959679623776,9
P8-O2,8,ictal,38.0,0.5763740796752327,9
P8-O2,8,ictal,38.5,0.6453925347918608,9
P8-O2,8,ictal,39.0,0.682486921500648,9
P8-O2,8,ictal,39.5,0.7811556735058867,9
P8-O2,8,ictal,40.0,0.8564509245450653,9
P8-O2,8,sin_crisis_anotada,0.5,158.16388914533138,58
P8-O2,8,sin_crisis_anotada,1.0,379.43377643436816,58
P8-O2,8,sin_crisis_anotada,1.5,411.1681063379636,58
P8-O2,8,sin_crisis_anotada,2.0,339.7542739085879,58
P8-O2,8,sin_crisis_anotada,2.5,144.79135200201821,58
P8-O2,8,sin_crisis_anotada,3.0,126.21388092657091,58
P8-O2,8,sin_crisis_anotada,3.5,77.2399768861212,58
P8-O2,8,sin_crisis_anotada,4.0,64.74880976800901,58
P8-O2,8,sin_crisis_anotada,4.5,47.5422922469561,58
P8-O2,8,sin_crisis_anotada,5.0,47.33063638105642,58
P8-O2,8,sin_crisis_anotada,5.5,37.69860746753067,58
P8-O2,8,sin_crisis_anotada,6.0,40.19805645700475,58
P8-O2,8,sin_crisis_anotada,6.5,46.672811876182706,58
P8-O2,8,sin_crisis_anotada,7.0,37.167060824558156,58
P8-O2,8,sin_crisis_anotada,7.5,28.556088032604457,58
P8-O2,8,sin_crisis_anotada,8.0,23.43756101120914,58
P8-O2,8,sin_crisis_anotada,8.5,29.631328095940304,58
P8-O2,8,sin_crisis_anotada,9.0,19.038626190367783,58
P8-O2,8,sin_crisis_anotada,9.5,13.427344795542442,58
P8-O2,8,sin_crisis_anotada,10.0,12.119459315019835,58
P8-O2,8,sin_crisis_anotada,10.5,9.654390418946218,58
P8-O2,8,sin_crisis_anotada,11.0,9.510292265978872,58
P8-O2,8,sin_crisis_anotada,11.5,7.981710658744515,58
P8-O2,8,sin_crisis_anotada,12.0,6.0428136471102825,58
P8-O2,8,sin_crisis_anotada,12.5,8.262106039198112,58
P8-O2,8,sin_crisis_anotada,13.0,7.876418533748796,58
P8-O2,8,sin_crisis_anotada,13.5,5.484592633822814,58
P8-O2,8,sin_crisis_anotada,14.0,3.8319601697981622,58
P8-O2,8,sin_crisis_anotada,14.5,2.832551089870649,58
P8-O2,8,sin_crisis_anotada,15.0,2.577298405219276,58
P8-O2,8,sin_crisis_anotada,15.5,10.708055218637574,58
P8-O2,8,sin_crisis_anotada,16.0,28.38514452321114,58
P8-O2,8,sin_crisis_anotada,16.5,8.594634312368985,58
P8-O2,8,sin_crisis_anotada,17.0,1.0946647777164094,58
P8-O2,8,sin_crisis_anotada,17.5,1.0860459662089719,58
P8-O2,8,sin_crisis_anotada,18.0,1.0160312364669712,58
P8-O2,8,sin_crisis_anotada,18.5,0.7802711627266481,58
P8-O2,8,sin_crisis_anotada,19.0,0.7636855365804538,58
P8-O2,8,sin_crisis_anotada,19.5,0.896839447264741,58
P8-O2,8,sin_crisis_anotada,20.0,1.3177982766360004,58
P8-O2,8,sin_crisis_anotada,20.5,0.697385594709691,58
P8-O2,8,sin_crisis_anotada,21.0,0.5701254651530534,58
P8-O2,8,sin_crisis_anotada,21.5,0.5506692935362553,58
P8-O2,8,sin_crisis_anotada,22.0,0.43970798142424217,58
P8-O2,8,sin_crisis_anotada,22.5,0.42157893362644205,58
P8-O2,8,sin_crisis_anotada,23.0,0.43326914574915915,58
P8-O2,8,sin_crisis_anotada,23.5,0.4387795370879828,58
P8-O2,8,sin_crisis_anotada,24.0,0.44139105772634485,58
P8-O2,8,sin_crisis_anotada,24.5,0.39655416225527995,58
P8-O2,8,sin_crisis_anotada,25.0,0.3684057664324511,58
P8-O2,8,sin_crisis_anotada,25.5,0.41816085840607975,58
P8-O2,8,sin_crisis_anotada,26.0,0.3826252680118283,58
P8-O2,8,sin_crisis_anotada,26.5,0.31010419445190684,58
P8-O2,8,sin_crisis_anotada,27.0,0.2799070633894084,58
P8-O2,8,sin_crisis_anotada,27.5,0.49242574831878544,58
P8-O2,8,sin_crisis_anotada,28.0,1.1459411477342583,58
P8-O2,8,sin_crisis_anotada,28.5,0.5116153501374514,58
P8-O2,8,sin_crisis_anotada,29.0,0.2546888922742283,58
P8-O2,8,sin_crisis_anotada,29.5,0.2243063545065443,58
P8-O2,8,sin_crisis_anotada,30.0,0.19266754454252177,58
P8-O2,8,sin_crisis_anotada,30.5,0.1836151915730473,58
P8-O2,8,sin_crisis_anotada,31.0,0.19422730342979494,58
P8-O2,8,sin_crisis_anotada,31.5,6.9289649077378925,58
P8-O2,8,sin_crisis_anotada,32.0,23.769763545353687,58
P8-O2,8,sin_crisis_anotada,32.5,7.126628742973484,58
P8-O2,8,sin_crisis_anotada,33.0,0.15195271706979344,58
P8-O2,8,sin_crisis_anotada,33.5,0.13822260378941126,58
P8-O2,8,sin_crisis_anotada,34.0,0.1268344823121199,58
P8-O2,8,sin_crisis_anotada,34.5,0.1171401339388023,58
P8-O2,8,sin_crisis_anotada,35.0,0.11484124923217257,58
P8-O2,8,sin_crisis_anotada,35.5,0.1898169160860647,58
P8-O2,8,sin_crisis_anotada,36.0,0.41578371987895857,58
P8-O2,8,sin_crisis_anotada,36.5,0.16486754618600286,58
P8-O2,8,sin_crisis_anotada,37.0,0.0680714659599703,58
P8-O2,8,sin_crisis_anotada,37.5,0.06024341855314793,58
P8-O2,8,sin_crisis_anotada,38.0,0.05194233500404054,58
P8-O2,8,sin_crisis_anotada,38.5,0.05811780478824927,58
P8-O2,8,sin_crisis_anotada,39.0,0.05527426751845291,58
P8-O2,8,sin_crisis_anotada,39.5,0.047152166123640205,58
P8-O2,8,sin_crisis_anotada,40.0,0.03897443571522494,58
P8-O2,8,transicion,0.5,708.6781180848665,2
P8-O2,8,transicion,1.0,1484.1775207524915,2
P8-O2,8,transicion,1.5,1335.336594207425,2
P8-O2,8,transicion,2.0,697.9305196935327,2
P8-O2,8,transicion,2.5,359.7805182641818,2
P8-O2,8,transicion,3.0,140.20393331255056,2
P8-O2,8,transicion,3.5,64.2879540166948,2
P8-O2,8,transicion,4.0,68.53932829929285,2
P8-O2,8,transicion,4.5,41.73326813608252,2
P8-O2,8,transicion,5.0,60.46610254068109,2
P8-O2,8,transicion,5.5,131.0587257936009,2
P8-O2,8,transicion,6.0,84.97467789046583,2
P8-O2,8,transicion,6.5,41.03755598520809,2
P8-O2,8,transicion,7.0,42.25748117366197,2
P8-O2,8,transicion,7.5,45.9041856524216,2
P8-O2,8,transicion,8.0,83.90517794187039,2
P8-O2,8,transicion,8.5,53.05514109766392,2
P8-O2,8,transicion,9.0,26.862177374627862,2
P8-O2,8,transicion,9.5,31.723637365619908,2
P8-O2,8,transicion,10.0,29.068319791541718,2
P8-O2,8,transicion,10.5,23.507564468972795,2
P8-O2,8,transicion,11.0,21.524082024635497,2
P8-O2,8,transicion,11.5,13.13948222747169,2
P8-O2,8,transicion,12.0,13.773521024415345,2
P8-O2,8,transicion,12.5,8.568655115079402,2
P8-O2,8,transicion,13.0,6.6370553105725545,2
P8-O2,8,transicion,13.5,5.232274845964326,2
P8-O2,8,transicion,14.0,4.706017897177616,2
P8-O2,8,transicion,14.5,3.3436964952587873,2
P8-O2,8,transicion,15.0,4.036506600267271,2
P8-O2,8,transicion,15.5,12.807225926122696,2
P8-O2,8,transicion,16.0,51.4730431484471,2
P8-O2,8,transicion,16.5,14.80160944470687,2
P8-O2,8,transicion,17.0,1.4975840744859972,2
P8-O2,8,transicion,17.5,1.4655200753278925,2
P8-O2,8,transicion,18.0,1.470584449852736,2
P8-O2,8,transicion,18.5,1.1716634677944764,2
P8-O2,8,transicion,19.0,1.8151085123540867,2
P8-O2,8,transicion,19.5,2.8572993791639285,2
P8-O2,8,transicion,20.0,3.047643044104655,2
P8-O2,8,transicion,20.5,1.9119360118529487,2
P8-O2,8,transicion,21.0,2.0159299901417325,2
P8-O2,8,transicion,21.5,2.230019025940962,2
P8-O2,8,transicion,22.0,1.2792030887715093,2
P8-O2,8,transicion,22.5,1.6120334119033681,2
P8-O2,8,transicion,23.0,1.9750431518663603,2
P8-O2,8,transicion,23.5,1.6061364927612904,2
P8-O2,8,transicion,24.0,1.8902016735376028,2
P8-O2,8,transicion,24.5,1.3510716990819311,2
P8-O2,8,transicion,25.0,1.331567043802829,2
P8-O2,8,transicion,25.5,0.8822625975811873,2
P8-O2,8,transicion,26.0,0.6892852984001682,2
P8-O2,8,transicion,26.5,1.2435413421870123,2
P8-O2,8,transicion,27.0,1.5198725604557775,2
P8-O2,8,transicion,27.5,2.126378673367122,2
P8-O2,8,transicion,28.0,3.540802701556488,2
P8-O2,8,transicion,28.5,2.262301616049208,2
P8-O2,8,transicion,29.0,1.4429238241516906,2
P8-O2,8,transicion,29.5,1.0726599420007366,2
P8-O2,8,transicion,30.0,0.9597661660264382,2
P8-O2,8,transicion,30.5,1.3288255032388836,2
P8-O2,8,transicion,31.0,1.242079520979567,2
P8-O2,8,transicion,31.5,6.636172918215917,2
P8-O2,8,transicion,32.0,30.148924322554677,2
P8-O2,8,transicion,32.5,8.807719466412609,2
P8-O2,8,transicion,33.0,0.39891572561855915,2
P8-O2,8,transicion,33.5,0.5162437724135523,2
P8-O2,8,transicion,34.0,0.9180390003337711,2
P8-O2,8,transicion,34.5,0.9217886360789079,2
P8-O2,8,transicion,35.0,0.4265549182989098,2
P8-O2,8,transicion,35.5,0.6067629535906747,2
P8-O2,8,transicion,36.0,0.7987793414649582,2
P8-O2,8,transicion,36.5,0.44123608043595713,2
P8-O2,8,transicion,37.0,0.769657396028428,2
P8-O2,8,transicion,37.5,0.4835641954606443,2
P8-O2,8,transicion,38.0,0.47353549781937715,2
P8-O2,8,transicion,38.5,0.2265272651157874,2
P8-O2,8,transicion,39.0,0.3722881832064315,2
P8-O2,8,transicion,39.5,0.40346962027786987,2
P8-O2,8,transicion,40.0,0.37597410403861137,2
T7-FT9,2,ictal,0.5,164.32825108509797,39
T7-FT9,2,ictal,1.0,540.3932928908414,39
T7-FT9,2,ictal,1.5,536.2778255920975,39
T7-FT9,2,ictal,2.0,293.9174652366306,39
T7-FT9,2,ictal,2.5,227.23644011255686,39
T7-FT9,2,ictal,3.0,214.5490511490067,39
T7-FT9,2,ictal,3.5,99.29840121522939,39
T7-FT9,2,ictal,4.0,80.50779425940962,39
T7-FT9,2,ictal,4.5,67.65840179094718,39
T7-FT9,2,ictal,5.0,54.15404619111546,39
T7-FT9,2,ictal,5.5,51.46892543461532,39
T7-FT9,2,ictal,6.0,59.01896981962956,39
T7-FT9,2,ictal,6.5,41.93216308754927,39
T7-FT9,2,ictal,7.0,15.250600125003666,39
T7-FT9,2,ictal,7.5,9.719293164282716,39
T7-FT9,2,ictal,8.0,7.642047542697165,39
T7-FT9,2,ictal,8.5,5.101726127369142,39
T7-FT9,2,ictal,9.0,5.114157759885783,39
T7-FT9,2,ictal,9.5,3.964946177009863,39
T7-FT9,2,ictal,10.0,5.305483657567663,39
T7-FT9,2,ictal,10.5,4.442490490559246,39
T7-FT9,2,ictal,11.0,3.214532396519903,39
T7-FT9,2,ictal,11.5,3.600798542527536,39
T7-FT9,2,ictal,12.0,2.108544156265348,39
T7-FT9,2,ictal,12.5,1.9654609786596624,39
T7-FT9,2,ictal,13.0,2.313206271767178,39
T7-FT9,2,ictal,13.5,1.912734419308277,39
T7-FT9,2,ictal,14.0,1.4048599948576115,39
T7-FT9,2,ictal,14.5,1.4714843113610787,39
T7-FT9,2,ictal,15.0,1.1681853998143419,39
T7-FT9,2,ictal,15.5,7.695918590300833,39
T7-FT9,2,ictal,16.0,26.39847460359802,39
T7-FT9,2,ictal,16.5,8.043974988309948,39
T7-FT9,2,ictal,17.0,0.5899714455874253,39
T7-FT9,2,ictal,17.5,0.7781146976124723,39
T7-FT9,2,ictal,18.0,0.9137163378064028,39
T7-FT9,2,ictal,18.5,0.8118027700559162,39
T7-FT9,2,ictal,19.0,0.47005377185715297,39
T7-FT9,2,ictal,19.5,0.7582189179487056,39
T7-FT9,2,ictal,20.0,1.1103132520754226,39
T7-FT9,2,ictal,20.5,1.0407975941583136,39
T7-FT9,2,ictal,21.0,0.65732558863279,39
T7-FT9,2,ictal,21.5,0.7263224796102173,39
T7-FT9,2,ictal,22.0,0.7167979842963474,39
T7-FT9,2,ictal,22.5,0.8233420172313606,39
T7-FT9,2,ictal,23.0,0.7061557947614947,39
T7-FT9,2,ictal,23.5,0.5820791201805326,39
T7-FT9,2,ictal,24.0,0.6728713041113618,39
T7-FT9,2,ictal,24.5,0.503164715733212,39
T7-FT9,2,ictal,25.0,0.5043586066906026,39
T7-FT9,2,ictal,25.5,0.6397340439620507,39
T7-FT9,2,ictal,26.0,0.6138088865420405,39
T7-FT9,2,ictal,26.5,0.43371014383812845,39
T7-FT9,2,ictal,27.0,0.4188640343190251,39
T7-FT9,2,ictal,27.5,0.40012562153757164,39
T7-FT9,2,ictal,28.0,0.7620777299363486,39
T7-FT9,2,ictal,28.5,0.579859046917414,39
T7-FT9,2,ictal,29.0,0.5600227035999356,39
T7-FT9,2,ictal,29.5,0.5327971890919172,39
T7-FT9,2,ictal,30.0,0.3131482335310481,39
T7-FT9,2,ictal,30.5,0.3251683573208426,39
T7-FT9,2,ictal,31.0,0.5601470922681672,39
T7-FT9,2,ictal,31.5,5.290754178385129,39
T7-FT9,2,ictal,32.0,20.667967160225476,39
T7-FT9,2,ictal,32.5,6.106143063853828,39
T7-FT9,2,ictal,33.0,0.32658185806115747,39
T7-FT9,2,ictal,33.5,0.43068678212345446,39
T7-FT9,2,ictal,34.0,0.269528054444298,39
T7-FT9,2,ictal,34.5,0.3183065349848605,39
T7-FT9,2,ictal,35.0,0.4072563890339713,39
T7-FT9,2,ictal,35.5,0.30553226616706963,39
T7-FT9,2,ictal,36.0,0.5562283804681604,39
T7-FT9,2,ictal,36.5,0.20984361988433664,39
T7-FT9,2,ictal,37.0,0.14021777658392728,39
T7-FT9,2,ictal,37.5,0.18928267368058319,39
T7-FT9,2,ictal,38.0,0.23415930520591516,39
T7-FT9,2,ictal,38.5,0.2154111304953621,39
T7-FT9,2,ictal,39.0,0.15739309534038132,39
T7-FT9,2,ictal,39.5,0.1682773855441823,39
T7-FT9,2,ictal,40.0,0.18023921826359163,39
T7-FT9,2,sin_crisis_anotada,0.5,27.232146355963735,238
T7-FT9,2,sin_crisis_anotada,1.0,53.591498042826174,238
T7-FT9,2,sin_crisis_anotada,1.5,65.02662097663554,238
T7-FT9,2,sin_crisis_anotada,2.0,40.90468793068692,238
T7-FT9,2,sin_crisis_anotada,2.5,24.82300750459389,238
T7-FT9,2,sin_crisis_anotada,3.0,21.1242570026715,238
T7-FT9,2,sin_crisis_anotada,3.5,19.7057745498225,238
T7-FT9,2,sin_crisis_anotada,4.0,15.412025273120307,238
T7-FT9,2,sin_crisis_anotada,4.5,13.6334215714392,238
T7-FT9,2,sin_crisis_anotada,5.0,10.83363957667467,238
T7-FT9,2,sin_crisis_anotada,5.5,9.249720074189895,238
T7-FT9,2,sin_crisis_anotada,6.0,9.102710112811735,238
T7-FT9,2,sin_crisis_anotada,6.5,6.3992676192045845,238
T7-FT9,2,sin_crisis_anotada,7.0,6.331768001234902,238
T7-FT9,2,sin_crisis_anotada,7.5,4.0252708091645,238
T7-FT9,2,sin_crisis_anotada,8.0,2.5745700857649823,238
T7-FT9,2,sin_crisis_anotada,8.5,1.8137860136765882,238
T7-FT9,2,sin_crisis_anotada,9.0,1.7721462426524655,238
T7-FT9,2,sin_crisis_anotada,9.5,1.5012294603736502,238
T7-FT9,2,sin_crisis_anotada,10.0,1.1081396454014119,238
T7-FT9,2,sin_crisis_anotada,10.5,1.3092767500419553,238
T7-FT9,2,sin_crisis_anotada,11.0,1.365585134801273,238
T7-FT9,2,sin_crisis_anotada,11.5,1.3939695309284823,238
T7-FT9,2,sin_crisis_anotada,12.0,1.4658046886919407,238
T7-FT9,2,sin_crisis_anotada,12.5,1.266592300976145,238
T7-FT9,2,sin_crisis_anotada,13.0,1.0903836529180309,238
T7-FT9,2,sin_crisis_anotada,13.5,0.8414311113564374,238
T7-FT9,2,sin_crisis_anotada,14.0,0.7960026994902188,238
T7-FT9,2,sin_crisis_anotada,14.5,0.624771571211366,238
T7-FT9,2,sin_crisis_anotada,15.0,0.523407772135928,238
T7-FT9,2,sin_crisis_anotada,15.5,14.877322291377817,238
T7-FT9,2,sin_crisis_anotada,16.0,37.468724643692326,238
T7-FT9,2,sin_crisis_anotada,16.5,11.002204575058267,238
T7-FT9,2,sin_crisis_anotada,17.0,0.3168174431207554,238
T7-FT9,2,sin_crisis_anotada,17.5,0.33749221735584634,238
T7-FT9,2,sin_crisis_anotada,18.0,0.2509169201085537,238
T7-FT9,2,sin_crisis_anotada,18.5,0.20569701873860785,238
T7-FT9,2,sin_crisis_anotada,19.0,0.23330538475970858,238
T7-FT9,2,sin_crisis_anotada,19.5,0.2501995868997047,238
T7-FT9,2,sin_crisis_anotada,20.0,0.36329599902295817,238
T7-FT9,2,sin_crisis_anotada,20.5,0.17719350030019293,238
T7-FT9,2,sin_crisis_anotada,21.0,0.18007640553921067,238
T7-FT9,2,sin_crisis_anotada,21.5,0.19912610569325823,238
T7-FT9,2,sin_crisis_anotada,22.0,0.164910104566057,238
T7-FT9,2,sin_crisis_anotada,22.5,0.15800108437522647,238
T7-FT9,2,sin_crisis_anotada,23.0,0.1577100044176463,238
T7-FT9,2,sin_crisis_anotada,23.5,0.1758713258872665,238
T7-FT9,2,sin_crisis_anotada,24.0,0.16958084570781323,238
T7-FT9,2,sin_crisis_anotada,24.5,0.13350001337203296,238
T7-FT9,2,sin_crisis_anotada,25.0,0.11889671608867527,238
T7-FT9,2,sin_crisis_anotada,25.5,0.13054805387811888,238
T7-FT9,2,sin_crisis_anotada,26.0,0.1282311785946156,238
T7-FT9,2,sin_crisis_anotada,26.5,0.09623825342780712,238
T7-FT9,2,sin_crisis_anotada,27.0,0.10220374408586255,238
T7-FT9,2,sin_crisis_anotada,27.5,0.2303742398389252,238
T7-FT9,2,sin_crisis_anotada,28.0,0.6035985587717583,238
T7-FT9,2,sin_crisis_anotada,28.5,0.2212485541305336,238
T7-FT9,2,sin_crisis_anotada,29.0,0.08783192884085553,238
T7-FT9,2,sin_crisis_anotada,29.5,0.07288280201777048,238
T7-FT9,2,sin_crisis_anotada,30.0,0.0697261817739622,238
T7-FT9,2,sin_crisis_anotada,30.5,0.06848231825709147,238
T7-FT9,2,sin_crisis_anotada,31.0,0.05753040901300419,238
T7-FT9,2,sin_crisis_anotada,31.5,5.285088509020024,238
T7-FT9,2,sin_crisis_anotada,32.0,23.236351695684114,238
T7-FT9,2,sin_crisis_anotada,32.5,5.56262668527012,238
T7-FT9,2,sin_crisis_anotada,33.0,0.052996699816217734,238
T7-FT9,2,sin_crisis_anotada,33.5,0.04371250193106582,238
T7-FT9,2,sin_crisis_anotada,34.0,0.04261563336020857,238
T7-FT9,2,sin_crisis_anotada,34.5,0.04152370747524611,238
T7-FT9,2,sin_crisis_anotada,35.0,0.03365901745621599,238
T7-FT9,2,sin_crisis_anotada,35.5,0.07427422661778935,238
T7-FT9,2,sin_crisis_anotada,36.0,0.20134080838131918,238
T7-FT9,2,sin_crisis_anotada,36.5,0.06259666710594794,238
T7-FT9,2,sin_crisis_anotada,37.0,0.024665854258160563,238
T7-FT9,2,sin_crisis_anotada,37.5,0.022819303971592705,238
T7-FT9,2,sin_crisis_anotada,38.0,0.028319340000426227,238
T7-FT9,2,sin_crisis_anotada,38.5,0.019062586997324084,238
T7-FT9,2,sin_crisis_anotada,39.0,0.01602823835940363,238
T7-FT9,2,sin_crisis_anotada,39.5,0.016923198947564857,238
T7-FT9,2,sin_crisis_anotada,40.0,0.017318085012641454,238
T7-FT9,2,transicion,0.5,264.6260129778069,2
T7-FT9,2,transicion,1.0,817.6454952469062,2
T7-FT9,2,transicion,1.5,252.27956891447727,2
T7-FT9,2,transicion,2.0,228.29147183811563,2
T7-FT9,2,transicion,2.5,19.774022767345095,2
T7-FT9,2,transicion,3.0,29.495184559390236,2
T7-FT9,2,transicion,3.5,43.89073048361816,2
T7-FT9,2,transicion,4.0,21.023231567033683,2
T7-FT9,2,transicion,4.5,3.757106952265233,2
T7-FT9,2,transicion,5.0,5.217950182146202,2
T7-FT9,2,transicion,5.5,26.139377922612063,2
T7-FT9,2,transicion,6.0,30.42304840373118,2
T7-FT9,2,transicion,6.5,14.993179164325955,2
T7-FT9,2,transicion,7.0,10.155329171279629,2
T7-FT9,2,transicion,7.5,14.54690219084171,2
T7-FT9,2,transicion,8.0,15.752307181697343,2
T7-FT9,2,transicion,8.5,3.93964615415325,2
T7-FT9,2,transicion,9.0,2.3098103388893145,2
T7-FT9,2,transicion,9.5,10.66599836137651,2
T7-FT9,2,transicion,10.0,15.70498509506937,2
T7-FT9,2,transicion,10.5,5.843638419801801,2
T7-FT9,2,transicion,11.0,5.591357410800193,2
T7-FT9,2,transicion,11.5,12.672730184354025,2
T7-FT9,2,transicion,12.0,7.627465281895621,2
T7-FT9,2,transicion,12.5,4.660482085689966,2
T7-FT9,2,transicion,13.0,9.288691165624419,2
T7-FT9,2,transicion,13.5,8.750678448967586,2
T7-FT9,2,transicion,14.0,2.1785726136848687,2
T7-FT9,2,transicion,14.5,0.19968471906130336,2
T7-FT9,2,transicion,15.0,0.11346112328812294,2
T7-FT9,2,transicion,15.5,24.57475637488264,2
T7-FT9,2,transicion,16.0,79.74227830366566,2
T7-FT9,2,transicion,16.5,20.69782933509576,2
T7-FT9,2,transicion,17.0,0.300881970215816,2
T7-FT9,2,transicion,17.5,0.6258170607739311,2
T7-FT9,2,transicion,18.0,0.3953092087340836,2
T7-FT9,2,transicion,18.5,0.18666499365621556,2
T7-FT9,2,transicion,19.0,0.24019548515906775,2
T7-FT9,2,transicion,19.5,0.15461619316523445,2
T7-FT9,2,transicion,20.0,0.2518532455135868,2
T7-FT9,2,transicion,20.5,0.4331362079253699,2
T7-FT9,2,transicion,21.0,0.2662056930969212,2
T7-FT9,2,transicion,21.5,0.4208430644227537,2
T7-FT9,2,transicion,22.0,0.9138758617816023,2
T7-FT9,2,transicion,22.5,0.29825667289515156,2
T7-FT9,2,transicion,23.0,0.4281967503047846,2
T7-FT9,2,transicion,23.5,1.0839112362096692,2
T7-FT9,2,transicion,24.0,1.9791422858784213,2
T7-FT9,2,transicion,24.5,2.1443523180349686,2
T7-FT9,2,transicion,25.0,1.85576932784017,2
T7-FT9,2,transicion,25.5,0.9699390623814681,2
T7-FT9,2,transicion,26.0,0.31028651108935473,2
T7-FT9,2,transicion,26.5,0.2543462999618792,2
T7-FT9,2,transicion,27.0,0.1669865672072709,2
T7-FT9,2,transicion,27.5,0.3183229900615962,2
T7-FT9,2,transicion,28.0,0.9456990122588266,2
T7-FT9,2,transicion,28.5,0.2462955314045772,2
T7-FT9,2,transicion,29.0,0.44486433934816005,2
T7-FT9,2,transicion,29.5,0.7089537381975342,2
T7-FT9,2,transicion,30.0,0.708232933904703,2
T7-FT9,2,transicion,30.5,0.8004282804123549,2
T7-FT9,2,transicion,31.0,0.8648340085804869,2
T7-FT9,2,transicion,31.5,18.543219507104236,2
T7-FT9,2,transicion,32.0,60.00976153449242,2
T7-FT9,2,transicion,32.5,16.72680272930401,2
T7-FT9,2,transicion,33.0,0.1358914283059067,2
T7-FT9,2,transicion,33.5,0.8578310075381879,2
T7-FT9,2,transicion,34.0,1.4969691414192734,2
T7-FT9,2,transicion,34.5,0.6840076590472126,2
T7-FT9,2,transicion,35.0,0.16408457815794397,2
T7-FT9,2,transicion,35.5,0.1842100169128255,2
T7-FT9,2,transicion,36.0,0.3576882581475787,2
T7-FT9,2,transicion,36.5,0.20809113054503206,2
T7-FT9,2,transicion,37.0,0.08301674953190173,2
T7-FT9,2,transicion,37.5,0.10717924191385714,2
T7-FT9,2,transicion,38.0,0.16914004460690885,2
T7-FT9,2,transicion,38.5,0.42725429407385646,2
T7-FT9,2,transicion,39.0,0.4179148671556059,2
T7-FT9,2,transicion,39.5,0.11424248767822105,2
T7-FT9,2,transicion,40.0,0.0992642767718072,2
T7-FT9,4,ictal,0.5,196.20725344794172,19
T7-FT9,4,ictal,1.0,632.8692191170571,19
T7-FT9,4,ictal,1.5,797.1784621339128,19
T7-FT9,4,ictal,2.0,444.2708512052711,19
T7-FT9,4,ictal,2.5,376.9695921635255,19
T7-FT9,4,ictal,3.0,289.57476763933875,19
T7-FT9,4,ictal,3.5,179.92180167656633,19
T7-FT9,4,ictal,4.0,160.40096461213932,19
T7-FT9,4,ictal,4.5,80.82461115799926,19
T7-FT9,4,ictal,5.0,70.6697667822739,19
T7-FT9,4,ictal,5.5,72.85483068122763,19
T7-FT9,4,ictal,6.0,106.05980438771924,19
T7-FT9,4,ictal,6.5,40.87093621039127,19
T7-FT9,4,ictal,7.0,22.532629930940782,19
T7-FT9,4,ictal,7.5,12.848465435515157,19
T7-FT9,4,ictal,8.0,8.490434888574436,19
T7-FT9,4,ictal,8.5,8.72073514116842,19
T7-FT9,4,ictal,9.0,6.372502519337547,19
T7-FT9,4,ictal,9.5,5.673134492882039,19
T7-FT9,4,ictal,10.0,6.494676949122382,19
T7-FT9,4,ictal,10.5,4.977340972406798,19
T7-FT9,4,ictal,11.0,4.318203764626522,19
T7-FT9,4,ictal,11.5,3.9992186642098773,19
T7-FT9,4,ictal,12.0,3.111038987093769,19
T7-FT9,4,ictal,12.5,3.001731237428835,19
T7-FT9,4,ictal,13.0,2.9981230486462445,19
T7-FT9,4,ictal,13.5,3.6125913379292065,19
T7-FT9,4,ictal,14.0,2.0202285878432438,19
T7-FT9,4,ictal,14.5,1.7238025848040062,19
T7-FT9,4,ictal,15.0,1.7550913223036477,19
T7-FT9,4,ictal,15.5,7.735162115013719,19
T7-FT9,4,ictal,16.0,25.7943582834513,19
T7-FT9,4,ictal,16.5,7.938571661901679,19
T7-FT9,4,ictal,17.0,0.970956685133098,19
T7-FT9,4,ictal,17.5,0.9089509139692361,19
T7-FT9,4,ictal,18.0,1.265757847735509,19
T7-FT9,4,ictal,18.5,0.728799431096297,19
T7-FT9,4,ictal,19.0,0.6081031005701156,19
T7-FT9,4,ictal,19.5,0.823253025974576,19
T7-FT9,4,ictal,20.0,1.465151016900264,19
T7-FT9,4,ictal,20.5,1.5353502152174971,19
T7-FT9,4,ictal,21.0,0.9579398899011417,19
T7-FT9,4,ictal,21.5,0.7237841966288845,19
T7-FT9,4,ictal,22.0,0.7571386653101017,19
T7-FT9,4,ictal,22.5,0.7957996925591461,19
T7-FT9,4,ictal,23.0,0.9961497442007113,19
T7-FT9,4,ictal,23.5,1.1248597366778583,19
T7-FT9,4,ictal,24.0,0.9574830081464524,19
T7-FT9,4,ictal,24.5,0.579937834448154,19
T7-FT9,4,ictal,25.0,0.6904029318313473,19
T7-FT9,4,ictal,25.5,0.7193849613786626,19
T7-FT9,4,ictal,26.0,0.672517419230902,19
T7-FT9,4,ictal,26.5,0.4688644784940581,19
T7-FT9,4,ictal,27.0,0.4808335768667062,19
T7-FT9,4,ictal,27.5,0.63210742581578,19
T7-FT9,4,ictal,28.0,1.1439482040236904,19
T7-FT9,4,ictal,28.5,0.8841901500603417,19
T7-FT9,4,ictal,29.0,0.6122690703786491,19
T7-FT9,4,ictal,29.5,0.6338343437803345,19
T7-FT9,4,ictal,30.0,0.3345241634987511,19
T7-FT9,4,ictal,30.5,0.4200613446886978,19
T7-FT9,4,ictal,31.0,0.5357085166808638,19
T7-FT9,4,ictal,31.5,5.950565264017313,19
T7-FT9,4,ictal,32.0,19.06337009944966,19
T7-FT9,4,ictal,32.5,5.816851413494831,19
T7-FT9,4,ictal,33.0,0.44616867725670795,19
T7-FT9,4,ictal,33.5,0.5374849697613293,19
T7-FT9,4,ictal,34.0,0.23322067809891592,19
T7-FT9,4,ictal,34.5,0.48310489933202333,19
T7-FT9,4,ictal,35.0,0.39144521546379346,19
T7-FT9,4,ictal,35.5,0.5791797855324129,19
T7-FT9,4,ictal,36.0,0.4740642474848349,19
T7-FT9,4,ictal,36.5,0.33283259624509526,19
T7-FT9,4,ictal,37.0,0.3124544971596843,19
T7-FT9,4,ictal,37.5,0.2576774732981647,19
T7-FT9,4,ictal,38.0,0.30258030409786185,19
T7-FT9,4,ictal,38.5,0.2530638058017496,19
T7-FT9,4,ictal,39.0,0.2515769501630894,19
T7-FT9,4,ictal,39.5,0.16433469938433734,19
T7-FT9,4,ictal,40.0,0.18691630913552873,19
T7-FT9,4,sin_crisis_anotada,0.5,32.86004731405002,118
T7-FT9,4,sin_crisis_anotada,1.0,62.36058565390094,118
T7-FT9,4,sin_crisis_anotada,1.5,82.49933996514123,118
T7-FT9,4,sin_crisis_anotada,2.0,56.73025389838429,118
T7-FT9,4,sin_crisis_anotada,2.5,38.6755445595832,118
T7-FT9,4,sin_crisis_anotada,3.0,28.174766315130864,118
T7-FT9,4,sin_crisis_anotada,3.5,24.484368630569847,118
T7-FT9,4,sin_crisis_anotada,4.0,20.119052711738167,118
T7-FT9,4,sin_crisis_anotada,4.5,14.999179809669942,118
T7-FT9,4,sin_crisis_anotada,5.0,13.12858645286899,118
T7-FT9,4,sin_crisis_anotada,5.5,12.159024529998835,118
T7-FT9,4,sin_crisis_anotada,6.0,11.741755824543223,118
T7-FT9,4,sin_crisis_anotada,6.5,10.061581148449445,118
T7-FT9,4,sin_crisis_anotada,7.0,7.562574176101491,118
T7-FT9,4,sin_crisis_anotada,7.5,5.635096116775266,118
T7-FT9,4,sin_crisis_anotada,8.0,3.4107576934736796,118
T7-FT9,4,sin_crisis_anotada,8.5,2.680054416869008,118
T7-FT9,4,sin_crisis_anotada,9.0,2.455162756108435,118
T7-FT9,4,sin_crisis_anotada,9.5,2.0771305192277763,118
T7-FT9,4,sin_crisis_anotada,10.0,1.7622309783955448,118
T7-FT9,4,sin_crisis_anotada,10.5,1.675427336030658,118
T7-FT9,4,sin_crisis_anotada,11.0,1.8935491023029525,118
T7-FT9,4,sin_crisis_anotada,11.5,1.7844887018501352,118
T7-FT9,4,sin_crisis_anotada,12.0,1.9200788747412492,118
T7-FT9,4,sin_crisis_anotada,12.5,1.6818979986653908,118
T7-FT9,4,sin_crisis_anotada,13.0,1.4742062480262774,118
T7-FT9,4,sin_crisis_anotada,13.5,1.3103208562306383,118
T7-FT9,4,sin_crisis_anotada,14.0,1.0932290228355408,118
T7-FT9,4,sin_crisis_anotada,14.5,0.8857567959841084,118
T7-FT9,4,sin_crisis_anotada,15.0,0.7367846679953536,118
T7-FT9,4,sin_crisis_anotada,15.5,15.376017466480754,118
T7-FT9,4,sin_crisis_anotada,16.0,62.71846787416217,118
T7-FT9,4,sin_crisis_anotada,16.5,16.665959304077198,118
T7-FT9,4,sin_crisis_anotada,17.0,0.41765216918353143,118
T7-FT9,4,sin_crisis_anotada,17.5,0.4268580054073137,118
T7-FT9,4,sin_crisis_anotada,18.0,0.3507695071094282,118
T7-FT9,4,sin_crisis_anotada,18.5,0.2980273598352097,118
T7-FT9,4,sin_crisis_anotada,19.0,0.268545914884562,118
T7-FT9,4,sin_crisis_anotada,19.5,0.32357085245267136,118
T7-FT9,4,sin_crisis_anotada,20.0,0.41938898036429423,118
T7-FT9,4,sin_crisis_anotada,20.5,0.2826509174653209,118
T7-FT9,4,sin_crisis_anotada,21.0,0.2188713817813372,118
T7-FT9,4,sin_crisis_anotada,21.5,0.22919754526781455,118
T7-FT9,4,sin_crisis_anotada,22.0,0.21575842729552497,118
T7-FT9,4,sin_crisis_anotada,22.5,0.18538718524412756,118
T7-FT9,4,sin_crisis_anotada,23.0,0.2322798888870609,118
T7-FT9,4,sin_crisis_anotada,23.5,0.2273599745200694,118
T7-FT9,4,sin_crisis_anotada,24.0,0.19542596400372658,118
T7-FT9,4,sin_crisis_anotada,24.5,0.1790368776088332,118
T7-FT9,4,sin_crisis_anotada,25.0,0.14468484701954598,118
T7-FT9,4,sin_crisis_anotada,25.5,0.1900618214502964,118
T7-FT9,4,sin_crisis_anotada,26.0,0.15698226430158743,118
T7-FT9,4,sin_crisis_anotada,26.5,0.11498720689253814,118
T7-FT9,4,sin_crisis_anotada,27.0,0.11597238727376183,118
T7-FT9,4,sin_crisis_anotada,27.5,0.247389155456259,118
T7-FT9,4,sin_crisis_anotada,28.0,0.6644015863326833,118
T7-FT9,4,sin_crisis_anotada,28.5,0.252209851675327,118
T7-FT9,4,sin_crisis_anotada,29.0,0.10444340980888217,118
T7-FT9,4,sin_crisis_anotada,29.5,0.0878726995691951,118
T7-FT9,4,sin_crisis_anotada,30.0,0.0818732178985759,118
T7-FT9,4,sin_crisis_anotada,30.5,0.07538077622924963,118
T7-FT9,4,sin_crisis_anotada,31.0,0.060532767459720596,118
T7-FT9,4,sin_crisis_anotada,31.5,11.20327580537134,118
T7-FT9,4,sin_crisis_anotada,32.0,43.565225569668755,118
T7-FT9,4,sin_crisis_anotada,32.5,9.809677990356326,118
T7-FT9,4,sin_crisis_anotada,33.0,0.06371717030227549,118
T7-FT9,4,sin_crisis_anotada,33.5,0.05358343653509133,118
T7-FT9,4,sin_crisis_anotada,34.0,0.05433153051605833,118
T7-FT9,4,sin_crisis_anotada,34.5,0.05370246567654442,118
T7-FT9,4,sin_crisis_anotada,35.0,0.04535704169694525,118
T7-FT9,4,sin_crisis_anotada,35.5,0.08613570848356639,118
T7-FT9,4,sin_crisis_anotada,36.0,0.21823297440821093,118
T7-FT9,4,sin_crisis_anotada,36.5,0.08008725773657663,118
T7-FT9,4,sin_crisis_anotada,37.0,0.028901520034615685,118
T7-FT9,4,sin_crisis_anotada,37.5,0.02925888132835088,118
T7-FT9,4,sin_crisis_anotada,38.0,0.03282454909225081,118
T7-FT9,4,sin_crisis_anotada,38.5,0.02273807243153832,118
T7-FT9,4,sin_crisis_anotada,39.0,0.021509841405328144,118
T7-FT9,4,sin_crisis_anotada,39.5,0.021703476482597954,118
T7-FT9,4,sin_crisis_anotada,40.0,0.020615416367012574,118
T7-FT9,4,transicion,0.5,255.28727317380017,2
T7-FT9,4,transicion,1.0,711.5887960879976,2
T7-FT9,4,transicion,1.5,334.5002433614593,2
T7-FT9,4,transicion,2.0,185.60996663498395,2
T7-FT9,4,transicion,2.5,24.33246714757456,2
T7-FT9,4,transicion,3.0,51.32505000189557,2
T7-FT9,4,transicion,3.5,45.020148789415686,2
T7-FT9,4,transicion,4.0,46.564652454574,2
T7-FT9,4,transicion,4.5,33.088514986366505,2
T7-FT9,4,transicion,5.0,18.55037019447169,2
T7-FT9,4,transicion,5.5,39.04517757654317,2
T7-FT9,4,transicion,6.0,31.958607285302907,2
T7-FT9,4,transicion,6.5,8.494700084545117,2
T7-FT9,4,transicion,7.0,7.753592158096112,2
T7-FT9,4,transicion,7.5,10.71707534483976,2
T7-FT9,4,transicion,8.0,7.9151187843485165,2
T7-FT9,4,transicion,8.5,2.747759495808619,2
T7-FT9,4,transicion,9.0,3.409647135643011,2
T7-FT9,4,transicion,9.5,7.137506651198695,2
T7-FT9,4,transicion,10.0,12.746530169692559,2
T7-FT9,4,transicion,10.5,23.48543695059851,2
T7-FT9,4,transicion,11.0,14.975821220687441,2
T7-FT9,4,transicion,11.5,5.977207457124825,2
T7-FT9,4,transicion,12.0,3.0039850343623926,2
T7-FT9,4,transicion,12.5,2.282728598410506,2
T7-FT9,4,transicion,13.0,3.595869165286085,2
T7-FT9,4,transicion,13.5,3.7865970380896607,2
T7-FT9,4,transicion,14.0,1.0738700789935218,2
T7-FT9,4,transicion,14.5,0.8991898365245017,2
T7-FT9,4,transicion,15.0,0.5352393911175284,2
T7-FT9,4,transicion,15.5,20.714482484463996,2
T7-FT9,4,transicion,16.0,76.34491782863059,2
T7-FT9,4,transicion,16.5,18.271309329392622,2
T7-FT9,4,transicion,17.0,0.7371625469471692,2
T7-FT9,4,transicion,17.5,0.814605841948945,2
T7-FT9,4,transicion,18.0,0.671946231416378,2
T7-FT9,4,transicion,18.5,0.384151001755911,2
T7-FT9,4,transicion,19.0,0.4267876090765915,2
T7-FT9,4,transicion,19.5,0.5253675904587123,2
T7-FT9,4,transicion,20.0,0.3753480891952839,2
T7-FT9,4,transicion,20.5,0.32189644861405475,2
T7-FT9,4,transicion,21.0,0.3193793309634497,2
T7-FT9,4,transicion,21.5,0.6089285881525224,2
T7-FT9,4,transicion,22.0,0.6285347198277472,2
T7-FT9,4,transicion,22.5,0.41300130483709674,2
T7-FT9,4,transicion,23.0,0.4209302353376797,2
T7-FT9,4,transicion,23.5,0.6723778910509788,2
T7-FT9,4,transicion,24.0,0.9684863187812325,2
T7-FT9,4,transicion,24.5,0.9297995028395992,2
T7-FT9,4,transicion,25.0,0.7899087402586152,2
T7-FT9,4,transicion,25.5,0.5016566162041068,2
T7-FT9,4,transicion,26.0,0.2857701220147014,2
T7-FT9,4,transicion,26.5,0.3205024756725702,2
T7-FT9,4,transicion,27.0,0.2560970070990094,2
T7-FT9,4,transicion,27.5,0.45046476078518927,2
T7-FT9,4,transicion,28.0,0.7462778878310244,2
T7-FT9,4,transicion,28.5,0.30054513191786214,2
T7-FT9,4,transicion,29.0,0.2885832043020499,2
T7-FT9,4,transicion,29.5,0.4051428574324193,2
T7-FT9,4,transicion,30.0,0.34903414544799694,2
T7-FT9,4,transicion,30.5,0.3560145989154492,2
T7-FT9,4,transicion,31.0,0.3975969435025087,2
T7-FT9,4,transicion,31.5,14.411585192435687,2
T7-FT9,4,transicion,32.0,52.83760678243026,2
T7-FT9,4,transicion,32.5,13.071792413612176,2
T7-FT9,4,transicion,33.0,0.1422177035453676,2
T7-FT9,4,transicion,33.5,0.3664010132744406,2
T7-FT9,4,transicion,34.0,0.5528611389936604,2
T7-FT9,4,transicion,34.5,0.29189196070920465,2
T7-FT9,4,transicion,35.0,0.0783962833913728,2
T7-FT9,4,transicion,35.5,0.20503348979137223,2
T7-FT9,4,transicion,36.0,0.33464339570561874,2
T7-FT9,4,transicion,36.5,0.12855544252392967,2
T7-FT9,4,transicion,37.0,0.08903090182587536,2
T7-FT9,4,transicion,37.5,0.06799388286241127,2
T7-FT9,4,transicion,38.0,0.11264105822904699,2
T7-FT9,4,transicion,38.5,0.17555758112258676,2
T7-FT9,4,transicion,39.0,0.2472915991629915,2
T7-FT9,4,transicion,39.5,0.11917173944972433,2
T7-FT9,4,transicion,40.0,0.06449143122307584,2
T7-FT9,8,ictal,0.5,299.41899539175387,9
T7-FT9,8,ictal,1.0,785.5221530551214,9
T7-FT9,8,ictal,1.5,662.56901616758,9
T7-FT9,8,ictal,2.0,433.87193875010735,9
T7-FT9,8,ictal,2.5,382.65509335008454,9
T7-FT9,8,ictal,3.0,285.92133183566284,9
T7-FT9,8,ictal,3.5,266.64380053804126,9
T7-FT9,8,ictal,4.0,158.13673493552386,9
T7-FT9,8,ictal,4.5,83.09365657262808,9
T7-FT9,8,ictal,5.0,72.92184063954076,9
T7-FT9,8,ictal,5.5,82.92774617468378,9
T7-FT9,8,ictal,6.0,103.88880894892183,9
T7-FT9,8,ictal,6.5,49.39939585901118,9
T7-FT9,8,ictal,7.0,22.93174939087649,9
T7-FT9,8,ictal,7.5,18.39300661639441,9
T7-FT9,8,ictal,8.0,10.036370371789033,9
T7-FT9,8,ictal,8.5,10.31573668974042,9
T7-FT9,8,ictal,9.0,8.292079103840493,9
T7-FT9,8,ictal,9.5,6.632810799101093,9
T7-FT9,8,ictal,10.0,7.083015404766465,9
T7-FT9,8,ictal,10.5,5.3553983915839165,9
T7-FT9,8,ictal,11.0,4.959954409623733,9
T7-FT9,8,ictal,11.5,3.746543090313089,9
T7-FT9,8,ictal,12.0,3.2645475641759036,9
T7-FT9,8,ictal,12.5,3.0420483743162654,9
T7-FT9,8,ictal,13.0,3.5181093781754433,9
T7-FT9,8,ictal,13.5,3.759196035278067,9
T7-FT9,8,ictal,14.0,1.7701520073127337,9
T7-FT9,8,ictal,14.5,1.9711119626209477,9
T7-FT9,8,ictal,15.0,1.8108685205349564,9
T7-FT9,8,ictal,15.5,7.376879324376477,9
T7-FT9,8,ictal,16.0,25.364148316190267,9
T7-FT9,8,ictal,16.5,8.480257208070379,9
T7-FT9,8,ictal,17.0,1.52859653520985,9
T7-FT9,8,ictal,17.5,1.4175133762377072,9
T7-FT9,8,ictal,18.0,1.23929762269679,9
T7-FT9,8,ictal,18.5,1.2981601277792518,9
T7-FT9,8,ictal,19.0,1.5904685567421268,9
T7-FT9,8,ictal,19.5,1.6123317498776726,9
T7-FT9,8,ictal,20.0,1.6186085271453268,9
T7-FT9,8,ictal,20.5,1.6822115729383236,9
T7-FT9,8,ictal,21.0,0.8929159147071022,9
T7-FT9,8,ictal,21.5,0.8856859015860549,9
T7-FT9,8,ictal,22.0,1.0278611872147654,9
T7-FT9,8,ictal,22.5,0.9027577095473778,9
T7-FT9,8,ictal,23.0,1.3662653594734775,9
T7-FT9,8,ictal,23.5,1.0318420789093716,9
T7-FT9,8,ictal,24.0,0.9749674901467362,9
T7-FT9,8,ictal,24.5,0.874282406387794,9
T7-FT9,8,ictal,25.0,0.8189352047514309,9
T7-FT9,8,ictal,25.5,0.7629406324416752,9
T7-FT9,8,ictal,26.0,0.6873863119304875,9
T7-FT9,8,ictal,26.5,0.5930824038782098,9
T7-FT9,8,ictal,27.0,0.4829472384185068,9
T7-FT9,8,ictal,27.5,0.7390286181585202,9
T7-FT9,8,ictal,28.0,1.3146638815385339,9
T7-FT9,8,ictal,28.5,1.3943312214255186,9
T7-FT9,8,ictal,29.0,1.031179562799138,9
T7-FT9,8,ictal,29.5,1.0764695332193048,9
T7-FT9,8,ictal,30.0,0.4499874290697564,9
T7-FT9,8,ictal,30.5,0.8642468479329264,9
T7-FT9,8,ictal,31.0,1.1506042491577895,9
T7-FT9,8,ictal,31.5,5.639605714040428,9
T7-FT9,8,ictal,32.0,24.530113648078704,9
T7-FT9,8,ictal,32.5,6.529148237612259,9
T7-FT9,8,ictal,33.0,1.108484543897063,9
T7-FT9,8,ictal,33.5,1.0336041568931393,9
T7-FT9,8,ictal,34.0,0.7248961541785786,9
T7-FT9,8,ictal,34.5,0.7956378904844783,9
T7-FT9,8,ictal,35.0,0.9229519605756931,9
T7-FT9,8,ictal,35.5,0.7753158732521429,9
T7-FT9,8,ictal,36.0,0.8281315492810768,9
T7-FT9,8,ictal,36.5,0.8648032212331309,9
T7-FT9,8,ictal,37.0,0.452860681657151,9
T7-FT9,8,ictal,37.5,0.3761665178615829,9
T7-FT9,8,ictal,38.0,0.48074556997235623,9
T7-FT9,8,ictal,38.5,0.5820002363684322,9
T7-FT9,8,ictal,39.0,0.525066612492851,9
T7-FT9,8,ictal,39.5,0.4160429408946542,9
T7-FT9,8,ictal,40.0,0.31252058472319444,9
T7-FT9,8,sin_crisis_anotada,0.5,41.14239541029561,58
T7-FT9,8,sin_crisis_anotada,1.0,71.96016212135557,58
T7-FT9,8,sin_crisis_anotada,1.5,85.04924069178196,58
T7-FT9,8,sin_crisis_anotada,2.0,52.60300135742184,58
T7-FT9,8,sin_crisis_anotada,2.5,37.75786764625142,58
T7-FT9,8,sin_crisis_anotada,3.0,27.14870670005203,58
T7-FT9,8,sin_crisis_anotada,3.5,26.368256526961915,58
T7-FT9,8,sin_crisis_anotada,4.0,21.10094957301237,58
T7-FT9,8,sin_crisis_anotada,4.5,18.108724583132698,58
T7-FT9,8,sin_crisis_anotada,5.0,13.245066101480727,58
T7-FT9,8,sin_crisis_anotada,5.5,13.557195631130787,58
T7-FT9,8,sin_crisis_anotada,6.0,12.405932701945346,58
T7-FT9,8,sin_crisis_anotada,6.5,9.55459723874209,58
T7-FT9,8,sin_crisis_anotada,7.0,8.82004131937911,58
T7-FT9,8,sin_crisis_anotada,7.5,6.467291565952985,58
T7-FT9,8,sin_crisis_anotada,8.0,3.6969177373026048,58
T7-FT9,8,sin_crisis_anotada,8.5,2.9358868728371252,58
T7-FT9,8,sin_crisis_anotada,9.0,2.62872940491851,58
T7-FT9,8,sin_crisis_anotada,9.5,2.121249890809495,58
T7-FT9,8,sin_crisis_anotada,10.0,1.9229550381636753,58
T7-FT9,8,sin_crisis_anotada,10.5,2.1240017904046473,58
T7-FT9,8,sin_crisis_anotada,11.0,2.461449084831461,58
T7-FT9,8,sin_crisis_anotada,11.5,2.4499387691510983,58
T7-FT9,8,sin_crisis_anotada,12.0,2.472537046891429,58
T7-FT9,8,sin_crisis_anotada,12.5,2.6502243778471697,58
T7-FT9,8,sin_crisis_anotada,13.0,3.0292376977456756,58
T7-FT9,8,sin_crisis_anotada,13.5,1.9398924516652603,58
T7-FT9,8,sin_crisis_anotada,14.0,1.183872589932269,58
T7-FT9,8,sin_crisis_anotada,14.5,0.9748655831236657,58
T7-FT9,8,sin_crisis_anotada,15.0,0.7227708591461307,58
T7-FT9,8,sin_crisis_anotada,15.5,16.831693785670186,58
T7-FT9,8,sin_crisis_anotada,16.0,67.72821429363262,58
T7-FT9,8,sin_crisis_anotada,16.5,16.97346185668048,58
T7-FT9,8,sin_crisis_anotada,17.0,0.4491607921256187,58
T7-FT9,8,sin_crisis_anotada,17.5,0.44837395554746073,58
T7-FT9,8,sin_crisis_anotada,18.0,0.42671536644983776,58
T7-FT9,8,sin_crisis_anotada,18.5,0.3778885218631102,58
T7-FT9,8,sin_crisis_anotada,19.0,0.3260738699986886,58
T7-FT9,8,sin_crisis_anotada,19.5,0.38598903811075447,58
T7-FT9,8,sin_crisis_anotada,20.0,0.5331133949855715,58
T7-FT9,8,sin_crisis_anotada,20.5,0.30690718601437117,58
T7-FT9,8,sin_crisis_anotada,21.0,0.24223363055348673,58
T7-FT9,8,sin_crisis_anotada,21.5,0.2757835346451818,58
T7-FT9,8,sin_crisis_anotada,22.0,0.24501928654446947,58
T7-FT9,8,sin_crisis_anotada,22.5,0.1913223610700135,58
T7-FT9,8,sin_crisis_anotada,23.0,0.21667194464084893,58
T7-FT9,8,sin_crisis_anotada,23.5,0.2317779342537492,58
T7-FT9,8,sin_crisis_anotada,24.0,0.21641033566564966,58
T7-FT9,8,sin_crisis_anotada,24.5,0.18055379658381418,58
T7-FT9,8,sin_crisis_anotada,25.0,0.17613206550152474,58
T7-FT9,8,sin_crisis_anotada,25.5,0.22757650379553576,58
T7-FT9,8,sin_crisis_anotada,26.0,0.16698658645665845,58
T7-FT9,8,sin_crisis_anotada,26.5,0.1343729212882337,58
T7-FT9,8,sin_crisis_anotada,27.0,0.13093511029210325,58
T7-FT9,8,sin_crisis_anotada,27.5,0.32110498073636595,58
T7-FT9,8,sin_crisis_anotada,28.0,0.7389252093355689,58
T7-FT9,8,sin_crisis_anotada,28.5,0.2587533407927163,58
T7-FT9,8,sin_crisis_anotada,29.0,0.12044578131589448,58
T7-FT9,8,sin_crisis_anotada,29.5,0.10056591579385717,58
T7-FT9,8,sin_crisis_anotada,30.0,0.08276180681618753,58
T7-FT9,8,sin_crisis_anotada,30.5,0.07395188925328025,58
T7-FT9,8,sin_crisis_anotada,31.0,0.06021954068917197,58
T7-FT9,8,sin_crisis_anotada,31.5,11.7808419980215,58
T7-FT9,8,sin_crisis_anotada,32.0,46.341190767005614,58
T7-FT9,8,sin_crisis_anotada,32.5,10.978948698736435,58
T7-FT9,8,sin_crisis_anotada,33.0,0.06864339419898752,58
T7-FT9,8,sin_crisis_anotada,33.5,0.0583726836398053,58
T7-FT9,8,sin_crisis_anotada,34.0,0.06120718002645418,58
T7-FT9,8,sin_crisis_anotada,34.5,0.056107981771720675,58
T7-FT9,8,sin_crisis_anotada,35.0,0.054391057342786577,58
T7-FT9,8,sin_crisis_anotada,35.5,0.09570654260970077,58
T7-FT9,8,sin_crisis_anotada,36.0,0.22123318649167095,58
T7-FT9,8,sin_crisis_anotada,36.5,0.07943528019387401,58
T7-FT9,8,sin_crisis_anotada,37.0,0.02734493236308605,58
T7-FT9,8,sin_crisis_anotada,37.5,0.033365271463160075,58
T7-FT9,8,sin_crisis_anotada,38.0,0.033686218857869044,58
T7-FT9,8,sin_crisis_anotada,38.5,0.02029017048456331,58
T7-FT9,8,sin_crisis_anotada,39.0,0.021159891932542935,58
T7-FT9,8,sin_crisis_anotada,39.5,0.025889454639364626,58
T7-FT9,8,sin_crisis_anotada,40.0,0.01911091358409925,58
T7-FT9,8,transicion,0.5,357.47104482877,2
T7-FT9,8,transicion,1.0,641.4472719337027,2
T7-FT9,8,transicion,1.5,257.70266284479686,2
T7-FT9,8,transicion,2.0,199.5067011400512,2
T7-FT9,8,transicion,2.5,134.64068021418103,2
T7-FT9,8,transicion,3.0,56.54979645434338,2
T7-FT9,8,transicion,3.5,41.50527710295436,2
T7-FT9,8,transicion,4.0,54.21624841460983,2
T7-FT9,8,transicion,4.5,50.33705118064932,2
T7-FT9,8,transicion,5.0,28.700826690905703,2
T7-FT9,8,transicion,5.5,39.38047906424854,2
T7-FT9,8,transicion,6.0,33.6494185092565,2
T7-FT9,8,transicion,6.5,19.0062056770701,2
T7-FT9,8,transicion,7.0,15.825826269996881,2
T7-FT9,8,transicion,7.5,9.420589445083365,2
T7-FT9,8,transicion,8.0,11.679969781929652,2
T7-FT9,8,transicion,8.5,5.967842946183191,2
T7-FT9,8,transicion,9.0,3.902690429474042,2
T7-FT9,8,transicion,9.5,6.739385047036725,2
T7-FT9,8,transicion,10.0,8.606297360036411,2
T7-FT9,8,transicion,10.5,12.728592065661744,2
T7-FT9,8,transicion,11.0,8.402777948105022,2
T7-FT9,8,transicion,11.5,4.357025614580101,2
T7-FT9,8,transicion,12.0,2.863236321801114,2
T7-FT9,8,transicion,12.5,2.1646538224021814,2
T7-FT9,8,transicion,13.0,2.5393161121704937,2
T7-FT9,8,transicion,13.5,2.983836577732579,2
T7-FT9,8,transicion,14.0,1.342794600563804,2
T7-FT9,8,transicion,14.5,0.6050465687350436,2
T7-FT9,8,transicion,15.0,0.6781409394694454,2
T7-FT9,8,transicion,15.5,21.098066137115172,2
T7-FT9,8,transicion,16.0,80.66155581605753,2
T7-FT9,8,transicion,16.5,21.264357395569984,2
T7-FT9,8,transicion,17.0,0.5738415144790923,2
T7-FT9,8,transicion,17.5,0.6603566963067131,2
T7-FT9,8,transicion,18.0,0.6484400980877026,2
T7-FT9,8,transicion,18.5,0.35171298990853506,2
T7-FT9,8,transicion,19.0,0.5056240117090609,2
T7-FT9,8,transicion,19.5,0.5413539966355028,2
T7-FT9,8,transicion,20.0,0.7311324320789193,2
T7-FT9,8,transicion,20.5,0.5415376141214157,2
T7-FT9,8,transicion,21.0,0.3002309047548686,2
T7-FT9,8,transicion,21.5,0.5115384131348596,2
T7-FT9,8,transicion,22.0,0.578633204124934,2
T7-FT9,8,transicion,22.5,0.4352351380474276,2
T7-FT9,8,transicion,23.0,0.43510287452343366,2
T7-FT9,8,transicion,23.5,0.4420628588467254,2
T7-FT9,8,transicion,24.0,0.6040498192547462,2
T7-FT9,8,transicion,24.5,0.5666906917030002,2
T7-FT9,8,transicion,25.0,0.4845399764281748,2
T7-FT9,8,transicion,25.5,0.3654677240093394,2
T7-FT9,8,transicion,26.0,0.298809418866922,2
T7-FT9,8,transicion,26.5,0.22287643649429237,2
T7-FT9,8,transicion,27.0,0.15434670773343817,2
T7-FT9,8,transicion,27.5,0.3449385855228926,2
T7-FT9,8,transicion,28.0,0.6775389843466295,2
T7-FT9,8,transicion,28.5,0.26538990563201853,2
T7-FT9,8,transicion,29.0,0.31488388760517527,2
T7-FT9,8,transicion,29.5,0.409533125071471,2
T7-FT9,8,transicion,30.0,0.2752215592124167,2
T7-FT9,8,transicion,30.5,0.2610543501965128,2
T7-FT9,8,transicion,31.0,0.29300967952179,2
T7-FT9,8,transicion,31.5,13.653975414364314,2
T7-FT9,8,transicion,32.0,51.416701694647536,2
T7-FT9,8,transicion,32.5,12.98533694038731,2
T7-FT9,8,transicion,33.0,0.17022669970055163,2
T7-FT9,8,transicion,33.5,0.21049665098764875,2
T7-FT9,8,transicion,34.0,0.29198932220776413,2
T7-FT9,8,transicion,34.5,0.20706556315062397,2
T7-FT9,8,transicion,35.0,0.1475778053212999,2
T7-FT9,8,transicion,35.5,0.29993522198620637,2
T7-FT9,8,transicion,36.0,0.34898626388482756,2
T7-FT9,8,transicion,36.5,0.12127851496629619,2
T7-FT9,8,transicion,37.0,0.06651431259725304,2
T7-FT9,8,transicion,37.5,0.05650178948624031,2
T7-FT9,8,transicion,38.0,0.10493966496572596,2
T7-FT9,8,transicion,38.5,0.12011608363627171,2
T7-FT9,8,transicion,39.0,0.18225667006849208,2
T7-FT9,8,transicion,39.5,0.1578969380415356,2
T7-FT9,8,transicion,40.0,0.11284955040136792,2
T7-P7,2,ictal,0.5,194.47439811228594,39
T7-P7,2,ictal,1.0,548.9098451222296,39
T7-P7,2,ictal,1.5,760.1121003627138,39
T7-P7,2,ictal,2.0,609.8620187759278,39
T7-P7,2,ictal,2.5,461.1866874710166,39
T7-P7,2,ictal,3.0,412.87796315003686,39
T7-P7,2,ictal,3.5,277.53959103564716,39
T7-P7,2,ictal,4.0,218.85219731357196,39
T7-P7,2,ictal,4.5,130.988035764691,39
T7-P7,2,ictal,5.0,90.19130183784054,39
T7-P7,2,ictal,5.5,70.03700221864065,39
T7-P7,2,ictal,6.0,86.82829586726461,39
T7-P7,2,ictal,6.5,52.44401562496617,39
T7-P7,2,ictal,7.0,40.36497900221076,39
T7-P7,2,ictal,7.5,32.67106831503955,39
T7-P7,2,ictal,8.0,23.155471528345473,39
T7-P7,2,ictal,8.5,19.187725004297477,39
T7-P7,2,ictal,9.0,17.66124862026812,39
T7-P7,2,ictal,9.5,10.170349950099142,39
T7-P7,2,ictal,10.0,8.511104499546688,39
T7-P7,2,ictal,10.5,10.874101864520245,39
T7-P7,2,ictal,11.0,7.6248852338344175,39
T7-P7,2,ictal,11.5,5.357805521608658,39
T7-P7,2,ictal,12.0,3.159462350786347,39
T7-P7,2,ictal,12.5,2.658136199093186,39
T7-P7,2,ictal,13.0,3.9560412731804937,39
T7-P7,2,ictal,13.5,4.065177642297475,39
T7-P7,2,ictal,14.0,3.665210987564764,39
T7-P7,2,ictal,14.5,2.9742387854838688,39
T7-P7,2,ictal,15.0,2.1945196254381183,39
T7-P7,2,ictal,15.5,1.6300097118063375,39
T7-P7,2,ictal,16.0,3.550389040289242,39
T7-P7,2,ictal,16.5,2.5330675943601357,39
T7-P7,2,ictal,17.0,2.053656346234988,39
T7-P7,2,ictal,17.5,1.7434719055070942,39
T7-P7,2,ictal,18.0,1.8764787621740318,39
T7-P7,2,ictal,18.5,1.580217228215626,39
T7-P7,2,ictal,19.0,1.7834963232177448,39
T7-P7,2,ictal,19.5,1.5826972783391016,39
T7-P7,2,ictal,20.0,0.890378676217999,39
T7-P7,2,ictal,20.5,1.2224083130694587,39
T7-P7,2,ictal,21.0,1.4960427658450177,39
T7-P7,2,ictal,21.5,1.6680602771164466,39
T7-P7,2,ictal,22.0,1.3045179319664022,39
T7-P7,2,ictal,22.5,0.8265890185630083,39
T7-P7,2,ictal,23.0,1.2283824193889166,39
T7-P7,2,ictal,23.5,1.0871545734180106,39
T7-P7,2,ictal,24.0,0.9306892576813912,39
T7-P7,2,ictal,24.5,0.9382610467201278,39
T7-P7,2,ictal,25.0,0.7162772834275377,39
T7-P7,2,ictal,25.5,0.6510065738230303,39
T7-P7,2,ictal,26.0,0.7334657985931845,39
T7-P7,2,ictal,26.5,0.8346272190982658,39
T7-P7,2,ictal,27.0,0.8320725676108189,39
T7-P7,2,ictal,27.5,0.6873222766522542,39
T7-P7,2,ictal,28.0,0.6933605971389594,39
T7-P7,2,ictal,28.5,0.3337297380491464,39
T7-P7,2,ictal,29.0,0.34052568440742303,39
T7-P7,2,ictal,29.5,0.4611155663455426,39
T7-P7,2,ictal,30.0,0.43351380495966346,39
T7-P7,2,ictal,30.5,0.32302305373140694,39
T7-P7,2,ictal,31.0,0.37344251079830115,39
T7-P7,2,ictal,31.5,0.9325394446111245,39
T7-P7,2,ictal,32.0,2.3111295131946576,39
T7-P7,2,ictal,32.5,0.5889725805223007,39
T7-P7,2,ictal,33.0,0.40536640089466547,39
T7-P7,2,ictal,33.5,0.2882355103890707,39
T7-P7,2,ictal,34.0,0.3408648100574338,39
T7-P7,2,ictal,34.5,0.2491613288190052,39
T7-P7,2,ictal,35.0,0.2696151307832447,39
T7-P7,2,ictal,35.5,0.3605369352495271,39
T7-P7,2,ictal,36.0,0.26691341703222526,39
T7-P7,2,ictal,36.5,0.21855242513632478,39
T7-P7,2,ictal,37.0,0.2725229790289896,39
T7-P7,2,ictal,37.5,0.14281117469711677,39
T7-P7,2,ictal,38.0,0.11396267095785118,39
T7-P7,2,ictal,38.5,0.13482390324619578,39
T7-P7,2,ictal,39.0,0.16969888552208265,39
T7-P7,2,ictal,39.5,0.10983895009074293,39
T7-P7,2,ictal,40.0,0.10323376679890021,39
T7-P7,2,sin_crisis_anotada,0.5,46.51197011953395,238
T7-P7,2,sin_crisis_anotada,1.0,95.95756794458818,238
T7-P7,2,sin_crisis_anotada,1.5,117.99493437185026,238
T7-P7,2,sin_crisis_anotada,2.0,73.61045542309347,238
T7-P7,2,sin_crisis_anotada,2.5,52.51576313699534,238
T7-P7,2,sin_crisis_anotada,3.0,37.55579809849159,238
T7-P7,2,sin_crisis_anotada,3.5,29.304214037915713,238
T7-P7,2,sin_crisis_anotada,4.0,23.82607482202713,238
T7-P7,2,sin_crisis_anotada,4.5,19.86415476238111,238
T7-P7,2,sin_crisis_anotada,5.0,19.62727469750681,238
T7-P7,2,sin_crisis_anotada,5.5,22.7367326958398,238
T7-P7,2,sin_crisis_anotada,6.0,19.528102554954124,238
T7-P7,2,sin_crisis_anotada,6.5,14.808294791502245,238
T7-P7,2,sin_crisis_anotada,7.0,13.627120183757388,238
T7-P7,2,sin_crisis_anotada,7.5,10.213828101647174,238
T7-P7,2,sin_crisis_anotada,8.0,7.36094341665356,238
T7-P7,2,sin_crisis_anotada,8.5,5.93308723724628,238
T7-P7,2,sin_crisis_anotada,9.0,5.549866189319351,238
T7-P7,2,sin_crisis_anotada,9.5,4.5136229069396165,238
T7-P7,2,sin_crisis_anotada,10.0,4.024662075625607,238
T7-P7,2,sin_crisis_anotada,10.5,3.2608177601541875,238
T7-P7,2,sin_crisis_anotada,11.0,3.1641904047255314,238
T7-P7,2,sin_crisis_anotada,11.5,2.586156286160631,238
T7-P7,2,sin_crisis_anotada,12.0,2.5141185681473353,238
T7-P7,2,sin_crisis_anotada,12.5,2.413694298156547,238
T7-P7,2,sin_crisis_anotada,13.0,2.3195328022758632,238
T7-P7,2,sin_crisis_anotada,13.5,1.825572380094313,238
T7-P7,2,sin_crisis_anotada,14.0,1.3186345456283681,238
T7-P7,2,sin_crisis_anotada,14.5,1.2521097188546144,238
T7-P7,2,sin_crisis_anotada,15.0,0.9879798071527052,238
T7-P7,2,sin_crisis_anotada,15.5,1.2885562026402635,238
T7-P7,2,sin_crisis_anotada,16.0,2.179316916676446,238
T7-P7,2,sin_crisis_anotada,16.5,0.8583770923835534,238
T7-P7,2,sin_crisis_anotada,17.0,0.4732766609932933,238
T7-P7,2,sin_crisis_anotada,17.5,0.4652335349210981,238
T7-P7,2,sin_crisis_anotada,18.0,0.44566417925739343,238
T7-P7,2,sin_crisis_anotada,18.5,0.4010329780141421,238
T7-P7,2,sin_crisis_anotada,19.0,0.37866243340851446,238
T7-P7,2,sin_crisis_anotada,19.5,0.4201635340886887,238
T7-P7,2,sin_crisis_anotada,20.0,0.4157920957580087,238
T7-P7,2,sin_crisis_anotada,20.5,0.30981059258893,238
T7-P7,2,sin_crisis_anotada,21.0,0.29136606640118046,238
T7-P7,2,sin_crisis_anotada,21.5,0.3516595728289656,238
T7-P7,2,sin_crisis_anotada,22.0,0.28305319912090365,238
T7-P7,2,sin_crisis_anotada,22.5,0.23900176604704926,238
T7-P7,2,sin_crisis_anotada,23.0,0.2525265649568992,238
T7-P7,2,sin_crisis_anotada,23.5,0.27201970323803976,238
T7-P7,2,sin_crisis_anotada,24.0,0.26296536413974736,238
T7-P7,2,sin_crisis_anotada,24.5,0.27477778192537927,238
T7-P7,2,sin_crisis_anotada,25.0,0.2008917840667408,238
T7-P7,2,sin_crisis_anotada,25.5,0.1962149091335712,238
T7-P7,2,sin_crisis_anotada,26.0,0.19997285866672293,238
T7-P7,2,sin_crisis_anotada,26.5,0.20932888920773424,238
T7-P7,2,sin_crisis_anotada,27.0,0.17156008121729455,238
T7-P7,2,sin_crisis_anotada,27.5,0.18374942478183193,238
T7-P7,2,sin_crisis_anotada,28.0,0.17903787839670865,238
T7-P7,2,sin_crisis_anotada,28.5,0.1543642131423291,238
T7-P7,2,sin_crisis_anotada,29.0,0.15896001072633512,238
T7-P7,2,sin_crisis_anotada,29.5,0.1442470315634267,238
T7-P7,2,sin_crisis_anotada,30.0,0.12897930869643182,238
T7-P7,2,sin_crisis_anotada,30.5,0.11716395732867434,238
T7-P7,2,sin_crisis_anotada,31.0,0.12084206193593572,238
T7-P7,2,sin_crisis_anotada,31.5,0.4808532559243321,238
T7-P7,2,sin_crisis_anotada,32.0,1.4349888549905208,238
T7-P7,2,sin_crisis_anotada,32.5,0.47471994312279187,238
T7-P7,2,sin_crisis_anotada,33.0,0.08803319810465014,238
T7-P7,2,sin_crisis_anotada,33.5,0.08394806926417167,238
T7-P7,2,sin_crisis_anotada,34.0,0.07585423883602177,238
T7-P7,2,sin_crisis_anotada,34.5,0.0692652454509936,238
T7-P7,2,sin_crisis_anotada,35.0,0.057402137788580096,238
T7-P7,2,sin_crisis_anotada,35.5,0.05013369376668426,238
T7-P7,2,sin_crisis_anotada,36.0,0.04613391735928163,238
T7-P7,2,sin_crisis_anotada,36.5,0.04839702410578358,238
T7-P7,2,sin_crisis_anotada,37.0,0.04323852953061676,238
T7-P7,2,sin_crisis_anotada,37.5,0.03933476284388332,238
T7-P7,2,sin_crisis_anotada,38.0,0.033354468238491156,238
T7-P7,2,sin_crisis_anotada,38.5,0.028850411855890892,238
T7-P7,2,sin_crisis_anotada,39.0,0.027974069819732928,238
T7-P7,2,sin_crisis_anotada,39.5,0.02320444088843856,238
T7-P7,2,sin_crisis_anotada,40.0,0.02147887484186991,238
T7-P7,2,transicion,0.5,445.1121006876104,2
T7-P7,2,transicion,1.0,251.7304935486248,2
T7-P7,2,transicion,1.5,167.62451254938046,2
T7-P7,2,transicion,2.0,207.80676126163505,2
T7-P7,2,transicion,2.5,50.95049809884621,2
T7-P7,2,transicion,3.0,50.840294829831116,2
T7-P7,2,transicion,3.5,85.75501596407342,2
T7-P7,2,transicion,4.0,116.45049190936454,2
T7-P7,2,transicion,4.5,73.08288965828494,2
T7-P7,2,transicion,5.0,119.61981057106311,2
T7-P7,2,transicion,5.5,120.14609853934579,2
T7-P7,2,transicion,6.0,106.78579716316389,2
T7-P7,2,transicion,6.5,113.13751449626957,2
T7-P7,2,transicion,7.0,16.698172123335322,2
T7-P7,2,transicion,7.5,7.6227253697555,2
T7-P7,2,transicion,8.0,8.82154123193472,2
T7-P7,2,transicion,8.5,10.170290195540655,2
T7-P7,2,transicion,9.0,2.0453981290157572,2
T7-P7,2,transicion,9.5,1.3325510160884775,2
T7-P7,2,transicion,10.0,17.955013174013512,2
T7-P7,2,transicion,10.5,26.03196007263761,2
T7-P7,2,transicion,11.0,12.095771303386318,2
T7-P7,2,transicion,11.5,8.348232011594028,2
T7-P7,2,transicion,12.0,2.7267532120421465,2
T7-P7,2,transicion,12.5,3.9325345157070486,2
T7-P7,2,transicion,13.0,9.126842002066798,2
T7-P7,2,transicion,13.5,11.858023511071366,2
T7-P7,2,transicion,14.0,5.078855487239203,2
T7-P7,2,transicion,14.5,9.647708109773959,2
T7-P7,2,transicion,15.0,2.5596167529347813,2
T7-P7,2,transicion,15.5,0.5921742723433567,2
T7-P7,2,transicion,16.0,2.0138881992024364,2
T7-P7,2,transicion,16.5,0.8166412719287579,2
T7-P7,2,transicion,17.0,0.25020091122038135,2
T7-P7,2,transicion,17.5,0.8239524762863119,2
T7-P7,2,transicion,18.0,1.5361785967790027,2
T7-P7,2,transicion,18.5,0.7984219891884791,2
T7-P7,2,transicion,19.0,0.21329527539045454,2
T7-P7,2,transicion,19.5,2.4677045716982375,2
T7-P7,2,transicion,20.0,2.164883870246805,2
T7-P7,2,transicion,20.5,1.299778896213378,2
T7-P7,2,transicion,21.0,0.8808588590517583,2
T7-P7,2,transicion,21.5,0.23522069052212713,2
T7-P7,2,transicion,22.0,1.6246848039195885,2
T7-P7,2,transicion,22.5,0.7770206977208525,2
T7-P7,2,transicion,23.0,0.43102841505900513,2
T7-P7,2,transicion,23.5,0.6093617690082292,2
T7-P7,2,transicion,24.0,0.22708670696115696,2
T7-P7,2,transicion,24.5,0.18282074034898646,2
T7-P7,2,transicion,25.0,0.5166664587598233,2
T7-P7,2,transicion,25.5,0.19948815922753207,2
T7-P7,2,transicion,26.0,0.7904680553186567,2
T7-P7,2,transicion,26.5,0.5637484767507736,2
T7-P7,2,transicion,27.0,0.46382913081814753,2
T7-P7,2,transicion,27.5,0.40137343522200264,2
T7-P7,2,transicion,28.0,0.039186957488701754,2
T7-P7,2,transicion,28.5,0.48843871528065913,2
T7-P7,2,transicion,29.0,0.8313037804197668,2
T7-P7,2,transicion,29.5,0.4324076235938499,2
T7-P7,2,transicion,30.0,0.2539858376305812,2
T7-P7,2,transicion,30.5,0.5769479890561623,2
T7-P7,2,transicion,31.0,0.807488329283123,2
T7-P7,2,transicion,31.5,0.3735848161886217,2
T7-P7,2,transicion,32.0,2.538809525444652,2
T7-P7,2,transicion,32.5,1.3779667297273024,2
T7-P7,2,transicion,33.0,0.7267965484529193,2
T7-P7,2,transicion,33.5,0.5425372704390796,2
T7-P7,2,transicion,34.0,0.2923904889539745,2
T7-P7,2,transicion,34.5,0.40876255174120585,2
T7-P7,2,transicion,35.0,0.10095864750786239,2
T7-P7,2,transicion,35.5,0.040428007925531764,2
T7-P7,2,transicion,36.0,0.09486586300047845,2
T7-P7,2,transicion,36.5,0.35827971448816676,2
T7-P7,2,transicion,37.0,0.4163614483206755,2
T7-P7,2,transicion,37.5,0.4339941662261166,2
T7-P7,2,transicion,38.0,0.2433811901145534,2
T7-P7,2,transicion,38.5,0.21547599239399293,2
T7-P7,2,transicion,39.0,0.4748068071999051,2
T7-P7,2,transicion,39.5,0.3853474082449414,2
T7-P7,2,transicion,40.0,0.1284873611817824,2
T7-P7,4,ictal,0.5,212.2845666751936,19
T7-P7,4,ictal,1.0,737.0320597974854,19
T7-P7,4,ictal,1.5,863.0628458334068,19
T7-P7,4,ictal,2.0,842.8621166108251,19
T7-P7,4,ictal,2.5,686.3080770661342,19
T7-P7,4,ictal,3.0,555.1157669574754,19
T7-P7,4,ictal,3.5,368.5522981590943,19
T7-P7,4,ictal,4.0,279.9221506529613,19
T7-P7,4,ictal,4.5,189.7673353909116,19
T7-P7,4,ictal,5.0,130.5298485309403,19
T7-P7,4,ictal,5.5,100.30502441366554,19
T7-P7,4,ictal,6.0,154.79035817140348,19
T7-P7,4,ictal,6.5,82.98523621189211,19
T7-P7,4,ictal,7.0,61.61291287301188,19
T7-P7,4,ictal,7.5,39.95005937264489,19
T7-P7,4,ictal,8.0,32.44248096174974,19
T7-P7,4,ictal,8.5,22.38599797556563,19
T7-P7,4,ictal,9.0,16.841797889489513,19
T7-P7,4,ictal,9.5,12.674244976510499,19
T7-P7,4,ictal,10.0,14.6445273039352,19
T7-P7,4,ictal,10.5,11.551686572284941,19
T7-P7,4,ictal,11.0,9.864024811205677,19
T7-P7,4,ictal,11.5,5.448237609242703,19
T7-P7,4,ictal,12.0,4.667754001175237,19
T7-P7,4,ictal,12.5,4.892774782003049,19
T7-P7,4,ictal,13.0,5.764244064190859,19
T7-P7,4,ictal,13.5,6.1051030768700665,19
T7-P7,4,ictal,14.0,4.119484231935432,19
T7-P7,4,ictal,14.5,3.683275212480472,19
T7-P7,4,ictal,15.0,2.494820040617183,19
T7-P7,4,ictal,15.5,2.6112154151405083,19
T7-P7,4,ictal,16.0,4.290683310318156,19
T7-P7,4,ictal,16.5,3.6023627743951963,19
T7-P7,4,ictal,17.0,2.334332413771332,19
T7-P7,4,ictal,17.5,2.2295256522790052,19
T7-P7,4,ictal,18.0,1.9717568869027717,19
T7-P7,4,ictal,18.5,1.8377245284699637,19
T7-P7,4,ictal,19.0,1.907770495115096,19
T7-P7,4,ictal,19.5,1.5879872845666585,19
T7-P7,4,ictal,20.0,1.155565037048182,19
T7-P7,4,ictal,20.5,1.3160925299978146,19
T7-P7,4,ictal,21.0,1.4831590804220574,19
T7-P7,4,ictal,21.5,1.453449080554024,19
T7-P7,4,ictal,22.0,1.373438456728083,19
T7-P7,4,ictal,22.5,1.0407337780960462,19
T7-P7,4,ictal,23.0,1.48353755846088,19
T7-P7,4,ictal,23.5,1.5019246305398124,19
T7-P7,4,ictal,24.0,1.2852049436264184,19
T7-P7,4,ictal,24.5,1.0524963744327456,19
T7-P7,4,ictal,25.0,0.8917570959698115,19
T7-P7,4,ictal,25.5,0.8703131856078378,19
T7-P7,4,ictal,26.0,0.7622100068872132,19
T7-P7,4,ictal,26.5,0.9300933292790043,19
T7-P7,4,ictal,27.0,1.2345064494764,19
T7-P7,4,ictal,27.5,0.71564119308352,19
T7-P7,4,ictal,28.0,0.817906726676216,19
T7-P7,4,ictal,28.5,0.5360443420042773,19
T7-P7,4,ictal,29.0,0.5841657208374503,19
T7-P7,4,ictal,29.5,0.5003679475729911,19
T7-P7,4,ictal,30.0,0.4271279287301161,19
T7-P7,4,ictal,30.5,0.3559376420350642,19
T7-P7,4,ictal,31.0,0.4872539842928214,19
T7-P7,4,ictal,31.5,1.0085129863304085,19
T7-P7,4,ictal,32.0,2.0645040625567375,19
T7-P7,4,ictal,32.5,1.0950442736058021,19
T7-P7,4,ictal,33.0,0.5879047054218628,19
T7-P7,4,ictal,33.5,0.31480507614028336,19
T7-P7,4,ictal,34.0,0.4285785960490902,19
T7-P7,4,ictal,34.5,0.3165621383078587,19
T7-P7,4,ictal,35.0,0.3209546663057106,19
T7-P7,4,ictal,35.5,0.631330412955644,19
T7-P7,4,ictal,36.0,0.43501900321164344,19
T7-P7,4,ictal,36.5,0.25660811254738186,19
T7-P7,4,ictal,37.0,0.32309753406656166,19
T7-P7,4,ictal,37.5,0.28498192331923405,19
T7-P7,4,ictal,38.0,0.17299437316429114,19
T7-P7,4,ictal,38.5,0.2222399252001278,19
T7-P7,4,ictal,39.0,0.21736295404711603,19
T7-P7,4,ictal,39.5,0.10621036585243922,19
T7-P7,4,ictal,40.0,0.18060472179679413,19
T7-P7,4,sin_crisis_anotada,0.5,53.65366165607809,118
T7-P7,4,sin_crisis_anotada,1.0,115.34088585595094,118
T7-P7,4,sin_crisis_anotada,1.5,135.3935897233435,118
T7-P7,4,sin_crisis_anotada,2.0,100.2614460031032,118
T7-P7,4,sin_crisis_anotada,2.5,63.276720491068275,118
T7-P7,4,sin_crisis_anotada,3.0,41.12160470615733,118
T7-P7,4,sin_crisis_anotada,3.5,32.74887958051487,118
T7-P7,4,sin_crisis_anotada,4.0,31.245311300926062,118
T7-P7,4,sin_crisis_anotada,4.5,31.050411765788127,118
T7-P7,4,sin_crisis_anotada,5.0,27.647342516204553,118
T7-P7,4,sin_crisis_anotada,5.5,28.644183172326365,118
T7-P7,4,sin_crisis_anotada,6.0,27.733876502670626,118
T7-P7,4,sin_crisis_anotada,6.5,24.847301031746376,118
T7-P7,4,sin_crisis_anotada,7.0,18.447400063287276,118
T7-P7,4,sin_crisis_anotada,7.5,13.31506772616589,118
T7-P7,4,sin_crisis_anotada,8.0,10.255126989857274,118
T7-P7,4,sin_crisis_anotada,8.5,8.998200373051601,118
T7-P7,4,sin_crisis_anotada,9.0,8.18772694973535,118
T7-P7,4,sin_crisis_anotada,9.5,6.796260243481633,118
T7-P7,4,sin_crisis_anotada,10.0,4.752709922404907,118
T7-P7,4,sin_crisis_anotada,10.5,4.894512314089361,118
T7-P7,4,sin_crisis_anotada,11.0,4.204594588373982,118
T7-P7,4,sin_crisis_anotada,11.5,3.498121769225125,118
T7-P7,4,sin_crisis_anotada,12.0,3.0238709479989954,118
T7-P7,4,sin_crisis_anotada,12.5,3.0265982505832696,118
T7-P7,4,sin_crisis_anotada,13.0,4.049187912195572,118
T7-P7,4,sin_crisis_anotada,13.5,2.989870132822694,118
T7-P7,4,sin_crisis_anotada,14.0,2.091550202633365,118
T7-P7,4,sin_crisis_anotada,14.5,1.7383876526677073,118
T7-P7,4,sin_crisis_anotada,15.0,1.273345491178844,118
T7-P7,4,sin_crisis_anotada,15.5,1.6204847344599693,118
T7-P7,4,sin_crisis_anotada,16.0,2.58901215345502,118
T7-P7,4,sin_crisis_anotada,16.5,1.2091771848457005,118
T7-P7,4,sin_crisis_anotada,17.0,0.6141345635110473,118
T7-P7,4,sin_crisis_anotada,17.5,0.6315378687769673,118
T7-P7,4,sin_crisis_anotada,18.0,0.6212669881025988,118
T7-P7,4,sin_crisis_anotada,18.5,0.4522747889573995,118
T7-P7,4,sin_crisis_anotada,19.0,0.437346184198228,118
T7-P7,4,sin_crisis_anotada,19.5,0.48049704559524486,118
T7-P7,4,sin_crisis_anotada,20.0,0.47236255773006386,118
T7-P7,4,sin_crisis_anotada,20.5,0.4093918992061085,118
T7-P7,4,sin_crisis_anotada,21.0,0.38283770419680496,118
T7-P7,4,sin_crisis_anotada,21.5,0.4341914712206691,118
T7-P7,4,sin_crisis_anotada,22.0,0.3581902181500837,118
T7-P7,4,sin_crisis_anotada,22.5,0.3147806844278427,118
T7-P7,4,sin_crisis_anotada,23.0,0.3516579239968052,118
T7-P7,4,sin_crisis_anotada,23.5,0.363322746179232,118
T7-P7,4,sin_crisis_anotada,24.0,0.3427861953571747,118
T7-P7,4,sin_crisis_anotada,24.5,0.35149635362394116,118
T7-P7,4,sin_crisis_anotada,25.0,0.27559825712750585,118
T7-P7,4,sin_crisis_anotada,25.5,0.25717413563521907,118
T7-P7,4,sin_crisis_anotada,26.0,0.2566950641701333,118
T7-P7,4,sin_crisis_anotada,26.5,0.26009922037545385,118
T7-P7,4,sin_crisis_anotada,27.0,0.2637909522462413,118
T7-P7,4,sin_crisis_anotada,27.5,0.24711841098851256,118
T7-P7,4,sin_crisis_anotada,28.0,0.18317593848598657,118
T7-P7,4,sin_crisis_anotada,28.5,0.22066469116563767,118
T7-P7,4,sin_crisis_anotada,29.0,0.202240792751756,118
T7-P7,4,sin_crisis_anotada,29.5,0.1689171314995998,118
T7-P7,4,sin_crisis_anotada,30.0,0.14246477760679638,118
T7-P7,4,sin_crisis_anotada,30.5,0.14054355795971668,118
T7-P7,4,sin_crisis_anotada,31.0,0.12853743664952222,118
T7-P7,4,sin_crisis_anotada,31.5,0.5516202259053055,118
T7-P7,4,sin_crisis_anotada,32.0,1.4906785229971713,118
T7-P7,4,sin_crisis_anotada,32.5,0.4943574542301894,118
T7-P7,4,sin_crisis_anotada,33.0,0.11598915492181366,118
T7-P7,4,sin_crisis_anotada,33.5,0.09624272269323023,118
T7-P7,4,sin_crisis_anotada,34.0,0.09270738428259853,118
T7-P7,4,sin_crisis_anotada,34.5,0.08341347282842189,118
T7-P7,4,sin_crisis_anotada,35.0,0.07612175185123558,118
T7-P7,4,sin_crisis_anotada,35.5,0.06091698635858454,118
T7-P7,4,sin_crisis_anotada,36.0,0.06311726382781674,118
T7-P7,4,sin_crisis_anotada,36.5,0.059470982180292765,118
T7-P7,4,sin_crisis_anotada,37.0,0.054159701598630025,118
T7-P7,4,sin_crisis_anotada,37.5,0.04462909366327483,118
T7-P7,4,sin_crisis_anotada,38.0,0.041602293551902744,118
T7-P7,4,sin_crisis_anotada,38.5,0.034421251593536796,118
T7-P7,4,sin_crisis_anotada,39.0,0.032620151005520764,118
T7-P7,4,sin_crisis_anotada,39.5,0.029780040921095038,118
T7-P7,4,sin_crisis_anotada,40.0,0.02953037949847847,118
T7-P7,4,transicion,0.5,356.88366382076026,2
T7-P7,4,transicion,1.0,245.34616638576375,2
T7-P7,4,transicion,1.5,477.30276523712655,2
T7-P7,4,transicion,2.0,547.748900157168,2
T7-P7,4,transicion,2.5,164.1531768694131,2
T7-P7,4,transicion,3.0,127.07738462406762,2
T7-P7,4,transicion,3.5,53.94615364584685,2
T7-P7,4,transicion,4.0,92.14417894967957,2
T7-P7,4,transicion,4.5,79.29431073690948,2
T7-P7,4,transicion,5.0,57.97657366194741,2
T7-P7,4,transicion,5.5,96.08213860899056,2
T7-P7,4,transicion,6.0,88.19977511355297,2
T7-P7,4,transicion,6.5,90.7402270253162,2
T7-P7,4,transicion,7.0,27.38401058321553,2
T7-P7,4,transicion,7.5,15.46504290573224,2
T7-P7,4,transicion,8.0,11.053073132113404,2
T7-P7,4,transicion,8.5,10.443175148441272,2
T7-P7,4,transicion,9.0,7.316427339267536,2
T7-P7,4,transicion,9.5,4.661047891710531,2
T7-P7,4,transicion,10.0,13.803822604711026,2
T7-P7,4,transicion,10.5,16.95214457115502,2
T7-P7,4,transicion,11.0,10.71478098376755,2
T7-P7,4,transicion,11.5,9.22275222218853,2
T7-P7,4,transicion,12.0,4.013783638928343,2
T7-P7,4,transicion,12.5,4.300888639584501,2
T7-P7,4,transicion,13.0,5.867523683369672,2
T7-P7,4,transicion,13.5,5.52133980145317,2
T7-P7,4,transicion,14.0,3.7326281449368652,2
T7-P7,4,transicion,14.5,5.5005350231721675,2
T7-P7,4,transicion,15.0,2.1584636624557194,2
T7-P7,4,transicion,15.5,0.9561958279657159,2
T7-P7,4,transicion,16.0,1.7857375943133358,2
T7-P7,4,transicion,16.5,1.4934185457777516,2
T7-P7,4,transicion,17.0,0.5947115488272245,2
T7-P7,4,transicion,17.5,0.7456242069686602,2
T7-P7,4,transicion,18.0,1.9721810581111638,2
T7-P7,4,transicion,18.5,1.691274404907015,2
T7-P7,4,transicion,19.0,0.8914807798137796,2
T7-P7,4,transicion,19.5,1.7473926450715003,2
T7-P7,4,transicion,20.0,1.3373607953341655,2
T7-P7,4,transicion,20.5,1.1641121617151278,2
T7-P7,4,transicion,21.0,0.5265442085459283,2
T7-P7,4,transicion,21.5,0.48655229282980894,2
T7-P7,4,transicion,22.0,1.0362000485629748,2
T7-P7,4,transicion,22.5,0.6831670898329419,2
T7-P7,4,transicion,23.0,0.9324240050077997,2
T7-P7,4,transicion,23.5,0.6377009189695813,2
T7-P7,4,transicion,24.0,0.463714212855402,2
T7-P7,4,transicion,24.5,0.3730991753479871,2
T7-P7,4,transicion,25.0,0.38778926892141896,2
T7-P7,4,transicion,25.5,0.5258967402910554,2
T7-P7,4,transicion,26.0,0.6436451489942037,2
T7-P7,4,transicion,26.5,0.5356789663739707,2
T7-P7,4,transicion,27.0,0.3636436450170374,2
T7-P7,4,transicion,27.5,0.3026489061171921,2
T7-P7,4,transicion,28.0,0.27541946574613996,2
T7-P7,4,transicion,28.5,0.29894138264528225,2
T7-P7,4,transicion,29.0,0.39443868772636015,2
T7-P7,4,transicion,29.5,0.2912982692297935,2
T7-P7,4,transicion,30.0,0.27045488449192384,2
T7-P7,4,transicion,30.5,0.36086503172922507,2
T7-P7,4,transicion,31.0,0.5016826985038226,2
T7-P7,4,transicion,31.5,0.6517735802544424,2
T7-P7,4,transicion,32.0,2.3141959498544122,2
T7-P7,4,transicion,32.5,0.6883178517319145,2
T7-P7,4,transicion,33.0,0.3333317306889372,2
T7-P7,4,transicion,33.5,0.3135829039401915,2
T7-P7,4,transicion,34.0,0.2198780425895568,2
T7-P7,4,transicion,34.5,0.2062009391928749,2
T7-P7,4,transicion,35.0,0.09410524316069513,2
T7-P7,4,transicion,35.5,0.10932984473319896,2
T7-P7,4,transicion,36.0,0.11552763375095558,2
T7-P7,4,transicion,36.5,0.19188502666198368,2
T7-P7,4,transicion,37.0,0.23363488136281263,2
T7-P7,4,transicion,37.5,0.18315971310352444,2
T7-P7,4,transicion,38.0,0.16156318872995284,2
T7-P7,4,transicion,38.5,0.12018961560780358,2
T7-P7,4,transicion,39.0,0.20131875567394727,2
T7-P7,4,transicion,39.5,0.14927581793380376,2
T7-P7,4,transicion,40.0,0.06743925459991842,2
T7-P7,8,ictal,0.5,202.83447220108974,9
T7-P7,8,ictal,1.0,951.709351221628,9
T7-P7,8,ictal,1.5,1239.157746174927,9
T7-P7,8,ictal,2.0,855.10997004828,9
T7-P7,8,ictal,2.5,705.6879449534154,9
T7-P7,8,ictal,3.0,598.9823413581787,9
T7-P7,8,ictal,3.5,354.9974230543486,9
T7-P7,8,ictal,4.0,247.88311243980243,9
T7-P7,8,ictal,4.5,187.41511801291855,9
T7-P7,8,ictal,5.0,129.2193050498013,9
T7-P7,8,ictal,5.5,101.55160491070137,9
T7-P7,8,ictal,6.0,159.84588341920124,9
T7-P7,8,ictal,6.5,87.31320928678504,9
T7-P7,8,ictal,7.0,62.29660581585732,9
T7-P7,8,ictal,7.5,51.089991623025966,9
T7-P7,8,ictal,8.0,31.0772187698113,9
T7-P7,8,ictal,8.5,24.150248507490478,9
T7-P7,8,ictal,9.0,22.30955972233582,9
T7-P7,8,ictal,9.5,12.697172526673326,9
T7-P7,8,ictal,10.0,12.056968699674968,9
T7-P7,8,ictal,10.5,11.695766088021752,9
T7-P7,8,ictal,11.0,9.357194714883091,9
T7-P7,8,ictal,11.5,5.941168158260727,9
T7-P7,8,ictal,12.0,6.275325820048536,9
T7-P7,8,ictal,12.5,6.180105994207602,9
T7-P7,8,ictal,13.0,6.09766956771859,9
T7-P7,8,ictal,13.5,5.422625557565402,9
T7-P7,8,ictal,14.0,5.3442482717592315,9
T7-P7,8,ictal,14.5,3.548177505286699,9
T7-P7,8,ictal,15.0,2.2990726387112366,9
T7-P7,8,ictal,15.5,3.112619550134578,9
T7-P7,8,ictal,16.0,4.658176791859826,9
T7-P7,8,ictal,16.5,3.3696687975177277,9
T7-P7,8,ictal,17.0,2.2350151546005184,9
T7-P7,8,ictal,17.5,1.931227268823814,9
T7-P7,8,ictal,18.0,1.9945349168017772,9
T7-P7,8,ictal,18.5,1.9126495557200016,9
T7-P7,8,ictal,19.0,2.8769937804895855,9
T7-P7,8,ictal,19.5,2.4962385941487963,9
T7-P7,8,ictal,20.0,1.5394747189205078,9
T7-P7,8,ictal,20.5,1.2850670117223781,9
T7-P7,8,ictal,21.0,1.7557732395995096,9
T7-P7,8,ictal,21.5,1.545688746352539,9
T7-P7,8,ictal,22.0,1.6854464999863075,9
T7-P7,8,ictal,22.5,1.243890014932719,9
T7-P7,8,ictal,23.0,1.5057930549245637,9
T7-P7,8,ictal,23.5,1.6911622594097147,9
T7-P7,8,ictal,24.0,1.0536352762530279,9
T7-P7,8,ictal,24.5,1.0599144032593715,9
T7-P7,8,ictal,25.0,1.0470631442481966,9
T7-P7,8,ictal,25.5,1.2145829694202621,9
T7-P7,8,ictal,26.0,1.0324490189789184,9
T7-P7,8,ictal,26.5,0.948205529103968,9
T7-P7,8,ictal,27.0,1.1616781716291917,9
T7-P7,8,ictal,27.5,1.0110787539043637,9
T7-P7,8,ictal,28.0,1.0942285152821,9
T7-P7,8,ictal,28.5,0.948639361928015,9
T7-P7,8,ictal,29.0,0.6811281300937901,9
T7-P7,8,ictal,29.5,0.6599038321028129,9
T7-P7,8,ictal,30.0,0.7199310574324872,9
T7-P7,8,ictal,30.5,0.5119175990704528,9
T7-P7,8,ictal,31.0,0.7906599109012401,9
T7-P7,8,ictal,31.5,1.369614879139158,9
T7-P7,8,ictal,32.0,2.940562762263507,9
T7-P7,8,ictal,32.5,1.8261872820051739,9
T7-P7,8,ictal,33.0,0.5732520005753037,9
T7-P7,8,ictal,33.5,0.515785171165412,9
T7-P7,8,ictal,34.0,0.391780176451627,9
T7-P7,8,ictal,34.5,0.5343677263788784,9
T7-P7,8,ictal,35.0,0.5436370159279261,9
T7-P7,8,ictal,35.5,0.7384589935322424,9
T7-P7,8,ictal,36.0,0.6981487440257326,9
T7-P7,8,ictal,36.5,0.6885055623380187,9
T7-P7,8,ictal,37.0,0.7674993164029766,9
T7-P7,8,ictal,37.5,0.41283391172206957,9
T7-P7,8,ictal,38.0,0.24149667201046368,9
T7-P7,8,ictal,38.5,0.2984286174951944,9
T7-P7,8,ictal,39.0,0.48051780175408787,9
T7-P7,8,ictal,39.5,0.26133251664095186,9
T7-P7,8,ictal,40.0,0.21292451617525257,9
T7-P7,8,sin_crisis_anotada,0.5,54.74433180381574,58
T7-P7,8,sin_crisis_anotada,1.0,116.38039498871333,58
T7-P7,8,sin_crisis_anotada,1.5,138.49321391888938,58
T7-P7,8,sin_crisis_anotada,2.0,105.30420906013421,58
T7-P7,8,sin_crisis_anotada,2.5,69.70863469526734,58
T7-P7,8,sin_crisis_anotada,3.0,40.40597347719379,58
T7-P7,8,sin_crisis_anotada,3.5,33.93942452454226,58
T7-P7,8,sin_crisis_anotada,4.0,35.59986769136184,58
T7-P7,8,sin_crisis_anotada,4.5,34.08584639956716,58
T7-P7,8,sin_crisis_anotada,5.0,27.741811170806226,58
T7-P7,8,sin_crisis_anotada,5.5,32.04641830263833,58
T7-P7,8,sin_crisis_anotada,6.0,30.381319704363,58
T7-P7,8,sin_crisis_anotada,6.5,25.530709278174207,58
T7-P7,8,sin_crisis_anotada,7.0,21.437309523221543,58
T7-P7,8,sin_crisis_anotada,7.5,15.836321324512372,58
T7-P7,8,sin_crisis_anotada,8.0,11.114605638480509,58
T7-P7,8,sin_crisis_anotada,8.5,10.365128796001716,58
T7-P7,8,sin_crisis_anotada,9.0,8.068160866773013,58
T7-P7,8,sin_crisis_anotada,9.5,7.625682208691893,58
T7-P7,8,sin_crisis_anotada,10.0,5.623297945418895,58
T7-P7,8,sin_crisis_anotada,10.5,5.474551407979326,58
T7-P7,8,sin_crisis_anotada,11.0,5.311343398357776,58
T7-P7,8,sin_crisis_anotada,11.5,4.620012195333468,58
T7-P7,8,sin_crisis_anotada,12.0,3.10637234431005,58
T7-P7,8,sin_crisis_anotada,12.5,3.455717508802686,58
T7-P7,8,sin_crisis_anotada,13.0,3.800775655135879,58
T7-P7,8,sin_crisis_anotada,13.5,3.1700650524498624,58
T7-P7,8,sin_crisis_anotada,14.0,2.168902586475982,58
T7-P7,8,sin_crisis_anotada,14.5,1.8172555973940394,58
T7-P7,8,sin_crisis_anotada,15.0,1.2330615076555724,58
T7-P7,8,sin_crisis_anotada,15.5,1.621857902531131,58
T7-P7,8,sin_crisis_anotada,16.0,2.4779208865185267,58
T7-P7,8,sin_crisis_anotada,16.5,1.1528575804303642,58
T7-P7,8,sin_crisis_anotada,17.0,0.6477172724606703,58
T7-P7,8,sin_crisis_anotada,17.5,0.7005832385353281,58
T7-P7,8,sin_crisis_anotada,18.0,0.717072084217085,58
T7-P7,8,sin_crisis_anotada,18.5,0.4969001487613482,58
T7-P7,8,sin_crisis_anotada,19.0,0.5364023548380485,58
T7-P7,8,sin_crisis_anotada,19.5,0.5891419783744682,58
T7-P7,8,sin_crisis_anotada,20.0,0.5516103207291141,58
T7-P7,8,sin_crisis_anotada,20.5,0.4399810033012027,58
T7-P7,8,sin_crisis_anotada,21.0,0.47725383765227203,58
T7-P7,8,sin_crisis_anotada,21.5,0.4561095338980217,58
T7-P7,8,sin_crisis_anotada,22.0,0.3915305167438695,58
T7-P7,8,sin_crisis_anotada,22.5,0.3538756080404107,58
T7-P7,8,sin_crisis_anotada,23.0,0.36059808079962447,58
T7-P7,8,sin_crisis_anotada,23.5,0.3686173550121188,58
T7-P7,8,sin_crisis_anotada,24.0,0.3600424692816896,58
T7-P7,8,sin_crisis_anotada,24.5,0.3349140312193548,58
T7-P7,8,sin_crisis_anotada,25.0,0.2797586467118611,58
T7-P7,8,sin_crisis_anotada,25.5,0.3131554214545146,58
T7-P7,8,sin_crisis_anotada,26.0,0.2985399242515424,58
T7-P7,8,sin_crisis_anotada,26.5,0.30110774886802766,58
T7-P7,8,sin_crisis_anotada,27.0,0.2817126605759117,58
T7-P7,8,sin_crisis_anotada,27.5,0.2690717621507051,58
T7-P7,8,sin_crisis_anotada,28.0,0.2597010936257727,58
T7-P7,8,sin_crisis_anotada,28.5,0.2222799681339968,58
T7-P7,8,sin_crisis_anotada,29.0,0.20515373405467247,58
T7-P7,8,sin_crisis_anotada,29.5,0.1557146546590879,58
T7-P7,8,sin_crisis_anotada,30.0,0.1434362703176642,58
T7-P7,8,sin_crisis_anotada,30.5,0.14576417708004397,58
T7-P7,8,sin_crisis_anotada,31.0,0.13731786663227047,58
T7-P7,8,sin_crisis_anotada,31.5,0.5865470311542826,58
T7-P7,8,sin_crisis_anotada,32.0,1.821872538380242,58
T7-P7,8,sin_crisis_anotada,32.5,0.6019647396647249,58
T7-P7,8,sin_crisis_anotada,33.0,0.1111450982394233,58
T7-P7,8,sin_crisis_anotada,33.5,0.1109363839951286,58
T7-P7,8,sin_crisis_anotada,34.0,0.09560553803511619,58
T7-P7,8,sin_crisis_anotada,34.5,0.08615270474117206,58
T7-P7,8,sin_crisis_anotada,35.0,0.06980741655030237,58
T7-P7,8,sin_crisis_anotada,35.5,0.05977915486765015,58
T7-P7,8,sin_crisis_anotada,36.0,0.06764639112695725,58
T7-P7,8,sin_crisis_anotada,36.5,0.0615679025152785,58
T7-P7,8,sin_crisis_anotada,37.0,0.053146987355079126,58
T7-P7,8,sin_crisis_anotada,37.5,0.053688154029021634,58
T7-P7,8,sin_crisis_anotada,38.0,0.03912065809856685,58
T7-P7,8,sin_crisis_anotada,38.5,0.03286797074316811,58
T7-P7,8,sin_crisis_anotada,39.0,0.031695499462951846,58
T7-P7,8,sin_crisis_anotada,39.5,0.02837293220716599,58
T7-P7,8,sin_crisis_anotada,40.0,0.027260754932219793,58
T7-P7,8,transicion,0.5,244.68504139164006,2
T7-P7,8,transicion,1.0,441.61910687396096,2
T7-P7,8,transicion,1.5,433.9616372681149,2
T7-P7,8,transicion,2.0,406.6769100318333,2
T7-P7,8,transicion,2.5,256.7161033424791,2
T7-P7,8,transicion,3.0,173.85626825134804,2
T7-P7,8,transicion,3.5,116.79243107930003,2
T7-P7,8,transicion,4.0,137.30038047168966,2
T7-P7,8,transicion,4.5,126.96589703640669,2
T7-P7,8,transicion,5.0,68.32084371739475,2
T7-P7,8,transicion,5.5,80.93483748435389,2
T7-P7,8,transicion,6.0,88.42986334786417,2
T7-P7,8,transicion,6.5,74.6907824579196,2
T7-P7,8,transicion,7.0,26.723103445014203,2
T7-P7,8,transicion,7.5,16.726789467344112,2
T7-P7,8,transicion,8.0,18.815773141312324,2
T7-P7,8,transicion,8.5,13.182621422615714,2
T7-P7,8,transicion,9.0,11.303075167863827,2
T7-P7,8,transicion,9.5,12.083704380822997,2
T7-P7,8,transicion,10.0,11.894615562858581,2
T7-P7,8,transicion,10.5,12.540142419718702,2
T7-P7,8,transicion,11.0,9.078918824467921,2
T7-P7,8,transicion,11.5,7.351432046040198,2
T7-P7,8,transicion,12.0,6.205919235958067,2
T7-P7,8,transicion,12.5,4.1412715173122345,2
T7-P7,8,transicion,13.0,5.382795340925617,2
T7-P7,8,transicion,13.5,4.117763119970039,2
T7-P7,8,transicion,14.0,2.625524473277669,2
T7-P7,8,transicion,14.5,2.9089639685701147,2
T7-P7,8,transicion,15.0,1.8130376085662516,2
T7-P7,8,transicion,15.5,1.8867917747563858,2
T7-P7,8,transicion,16.0,3.020051270596274,2
T7-P7,8,transicion,16.5,1.8097039405085278,2
T7-P7,8,transicion,17.0,1.2321548774330389,2
T7-P7,8,transicion,17.5,1.1999554292042791,2
T7-P7,8,transicion,18.0,1.4690802014651387,2
T7-P7,8,transicion,18.5,1.0834668427100973,2
T7-P7,8,transicion,19.0,0.7548789574431463,2
T7-P7,8,transicion,19.5,1.3574443323029297,2
T7-P7,8,transicion,20.0,1.3869584310794496,2
T7-P7,8,transicion,20.5,1.2700903775161632,2
T7-P7,8,transicion,21.0,0.9989200419828077,2
T7-P7,8,transicion,21.5,0.9983210643359328,2
T7-P7,8,transicion,22.0,0.849223337223801,2
T7-P7,8,transicion,22.5,0.6334853799206475,2
T7-P7,8,transicion,23.0,0.9066621780113763,2
T7-P7,8,transicion,23.5,0.746424749439635,2
T7-P7,8,transicion,24.0,0.5299761455464003,2
T7-P7,8,transicion,24.5,0.5942477824702397,2
T7-P7,8,transicion,25.0,0.49997609894368933,2
T7-P7,8,transicion,25.5,0.537723530359592,2
T7-P7,8,transicion,26.0,0.5255375615913355,2
T7-P7,8,transicion,26.5,0.6584333515441296,2
T7-P7,8,transicion,27.0,0.4689893559379512,2
T7-P7,8,transicion,27.5,0.38570914679356405,2
T7-P7,8,transicion,28.0,0.4902166690219992,2
T7-P7,8,transicion,28.5,0.4038047949779124,2
T7-P7,8,transicion,29.0,0.32346025833086034,2
T7-P7,8,transicion,29.5,0.30717218553019,2
T7-P7,8,transicion,30.0,0.2707681513861688,2
T7-P7,8,transicion,30.5,0.26265896038811276,2
T7-P7,8,transicion,31.0,0.3148785150248569,2
T7-P7,8,transicion,31.5,0.7160470063023073,2
T7-P7,8,transicion,32.0,2.61462012574191,2
T7-P7,8,transicion,32.5,0.960998049824333,2
T7-P7,8,transicion,33.0,0.31659598002464784,2
T7-P7,8,transicion,33.5,0.2446816577374278,2
T7-P7,8,transicion,34.0,0.2049904312561552,2
T7-P7,8,transicion,34.5,0.1738004044132646,2
T7-P7,8,transicion,35.0,0.10336259521649832,2
T7-P7,8,transicion,35.5,0.10068865166768426,2
T7-P7,8,transicion,36.0,0.10988780847388682,2
T7-P7,8,transicion,36.5,0.12540034814074683,2
T7-P7,8,transicion,37.0,0.1472415763980935,2
T7-P7,8,transicion,37.5,0.10264945108899211,2
T7-P7,8,transicion,38.0,0.10308474834470145,2
T7-P7,8,transicion,38.5,0.08197215746690324,2
T7-P7,8,transicion,39.0,0.12365365984245402,2
T7-P7,8,transicion,39.5,0.09191267590537895,2
T7-P7,8,transicion,40.0,0.052545217930379425,2
T8-P8-0,2,ictal,0.5,978.7932763452525,39
T8-P8-0,2,ictal,1.0,2111.740237824128,39
T8-P8-0,2,ictal,1.5,1296.793704743001,39
T8-P8-0,2,ictal,2.0,1008.5017416522542,39
T8-P8-0,2,ictal,2.5,1447.4871887141808,39
T8-P8-0,2,ictal,3.0,1104.8154311932242,39
T8-P8-0,2,ictal,3.5,786.259529881343,39
T8-P8-0,2,ictal,4.0,179.30105197378967,39
T8-P8-0,2,ictal,4.5,168.8399812105415,39
T8-P8-0,2,ictal,5.0,143.32988487551657,39
T8-P8-0,2,ictal,5.5,380.74679562678335,39
T8-P8-0,2,ictal,6.0,390.90495432615415,39
T8-P8-0,2,ictal,6.5,382.141356899833,39
T8-P8-0,2,ictal,7.0,150.79867422109245,39
T8-P8-0,2,ictal,7.5,69.76559676176694,39
T8-P8-0,2,ictal,8.0,48.40963147397419,39
T8-P8-0,2,ictal,8.5,40.96599180035116,39
T8-P8-0,2,ictal,9.0,36.85835510646167,39
T8-P8-0,2,ictal,9.5,44.18526366036957,39
T8-P8-0,2,ictal,10.0,32.20186044791076,39
T8-P8-0,2,ictal,10.5,20.857555090020025,39
T8-P8-0,2,ictal,11.0,18.49073791330146,39
T8-P8-0,2,ictal,11.5,14.82517778500232,39
T8-P8-0,2,ictal,12.0,7.47325584194847,39
T8-P8-0,2,ictal,12.5,16.221063470496563,39
T8-P8-0,2,ictal,13.0,13.02461335433136,39
T8-P8-0,2,ictal,13.5,21.84806458779031,39
T8-P8-0,2,ictal,14.0,14.295256348517729,39
T8-P8-0,2,ictal,14.5,11.602164051072762,39
T8-P8-0,2,ictal,15.0,8.259901576492542,39
T8-P8-0,2,ictal,15.5,10.970670820732622,39
T8-P8-0,2,ictal,16.0,14.522924599022573,39
T8-P8-0,2,ictal,16.5,6.400788413233981,39
T8-P8-0,2,ictal,17.0,8.112293828196016,39
T8-P8-0,2,ictal,17.5,18.973856221675575,39
T8-P8-0,2,ictal,18.0,12.348862128473947,39
T8-P8-0,2,ictal,18.5,12.476631877741614,39
T8-P8-0,2,ictal,19.0,12.829537078007782,39
T8-P8-0,2,ictal,19.5,14.286993942032412,39
T8-P8-0,2,ictal,20.0,15.359628211714561,39
T8-P8-0,2,ictal,20.5,14.060701352663095,39
T8-P8-0,2,ictal,21.0,17.04759757943671,39
T8-P8-0,2,ictal,21.5,15.792528623723074,39
T8-P8-0,2,ictal,22.0,17.56793080525459,39
T8-P8-0,2,ictal,22.5,16.304376924935344,39
T8-P8-0,2,ictal,23.0,30.166123342775137,39
T8-P8-0,2,ictal,23.5,19.3584737269285,39
T8-P8-0,2,ictal,24.0,23.302606570798957,39
T8-P8-0,2,ictal,24.5,21.78826844430054,39
T8-P8-0,2,ictal,25.0,23.334274700317753,39
T8-P8-0,2,ictal,25.5,10.329216770628625,39
T8-P8-0,2,ictal,26.0,16.652280149954525,39
T8-P8-0,2,ictal,26.5,16.070950355546774,39
T8-P8-0,2,ictal,27.0,16.005052656667505,39
T8-P8-0,2,ictal,27.5,15.821098302994738,39
T8-P8-0,2,ictal,28.0,19.322442647730195,39
T8-P8-0,2,ictal,28.5,16.295332970454194,39
T8-P8-0,2,ictal,29.0,27.276937608195034,39
T8-P8-0,2,ictal,29.5,17.82036790258993,39
T8-P8-0,2,ictal,30.0,16.18664919796046,39
T8-P8-0,2,ictal,30.5,15.721938462495496,39
T8-P8-0,2,ictal,31.0,12.129519472504246,39
T8-P8-0,2,ictal,31.5,18.23670997723396,39
T8-P8-0,2,ictal,32.0,18.997115305134614,39
T8-P8-0,2,ictal,32.5,19.79512233633411,39
T8-P8-0,2,ictal,33.0,12.585210782281948,39
T8-P8-0,2,ictal,33.5,9.988297021719513,39
T8-P8-0,2,ictal,34.0,9.042574053260319,39
T8-P8-0,2,ictal,34.5,8.735502689000779,39
T8-P8-0,2,ictal,35.0,7.398329934854092,39
T8-P8-0,2,ictal,35.5,10.465593967530603,39
T8-P8-0,2,ictal,36.0,7.2525091206071615,39
T8-P8-0,2,ictal,36.5,12.210479703831473,39
T8-P8-0,2,ictal,37.0,9.046416803048643,39
T8-P8-0,2,ictal,37.5,10.654541218512607,39
T8-P8-0,2,ictal,38.0,7.784645599430455,39
T8-P8-0,2,ictal,38.5,9.25804753877776,39
T8-P8-0,2,ictal,39.0,7.737620341288455,39
T8-P8-0,2,ictal,39.5,6.908164931158319,39
T8-P8-0,2,ictal,40.0,7.131109298497779,39
T8-P8-0,2,sin_crisis_anotada,0.5,85.13297716955968,238
T8-P8-0,2,sin_crisis_anotada,1.0,200.60797301894937,238
T8-P8-0,2,sin_crisis_anotada,1.5,194.057500676053,238
T8-P8-0,2,sin_crisis_anotada,2.0,129.0759920579855,238
T8-P8-0,2,sin_crisis_anotada,2.5,88.28904857712206,238
T8-P8-0,2,sin_crisis_anotada,3.0,56.9878519870434,238
T8-P8-0,2,sin_crisis_anotada,3.5,40.739232904964396,238
T8-P8-0,2,sin_crisis_anotada,4.0,42.21738653191686,238
T8-P8-0,2,sin_crisis_anotada,4.5,34.478869635185546,238
T8-P8-0,2,sin_crisis_anotada,5.0,30.51892306064792,238
T8-P8-0,2,sin_crisis_anotada,5.5,25.149303222962757,238
T8-P8-0,2,sin_crisis_anotada,6.0,27.98439611475313,238
T8-P8-0,2,sin_crisis_anotada,6.5,23.417586632711597,238
T8-P8-0,2,sin_crisis_anotada,7.0,16.381847991213665,238
T8-P8-0,2,sin_crisis_anotada,7.5,14.124830570729277,238
T8-P8-0,2,sin_crisis_anotada,8.0,11.10363681993833,238
T8-P8-0,2,sin_crisis_anotada,8.5,8.033081120203153,238
T8-P8-0,2,sin_crisis_anotada,9.0,7.885598539510364,238
T8-P8-0,2,sin_crisis_anotada,9.5,7.3523993562234065,238
T8-P8-0,2,sin_crisis_anotada,10.0,6.708046847117428,238
T8-P8-0,2,sin_crisis_anotada,10.5,5.2739242563273105,238
T8-P8-0,2,sin_crisis_anotada,11.0,5.29477840755346,238
T8-P8-0,2,sin_crisis_anotada,11.5,4.593217824658333,238
T8-P8-0,2,sin_crisis_anotada,12.0,4.073615490676056,238
T8-P8-0,2,sin_crisis_anotada,12.5,3.7953773780536206,238
T8-P8-0,2,sin_crisis_anotada,13.0,3.560181106760913,238
T8-P8-0,2,sin_crisis_anotada,13.5,3.259747346334155,238
T8-P8-0,2,sin_crisis_anotada,14.0,2.3601632321195196,238
T8-P8-0,2,sin_crisis_anotada,14.5,1.6577494839619982,238
T8-P8-0,2,sin_crisis_anotada,15.0,1.443309002494559,238
T8-P8-0,2,sin_crisis_anotada,15.5,1.552717516295587,238
T8-P8-0,2,sin_crisis_anotada,16.0,1.70207278554828,238
T8-P8-0,2,sin_crisis_anotada,16.5,0.9463507441975738,238
T8-P8-0,2,sin_crisis_anotada,17.0,0.8425449171026547,238
T8-P8-0,2,sin_crisis_anotada,17.5,0.8426729644669319,238
T8-P8-0,2,sin_crisis_anotada,18.0,0.7337506724142069,238
T8-P8-0,2,sin_crisis_anotada,18.5,0.6768042208450555,238
T8-P8-0,2,sin_crisis_anotada,19.0,0.6837984570453671,238
T8-P8-0,2,sin_crisis_anotada,19.5,0.7647597693199681,238
T8-P8-0,2,sin_crisis_anotada,20.0,0.5953380374553813,238
T8-P8-0,2,sin_crisis_anotada,20.5,0.5062704824595456,238
T8-P8-0,2,sin_crisis_anotada,21.0,0.4821250639540581,238
T8-P8-0,2,sin_crisis_anotada,21.5,0.49921507132593,238
T8-P8-0,2,sin_crisis_anotada,22.0,0.5892480486955721,238
T8-P8-0,2,sin_crisis_anotada,22.5,0.4670808902107907,238
T8-P8-0,2,sin_crisis_anotada,23.0,0.5295518551140488,238
T8-P8-0,2,sin_crisis_anotada,23.5,0.41804005606514427,238
T8-P8-0,2,sin_crisis_anotada,24.0,0.39886833821874834,238
T8-P8-0,2,sin_crisis_anotada,24.5,0.41596434485005285,238
T8-P8-0,2,sin_crisis_anotada,25.0,0.42010219082566225,238
T8-P8-0,2,sin_crisis_anotada,25.5,0.4199666215645403,238
T8-P8-0,2,sin_crisis_anotada,26.0,0.40048598809363667,238
T8-P8-0,2,sin_crisis_anotada,26.5,0.3315996397631478,238
T8-P8-0,2,sin_crisis_anotada,27.0,0.36415047774358045,238
T8-P8-0,2,sin_crisis_anotada,27.5,0.299421714428867,238
T8-P8-0,2,sin_crisis_anotada,28.0,0.27943771870931,238
T8-P8-0,2,sin_crisis_anotada,28.5,0.2854481477212758,238
T8-P8-0,2,sin_crisis_anotada,29.0,0.24071565242110604,238
T8-P8-0,2,sin_crisis_anotada,29.5,0.23109080722185307,238
T8-P8-0,2,sin_crisis_anotada,30.0,0.256859282701863,238
T8-P8-0,2,sin_crisis_anotada,30.5,0.1678772538259813,238
T8-P8-0,2,sin_crisis_anotada,31.0,0.18293128048939558,238
T8-P8-0,2,sin_crisis_anotada,31.5,0.28248109181892966,238
T8-P8-0,2,sin_crisis_anotada,32.0,0.5935329536715632,238
T8-P8-0,2,sin_crisis_anotada,32.5,0.2491655066358947,238
T8-P8-0,2,sin_crisis_anotada,33.0,0.14429836370499804,238
T8-P8-0,2,sin_crisis_anotada,33.5,0.12934428326011066,238
T8-P8-0,2,sin_crisis_anotada,34.0,0.12057941766412764,238
T8-P8-0,2,sin_crisis_anotada,34.5,0.10948892537985469,238
T8-P8-0,2,sin_crisis_anotada,35.0,0.0999616481989207,238
T8-P8-0,2,sin_crisis_anotada,35.5,0.08452339209711648,238
T8-P8-0,2,sin_crisis_anotada,36.0,0.09296231508596542,238
T8-P8-0,2,sin_crisis_anotada,36.5,0.08104936083554146,238
T8-P8-0,2,sin_crisis_anotada,37.0,0.0657788320902363,238
T8-P8-0,2,sin_crisis_anotada,37.5,0.06334958931555858,238
T8-P8-0,2,sin_crisis_anotada,38.0,0.052692865667836083,238
T8-P8-0,2,sin_crisis_anotada,38.5,0.03973104385902597,238
T8-P8-0,2,sin_crisis_anotada,39.0,0.03989469669069502,238
T8-P8-0,2,sin_crisis_anotada,39.5,0.02998020855942683,238
T8-P8-0,2,sin_crisis_anotada,40.0,0.028323112012766882,238
T8-P8-0,2,transicion,0.5,366.20297768240465,2
T8-P8-0,2,transicion,1.0,1277.5324363014458,2
T8-P8-0,2,transicion,1.5,767.5193300373874,2
T8-P8-0,2,transicion,2.0,684.7082179242259,2
T8-P8-0,2,transicion,2.5,591.8731097705528,2
T8-P8-0,2,transicion,3.0,268.42975043957654,2
T8-P8-0,2,transicion,3.5,12.165861936862369,2
T8-P8-0,2,transicion,4.0,29.77465407262912,2
T8-P8-0,2,transicion,4.5,95.72392869965225,2
T8-P8-0,2,transicion,5.0,103.55919283363792,2
T8-P8-0,2,transicion,5.5,29.877461320798165,2
T8-P8-0,2,transicion,6.0,35.33423903612068,2
T8-P8-0,2,transicion,6.5,90.8723973057297,2
T8-P8-0,2,transicion,7.0,163.98380506102995,2
T8-P8-0,2,transicion,7.5,268.0420319111286,2
T8-P8-0,2,transicion,8.0,181.31137200225706,2
T8-P8-0,2,transicion,8.5,40.16307440730777,2
T8-P8-0,2,transicion,9.0,47.758912344064726,2
T8-P8-0,2,transicion,9.5,140.56023465959854,2
T8-P8-0,2,transicion,10.0,406.77596652345517,2
T8-P8-0,2,transicion,10.5,125.85173279106185,2
T8-P8-0,2,transicion,11.0,5.40123794696614,2
T8-P8-0,2,transicion,11.5,11.194302265899285,2
T8-P8-0,2,transicion,12.0,26.096608594237736,2
T8-P8-0,2,transicion,12.5,8.818410764234605,2
T8-P8-0,2,transicion,13.0,9.594557620684414,2
T8-P8-0,2,transicion,13.5,7.497422315841816,2
T8-P8-0,2,transicion,14.0,6.339944661961336,2
T8-P8-0,2,transicion,14.5,5.169697048674726,2
T8-P8-0,2,transicion,15.0,7.185319317060017,2
T8-P8-0,2,transicion,15.5,9.387160544330838,2
T8-P8-0,2,transicion,16.0,7.070653122672407,2
T8-P8-0,2,transicion,16.5,5.326153745397274,2
T8-P8-0,2,transicion,17.0,3.914579465924728,2
T8-P8-0,2,transicion,17.5,2.4076476570171708,2
T8-P8-0,2,transicion,18.0,3.227475792139133,2
T8-P8-0,2,transicion,18.5,3.9238019527426298,2
T8-P8-0,2,transicion,19.0,3.414680392434806,2
T8-P8-0,2,transicion,19.5,5.215600064195964,2
T8-P8-0,2,transicion,20.0,18.15078827166407,2
T8-P8-0,2,transicion,20.5,14.01125062785698,2
T8-P8-0,2,transicion,21.0,12.09262450010161,2
T8-P8-0,2,transicion,21.5,5.203101688025589,2
T8-P8-0,2,transicion,22.0,10.581640779490433,2
T8-P8-0,2,transicion,22.5,13.029368299807558,2
T8-P8-0,2,transicion,23.0,6.440590841704507,2
T8-P8-0,2,transicion,23.5,5.09212900137617,2
T8-P8-0,2,transicion,24.0,2.1424587293847193,2
T8-P8-0,2,transicion,24.5,3.9907582053025967,2
T8-P8-0,2,transicion,25.0,9.935850327506515,2
T8-P8-0,2,transicion,25.5,3.3099474503408746,2
T8-P8-0,2,transicion,26.0,4.845862860881608,2
T8-P8-0,2,transicion,26.5,4.501753966974407,2
T8-P8-0,2,transicion,27.0,10.41274321410593,2
T8-P8-0,2,transicion,27.5,11.527545534934111,2
T8-P8-0,2,transicion,28.0,2.058853901062458,2
T8-P8-0,2,transicion,28.5,2.312890826582627,2
T8-P8-0,2,transicion,29.0,13.944112962185141,2
T8-P8-0,2,transicion,29.5,20.71827788925893,2
T8-P8-0,2,transicion,30.0,7.182765309034063,2
T8-P8-0,2,transicion,30.5,3.3162333003799174,2
T8-P8-0,2,transicion,31.0,3.404768809339702,2
T8-P8-0,2,transicion,31.5,1.279052163061167,2
T8-P8-0,2,transicion,32.0,1.1103624088945836,2
T8-P8-0,2,transicion,32.5,1.286194591098948,2
T8-P8-0,2,transicion,33.0,2.0272025004455716,2
T8-P8-0,2,transicion,33.5,12.413302146588427,2
T8-P8-0,2,transicion,34.0,43.193361330399526,2
T8-P8-0,2,transicion,34.5,47.16590184010585,2
T8-P8-0,2,transicion,35.0,35.8738045155631,2
T8-P8-0,2,transicion,35.5,22.292000859024224,2
T8-P8-0,2,transicion,36.0,6.250666865635515,2
T8-P8-0,2,transicion,36.5,7.331802760811598,2
T8-P8-0,2,transicion,37.0,14.377385340758497,2
T8-P8-0,2,transicion,37.5,5.79724045397438,2
T8-P8-0,2,transicion,38.0,0.4874844917152661,2
T8-P8-0,2,transicion,38.5,3.5897898764196183,2
T8-P8-0,2,transicion,39.0,9.365689741471344,2
T8-P8-0,2,transicion,39.5,9.548994650233357,2
T8-P8-0,2,transicion,40.0,9.314144176648087,2
T8-P8-0,4,ictal,0.5,1019.0616605172203,19
T8-P8-0,4,ictal,1.0,2648.383382935462,19
T8-P8-0,4,ictal,1.5,1499.7195214569983,19
T8-P8-0,4,ictal,2.0,1337.0612579363121,19
T8-P8-0,4,ictal,2.5,1484.443003291238,19
T8-P8-0,4,ictal,3.0,1571.730850811191,19
T8-P8-0,4,ictal,3.5,1095.5176053742919,19
T8-P8-0,4,ictal,4.0,344.923007390749,19
T8-P8-0,4,ictal,4.5,269.7885759849409,19
T8-P8-0,4,ictal,5.0,311.181543451701,19
T8-P8-0,4,ictal,5.5,401.36215780205475,19
T8-P8-0,4,ictal,6.0,620.1647326829666,19
T8-P8-0,4,ictal,6.5,392.81333214698117,19
T8-P8-0,4,ictal,7.0,244.5639569890437,19
T8-P8-0,4,ictal,7.5,124.35411345988332,19
T8-P8-0,4,ictal,8.0,77.67553295169283,19
T8-P8-0,4,ictal,8.5,78.04809856769639,19
T8-P8-0,4,ictal,9.0,52.3630206395894,19
T8-P8-0,4,ictal,9.5,38.39575755889984,19
T8-P8-0,4,ictal,10.0,36.01648709472513,19
T8-P8-0,4,ictal,10.5,36.127974755693515,19
T8-P8-0,4,ictal,11.0,24.299905166675586,19
T8-P8-0,4,ictal,11.5,18.771970091695426,19
T8-P8-0,4,ictal,12.0,12.064101344652345,19
T8-P8-0,4,ictal,12.5,18.43063324284283,19
T8-P8-0,4,ictal,13.0,23.967279712937735,19
T8-P8-0,4,ictal,13.5,22.027510065390462,19
T8-P8-0,4,ictal,14.0,22.834471942934545,19
T8-P8-0,4,ictal,14.5,14.829374683590517,19
T8-P8-0,4,ictal,15.0,14.50118230554147,19
T8-P8-0,4,ictal,15.5,13.973896283307496,19
T8-P8-0,4,ictal,16.0,19.527000585574427,19
T8-P8-0,4,ictal,16.5,13.94584037762769,19
T8-P8-0,4,ictal,17.0,11.835725979429105,19
T8-P8-0,4,ictal,17.5,21.96269613884004,19
T8-P8-0,4,ictal,18.0,30.04211321289664,19
T8-P8-0,4,ictal,18.5,22.963227714410646,19
T8-P8-0,4,ictal,19.0,24.739382766191728,19
T8-P8-0,4,ictal,19.5,26.016983532700568,19
T8-P8-0,4,ictal,20.0,28.61019386036237,19
T8-P8-0,4,ictal,20.5,18.791615389558768,19
T8-P8-0,4,ictal,21.0,33.121716762551294,19
T8-P8-0,4,ictal,21.5,34.68579051455465,19
T8-P8-0,4,ictal,22.0,46.465305118802725,19
T8-P8-0,4,ictal,22.5,38.9361981467099,19
T8-P8-0,4,ictal,23.0,37.206631793117175,19
T8-P8-0,4,ictal,23.5,35.673555462007954,19
T8-P8-0,4,ictal,24.0,30.124925299611963,19
T8-P8-0,4,ictal,24.5,29.57110665698443,19
T8-P8-0,4,ictal,25.0,32.569080628114726,19
T8-P8-0,4,ictal,25.5,20.76427691337891,19
T8-P8-0,4,ictal,26.0,26.231551950846782,19
T8-P8-0,4,ictal,26.5,21.873726185730188,19
T8-P8-0,4,ictal,27.0,23.720993343125013,19
T8-P8-0,4,ictal,27.5,30.665918002612187,19
T8-P8-0,4,ictal,28.0,29.519583493568973,19
T8-P8-0,4,ictal,28.5,26.607774943624616,19
T8-P8-0,4,ictal,29.0,35.12238192190827,19
T8-P8-0,4,ictal,29.5,36.77687293479524,19
T8-P8-0,4,ictal,30.0,24.383386488875345,19
T8-P8-0,4,ictal,30.5,24.98459000695637,19
T8-P8-0,4,ictal,31.0,27.00048064168689,19
T8-P8-0,4,ictal,31.5,25.357767948075203,19
T8-P8-0,4,ictal,32.0,19.307996546384484,19
T8-P8-0,4,ictal,32.5,24.86717519625906,19
T8-P8-0,4,ictal,33.0,22.137854978194486,19
T8-P8-0,4,ictal,33.5,14.299007048092468,19
T8-P8-0,4,ictal,34.0,15.612892556986006,19
T8-P8-0,4,ictal,34.5,10.126709208024371,19
T8-P8-0,4,ictal,35.0,14.597099375837862,19
T8-P8-0,4,ictal,35.5,11.880923403864841,19
T8-P8-0,4,ictal,36.0,24.54871327891249,19
T8-P8-0,4,ictal,36.5,17.806169048060337,19
T8-P8-0,4,ictal,37.0,12.266035295351507,19
T8-P8-0,4,ictal,37.5,12.085348919967275,19
T8-P8-0,4,ictal,38.0,10.512402699006861,19
T8-P8-0,4,ictal,38.5,13.319547992790481,19
T8-P8-0,4,ictal,39.0,15.03139702483571,19
T8-P8-0,4,ictal,39.5,15.088178608692958,19
T8-P8-0,4,ictal,40.0,16.578355402122956,19
T8-P8-0,4,sin_crisis_anotada,0.5,84.89465976691538,118
T8-P8-0,4,sin_crisis_anotada,1.0,240.71684688548336,118
T8-P8-0,4,sin_crisis_anotada,1.5,288.6393676236694,118
T8-P8-0,4,sin_crisis_anotada,2.0,162.02899387603622,118
T8-P8-0,4,sin_crisis_anotada,2.5,121.73928857450093,118
T8-P8-0,4,sin_crisis_anotada,3.0,71.59036224410912,118
T8-P8-0,4,sin_crisis_anotada,3.5,59.55387035147524,118
T8-P8-0,4,sin_crisis_anotada,4.0,50.99036808225215,118
T8-P8-0,4,sin_crisis_anotada,4.5,44.41375541300539,118
T8-P8-0,4,sin_crisis_anotada,5.0,37.928968699218956,118
T8-P8-0,4,sin_crisis_anotada,5.5,38.4928736276546,118
T8-P8-0,4,sin_crisis_anotada,6.0,37.44353478173822,118
T8-P8-0,4,sin_crisis_anotada,6.5,30.762664587822826,118
T8-P8-0,4,sin_crisis_anotada,7.0,21.626024301410816,118
T8-P8-0,4,sin_crisis_anotada,7.5,16.768072676230695,118
T8-P8-0,4,sin_crisis_anotada,8.0,14.16903805766174,118
T8-P8-0,4,sin_crisis_anotada,8.5,11.58516426804,118
T8-P8-0,4,sin_crisis_anotada,9.0,10.397129702808183,118
T8-P8-0,4,sin_crisis_anotada,9.5,10.165733332272694,118
T8-P8-0,4,sin_crisis_anotada,10.0,9.179314557892354,118
T8-P8-0,4,sin_crisis_anotada,10.5,7.335747346967928,118
T8-P8-0,4,sin_crisis_anotada,11.0,7.973821950704236,118
T8-P8-0,4,sin_crisis_anotada,11.5,6.130193003775215,118
T8-P8-0,4,sin_crisis_anotada,12.0,6.088557692752293,118
T8-P8-0,4,sin_crisis_anotada,12.5,5.44597394577155,118
T8-P8-0,4,sin_crisis_anotada,13.0,6.173015547441485,118
T8-P8-0,4,sin_crisis_anotada,13.5,4.954322502773374,118
T8-P8-0,4,sin_crisis_anotada,14.0,3.2347477568962484,118
T8-P8-0,4,sin_crisis_anotada,14.5,2.3562776652547823,118
T8-P8-0,4,sin_crisis_anotada,15.0,2.0538167666311526,118
T8-P8-0,4,sin_crisis_anotada,15.5,1.7766816058160573,118
T8-P8-0,4,sin_crisis_anotada,16.0,2.023583359084843,118
T8-P8-0,4,sin_crisis_anotada,16.5,1.3051494204734913,118
T8-P8-0,4,sin_crisis_anotada,17.0,1.0217726409067964,118
T8-P8-0,4,sin_crisis_anotada,17.5,1.0152910946789968,118
T8-P8-0,4,sin_crisis_anotada,18.0,0.951975500297556,118
T8-P8-0,4,sin_crisis_anotada,18.5,0.7367343791700766,118
T8-P8-0,4,sin_crisis_anotada,19.0,0.7779213788415555,118
T8-P8-0,4,sin_crisis_anotada,19.5,0.8663716101037835,118
T8-P8-0,4,sin_crisis_anotada,20.0,0.7391726639186775,118
T8-P8-0,4,sin_crisis_anotada,20.5,0.6816790349341322,118
T8-P8-0,4,sin_crisis_anotada,21.0,0.6245171281429085,118
T8-P8-0,4,sin_crisis_anotada,21.5,0.6526245238288235,118
T8-P8-0,4,sin_crisis_anotada,22.0,0.6001457910255769,118
T8-P8-0,4,sin_crisis_anotada,22.5,0.6241796474345942,118
T8-P8-0,4,sin_crisis_anotada,23.0,0.5946899280751298,118
T8-P8-0,4,sin_crisis_anotada,23.5,0.6010163439060563,118
T8-P8-0,4,sin_crisis_anotada,24.0,0.49029259838966716,118
T8-P8-0,4,sin_crisis_anotada,24.5,0.5231805277036105,118
T8-P8-0,4,sin_crisis_anotada,25.0,0.47024771962130363,118
T8-P8-0,4,sin_crisis_anotada,25.5,0.48931146851603813,118
T8-P8-0,4,sin_crisis_anotada,26.0,0.4970988233425549,118
T8-P8-0,4,sin_crisis_anotada,26.5,0.381283692691855,118
T8-P8-0,4,sin_crisis_anotada,27.0,0.350901475460463,118
T8-P8-0,4,sin_crisis_anotada,27.5,0.3356077150164841,118
T8-P8-0,4,sin_crisis_anotada,28.0,0.31302448506017577,118
T8-P8-0,4,sin_crisis_anotada,28.5,0.3176276233563408,118
T8-P8-0,4,sin_crisis_anotada,29.0,0.2820761777882135,118
T8-P8-0,4,sin_crisis_anotada,29.5,0.3074818661690456,118
T8-P8-0,4,sin_crisis_anotada,30.0,0.28203393812514793,118
T8-P8-0,4,sin_crisis_anotada,30.5,0.2089112338920393,118
T8-P8-0,4,sin_crisis_anotada,31.0,0.22752800494144276,118
T8-P8-0,4,sin_crisis_anotada,31.5,0.3369923307620315,118
T8-P8-0,4,sin_crisis_anotada,32.0,0.5199066883926697,118
T8-P8-0,4,sin_crisis_anotada,32.5,0.2693711612777587,118
T8-P8-0,4,sin_crisis_anotada,33.0,0.1688177650106849,118
T8-P8-0,4,sin_crisis_anotada,33.5,0.14335724714973275,118
T8-P8-0,4,sin_crisis_anotada,34.0,0.1294343710424559,118
T8-P8-0,4,sin_crisis_anotada,34.5,0.11411226017056723,118
T8-P8-0,4,sin_crisis_anotada,35.0,0.10463362965204069,118
T8-P8-0,4,sin_crisis_anotada,35.5,0.10091722780003681,118
T8-P8-0,4,sin_crisis_anotada,36.0,0.11328725357173852,118
T8-P8-0,4,sin_crisis_anotada,36.5,0.08493250155330542,118
T8-P8-0,4,sin_crisis_anotada,37.0,0.08677506142584727,118
T8-P8-0,4,sin_crisis_anotada,37.5,0.07119643801838553,118
T8-P8-0,4,sin_crisis_anotada,38.0,0.06957905412440005,118
T8-P8-0,4,sin_crisis_anotada,38.5,0.061910565640344216,118
T8-P8-0,4,sin_crisis_anotada,39.0,0.04050086473443025,118
T8-P8-0,4,sin_crisis_anotada,39.5,0.03941983872827755,118
T8-P8-0,4,sin_crisis_anotada,40.0,0.03524512003115397,118
T8-P8-0,4,transicion,0.5,254.10946149110845,2
T8-P8-0,4,transicion,1.0,842.826659935959,2
T8-P8-0,4,transicion,1.5,1109.8276207859196,2
T8-P8-0,4,transicion,2.0,707.8448676825046,2
T8-P8-0,4,transicion,2.5,704.1797647730201,2
T8-P8-0,4,transicion,3.0,458.4078307022743,2
T8-P8-0,4,transicion,3.5,122.76968247622116,2
T8-P8-0,4,transicion,4.0,84.24056460837727,2
T8-P8-0,4,transicion,4.5,135.74547605126236,2
T8-P8-0,4,transicion,5.0,99.9291020966917,2
T8-P8-0,4,transicion,5.5,225.31961773872564,2
T8-P8-0,4,transicion,6.0,215.52663286965225,2
T8-P8-0,4,transicion,6.5,126.41355213744889,2
T8-P8-0,4,transicion,7.0,94.56036784010686,2
T8-P8-0,4,transicion,7.5,147.1885394349258,2
T8-P8-0,4,transicion,8.0,90.9562885511402,2
T8-P8-0,4,transicion,8.5,25.130214364799947,2
T8-P8-0,4,transicion,9.0,36.10322393729053,2
T8-P8-0,4,transicion,9.5,93.38608846647789,2
T8-P8-0,4,transicion,10.0,188.74717786005363,2
T8-P8-0,4,transicion,10.5,123.4664223460843,2
T8-P8-0,4,transicion,11.0,74.92699152459386,2
T8-P8-0,4,transicion,11.5,25.5287836336257,2
T8-P8-0,4,transicion,12.0,13.421910960440577,2
T8-P8-0,4,transicion,12.5,5.786691487528754,2
T8-P8-0,4,transicion,13.0,7.290781013028242,2
T8-P8-0,4,transicion,13.5,13.052565937528716,2
T8-P8-0,4,transicion,14.0,12.736774038292282,2
T8-P8-0,4,transicion,14.5,10.422109264017088,2
T8-P8-0,4,transicion,15.0,7.861006114795033,2
T8-P8-0,4,transicion,15.5,5.582891753913339,2
T8-P8-0,4,transicion,16.0,3.2496537844679994,2
T8-P8-0,4,transicion,16.5,4.792834831256355,2
T8-P8-0,4,transicion,17.0,5.42432587505557,2
T8-P8-0,4,transicion,17.5,5.090643416949904,2
T8-P8-0,4,transicion,18.0,3.3762861127348454,2
T8-P8-0,4,transicion,18.5,4.329070668474959,2
T8-P8-0,4,transicion,19.0,4.319845921093563,2
T8-P8-0,4,transicion,19.5,6.926455419035961,2
T8-P8-0,4,transicion,20.0,17.63854347461064,2
T8-P8-0,4,transicion,20.5,21.634511624873404,2
T8-P8-0,4,transicion,21.0,20.755087979399132,2
T8-P8-0,4,transicion,21.5,22.75661604674463,2
T8-P8-0,4,transicion,22.0,17.242078348713815,2
T8-P8-0,4,transicion,22.5,12.32605044623986,2
T8-P8-0,4,transicion,23.0,12.914980456785644,2
T8-P8-0,4,transicion,23.5,15.17881087432843,2
T8-P8-0,4,transicion,24.0,16.100542716986673,2
T8-P8-0,4,transicion,24.5,10.51478200627913,2
T8-P8-0,4,transicion,25.0,7.449830750499881,2
T8-P8-0,4,transicion,25.5,4.736483610717032,2
T8-P8-0,4,transicion,26.0,18.74978715522699,2
T8-P8-0,4,transicion,26.5,40.32611605038581,2
T8-P8-0,4,transicion,27.0,39.323844909870516,2
T8-P8-0,4,transicion,27.5,9.935828811501151,2
T8-P8-0,4,transicion,28.0,10.123274114685607,2
T8-P8-0,4,transicion,28.5,11.978727181276707,2
T8-P8-0,4,transicion,29.0,9.215711228392493,2
T8-P8-0,4,transicion,29.5,8.861780559149873,2
T8-P8-0,4,transicion,30.0,11.243654622386831,2
T8-P8-0,4,transicion,30.5,19.543129445312356,2
T8-P8-0,4,transicion,31.0,11.948424048651777,2
T8-P8-0,4,transicion,31.5,9.086546535150894,2
T8-P8-0,4,transicion,32.0,10.784121773287271,2
T8-P8-0,4,transicion,32.5,4.522507377951166,2
T8-P8-0,4,transicion,33.0,2.5583082406112236,2
T8-P8-0,4,transicion,33.5,8.227136791855308,2
T8-P8-0,4,transicion,34.0,19.85423540558206,2
T8-P8-0,4,transicion,34.5,17.519625888600448,2
T8-P8-0,4,transicion,35.0,14.992457904635906,2
T8-P8-0,4,transicion,35.5,14.09882210337155,2
T8-P8-0,4,transicion,36.0,6.277358692735811,2
T8-P8-0,4,transicion,36.5,8.526022621227604,2
T8-P8-0,4,transicion,37.0,15.759843299172719,2
T8-P8-0,4,transicion,37.5,6.546331297753516,2
T8-P8-0,4,transicion,38.0,8.255406527442428,2
T8-P8-0,4,transicion,38.5,2.4574755636243246,2
T8-P8-0,4,transicion,39.0,8.020599868192305,2
T8-P8-0,4,transicion,39.5,13.391064679517882,2
T8-P8-0,4,transicion,40.0,8.801853530009573,2
T8-P8-0,8,ictal,0.5,1195.3644314225699,9
T8-P8-0,8,ictal,1.0,3198.488864974152,9
T8-P8-0,8,ictal,1.5,2618.4682235384353,9
T8-P8-0,8,ictal,2.0,2097.7228431222347,9
T8-P8-0,8,ictal,2.5,2243.9544601940065,9
T8-P8-0,8,ictal,3.0,1913.280297063358,9
T8-P8-0,8,ictal,3.5,1414.9736144486994,9
T8-P8-0,8,ictal,4.0,438.8899652007561,9
T8-P8-0,8,ictal,4.5,368.7480328396776,9
T8-P8-0,8,ictal,5.0,361.54515359261524,9
T8-P8-0,8,ictal,5.5,624.7399379487377,9
T8-P8-0,8,ictal,6.0,564.2409663062024,9
T8-P8-0,8,ictal,6.5,500.60267037328265,9
T8-P8-0,8,ictal,7.0,201.9977640199984,9
T8-P8-0,8,ictal,7.5,119.61153082849124,9
T8-P8-0,8,ictal,8.0,67.18424848734334,9
T8-P8-0,8,ictal,8.5,70.22459163411203,9
T8-P8-0,8,ictal,9.0,51.81099688356036,9
T8-P8-0,8,ictal,9.5,53.2017636385508,9
T8-P8-0,8,ictal,10.0,39.428739010333175,9
T8-P8-0,8,ictal,10.5,33.278770963998944,9
T8-P8-0,8,ictal,11.0,32.17006522663848,9
T8-P8-0,8,ictal,11.5,27.6643346001325,9
T8-P8-0,8,ictal,12.0,14.036502582782537,9
T8-P8-0,8,ictal,12.5,19.09798887436496,9
T8-P8-0,8,ictal,13.0,25.383313221301133,9
T8-P8-0,8,ictal,13.5,26.379082826608347,9
T8-P8-0,8,ictal,14.0,21.49533686665398,9
T8-P8-0,8,ictal,14.5,18.592936925046363,9
T8-P8-0,8,ictal,15.0,16.6405127823207,9
T8-P8-0,8,ictal,15.5,14.80039060331451,9
T8-P8-0,8,ictal,16.0,18.51768617695172,9
T8-P8-0,8,ictal,16.5,12.115310606044291,9
T8-P8-0,8,ictal,17.0,14.275245484911279,9
T8-P8-0,8,ictal,17.5,29.46654383977355,9
T8-P8-0,8,ictal,18.0,32.15614660198819,9
T8-P8-0,8,ictal,18.5,21.812578610334224,9
T8-P8-0,8,ictal,19.0,25.98603384344641,9
T8-P8-0,8,ictal,19.5,28.13437698605205,9
T8-P8-0,8,ictal,20.0,26.07650571524336,9
T8-P8-0,8,ictal,20.5,42.187648418472065,9
T8-P8-0,8,ictal,21.0,32.16698796480853,9
T8-P8-0,8,ictal,21.5,45.82327811456184,9
T8-P8-0,8,ictal,22.0,41.802424462897854,9
T8-P8-0,8,ictal,22.5,49.85859565071742,9
T8-P8-0,8,ictal,23.0,51.089044735765945,9
T8-P8-0,8,ictal,23.5,33.8286521253088,9
T8-P8-0,8,ictal,24.0,54.50281985972316,9
T8-P8-0,8,ictal,24.5,32.57949663362227,9
T8-P8-0,8,ictal,25.0,42.14924740403592,9
T8-P8-0,8,ictal,25.5,30.77418477015753,9
T8-P8-0,8,ictal,26.0,28.246458614152296,9
T8-P8-0,8,ictal,26.5,23.785886773112164,9
T8-P8-0,8,ictal,27.0,20.522312459865425,9
T8-P8-0,8,ictal,27.5,39.14579543906958,9
T8-P8-0,8,ictal,28.0,44.17624130791729,9
T8-P8-0,8,ictal,28.5,33.09370322488725,9
T8-P8-0,8,ictal,29.0,32.87472655768202,9
T8-P8-0,8,ictal,29.5,47.5522477041244,9
T8-P8-0,8,ictal,30.0,43.188929018970605,9
T8-P8-0,8,ictal,30.5,40.611954290345864,9
T8-P8-0,8,ictal,31.0,34.32695660013863,9
T8-P8-0,8,ictal,31.5,24.258845480622032,9
T8-P8-0,8,ictal,32.0,27.112170129421774,9
T8-P8-0,8,ictal,32.5,35.60262708385893,9
T8-P8-0,8,ictal,33.0,19.703788954128328,9
T8-P8-0,8,ictal,33.5,16.28760295730635,9
T8-P8-0,8,ictal,34.0,15.043681052995437,9
T8-P8-0,8,ictal,34.5,14.0873764352383,9
T8-P8-0,8,ictal,35.0,16.609930387729353,9
T8-P8-0,8,ictal,35.5,21.280657294541605,9
T8-P8-0,8,ictal,36.0,23.93696808495687,9
T8-P8-0,8,ictal,36.5,20.647032914455014,9
T8-P8-0,8,ictal,37.0,13.77204675574767,9
T8-P8-0,8,ictal,37.5,13.878370348511558,9
T8-P8-0,8,ictal,38.0,12.075873690667075,9
T8-P8-0,8,ictal,38.5,14.04404512650405,9
T8-P8-0,8,ictal,39.0,10.175797912109486,9
T8-P8-0,8,ictal,39.5,20.598671523153904,9
T8-P8-0,8,ictal,40.0,14.961789302090466,9
T8-P8-0,8,sin_crisis_anotada,0.5,88.87137430492277,58
T8-P8-0,8,sin_crisis_anotada,1.0,225.61177638161848,58
T8-P8-0,8,sin_crisis_anotada,1.5,244.02729512218008,58
T8-P8-0,8,sin_crisis_anotada,2.0,149.31084610827682,58
T8-P8-0,8,sin_crisis_anotada,2.5,114.31125649074514,58
T8-P8-0,8,sin_crisis_anotada,3.0,68.67375709554511,58
T8-P8-0,8,sin_crisis_anotada,3.5,66.77904950964272,58
T8-P8-0,8,sin_crisis_anotada,4.0,58.25524111047018,58
T8-P8-0,8,sin_crisis_anotada,4.5,46.92030521269477,58
T8-P8-0,8,sin_crisis_anotada,5.0,35.604180037417656,58
T8-P8-0,8,sin_crisis_anotada,5.5,33.40695810830513,58
T8-P8-0,8,sin_crisis_anotada,6.0,41.55862636732742,58
T8-P8-0,8,sin_crisis_anotada,6.5,33.02100107712869,58
T8-P8-0,8,sin_crisis_anotada,7.0,24.926478120538295,58
T8-P8-0,8,sin_crisis_anotada,7.5,18.48425536404534,58
T8-P8-0,8,sin_crisis_anotada,8.0,13.686515247546627,58
T8-P8-0,8,sin_crisis_anotada,8.5,13.464285631976853,58
T8-P8-0,8,sin_crisis_anotada,9.0,12.722805106667012,58
T8-P8-0,8,sin_crisis_anotada,9.5,11.13472006797764,58
T8-P8-0,8,sin_crisis_anotada,10.0,10.515694663209905,58
T8-P8-0,8,sin_crisis_anotada,10.5,8.292916779274156,58
T8-P8-0,8,sin_crisis_anotada,11.0,8.246170410107037,58
T8-P8-0,8,sin_crisis_anotada,11.5,8.227457718914986,58
T8-P8-0,8,sin_crisis_anotada,12.0,7.779296831808582,58
T8-P8-0,8,sin_crisis_anotada,12.5,7.735271671984833,58
T8-P8-0,8,sin_crisis_anotada,13.0,9.60059800283257,58
T8-P8-0,8,sin_crisis_anotada,13.5,7.6757169980525894,58
T8-P8-0,8,sin_crisis_anotada,14.0,3.9131158640063006,58
T8-P8-0,8,sin_crisis_anotada,14.5,2.484166497797304,58
T8-P8-0,8,sin_crisis_anotada,15.0,2.0170033832034253,58
T8-P8-0,8,sin_crisis_anotada,15.5,1.9351921738572733,58
T8-P8-0,8,sin_crisis_anotada,16.0,2.3071201148865694,58
T8-P8-0,8,sin_crisis_anotada,16.5,1.3258153203154488,58
T8-P8-0,8,sin_crisis_anotada,17.0,1.1189809801548998,58
T8-P8-0,8,sin_crisis_anotada,17.5,1.0630674663011113,58
T8-P8-0,8,sin_crisis_anotada,18.0,0.9233853465872766,58
T8-P8-0,8,sin_crisis_anotada,18.5,0.7056983852130325,58
T8-P8-0,8,sin_crisis_anotada,19.0,0.8166006574009339,58
T8-P8-0,8,sin_crisis_anotada,19.5,0.8612835169083283,58
T8-P8-0,8,sin_crisis_anotada,20.0,0.7362637574526703,58
T8-P8-0,8,sin_crisis_anotada,20.5,0.6033628403719964,58
T8-P8-0,8,sin_crisis_anotada,21.0,0.5928281887816457,58
T8-P8-0,8,sin_crisis_anotada,21.5,0.5797120926222679,58
T8-P8-0,8,sin_crisis_anotada,22.0,0.6522382724245798,58
T8-P8-0,8,sin_crisis_anotada,22.5,0.6598536789596827,58
T8-P8-0,8,sin_crisis_anotada,23.0,0.6311308592261349,58
T8-P8-0,8,sin_crisis_anotada,23.5,0.5573077622728573,58
T8-P8-0,8,sin_crisis_anotada,24.0,0.4808196254136753,58
T8-P8-0,8,sin_crisis_anotada,24.5,0.5055421425407154,58
T8-P8-0,8,sin_crisis_anotada,25.0,0.5072160767286147,58
T8-P8-0,8,sin_crisis_anotada,25.5,0.5391365007853988,58
T8-P8-0,8,sin_crisis_anotada,26.0,0.5273055509743654,58
T8-P8-0,8,sin_crisis_anotada,26.5,0.37113397647947594,58
T8-P8-0,8,sin_crisis_anotada,27.0,0.35201697476234184,58
T8-P8-0,8,sin_crisis_anotada,27.5,0.32907830699037594,58
T8-P8-0,8,sin_crisis_anotada,28.0,0.3640577603705487,58
T8-P8-0,8,sin_crisis_anotada,28.5,0.3459303175641474,58
T8-P8-0,8,sin_crisis_anotada,29.0,0.2644236621305597,58
T8-P8-0,8,sin_crisis_anotada,29.5,0.32422684637740784,58
T8-P8-0,8,sin_crisis_anotada,30.0,0.240001153602847,58
T8-P8-0,8,sin_crisis_anotada,30.5,0.22313725061553205,58
T8-P8-0,8,sin_crisis_anotada,31.0,0.21880307132461252,58
T8-P8-0,8,sin_crisis_anotada,31.5,0.3332556686563287,58
T8-P8-0,8,sin_crisis_anotada,32.0,0.7901783753256801,58
T8-P8-0,8,sin_crisis_anotada,32.5,0.32785322068108985,58
T8-P8-0,8,sin_crisis_anotada,33.0,0.147032487303982,58
T8-P8-0,8,sin_crisis_anotada,33.5,0.16323954964674103,58
T8-P8-0,8,sin_crisis_anotada,34.0,0.12425131567252606,58
T8-P8-0,8,sin_crisis_anotada,34.5,0.12673657352009662,58
T8-P8-0,8,sin_crisis_anotada,35.0,0.10421753215365591,58
T8-P8-0,8,sin_crisis_anotada,35.5,0.09735394312903667,58
T8-P8-0,8,sin_crisis_anotada,36.0,0.10442972618828888,58
T8-P8-0,8,sin_crisis_anotada,36.5,0.09725626303080546,58
T8-P8-0,8,sin_crisis_anotada,37.0,0.08940709762341001,58
T8-P8-0,8,sin_crisis_anotada,37.5,0.06546108299510978,58
T8-P8-0,8,sin_crisis_anotada,38.0,0.06585224722486016,58
T8-P8-0,8,sin_crisis_anotada,38.5,0.053527487093466775,58
T8-P8-0,8,sin_crisis_anotada,39.0,0.04015806480687886,58
T8-P8-0,8,sin_crisis_anotada,39.5,0.03925090011757437,58
T8-P8-0,8,sin_crisis_anotada,40.0,0.03350743326296743,58
T8-P8-0,8,transicion,0.5,327.95052951916057,2
T8-P8-0,8,transicion,1.0,782.118435494389,2
T8-P8-0,8,transicion,1.5,877.3962737865212,2
T8-P8-0,8,transicion,2.0,589.8539021843699,2
T8-P8-0,8,transicion,2.5,796.5409955044194,2
T8-P8-0,8,transicion,3.0,451.83228509854905,2
T8-P8-0,8,transicion,3.5,132.63817695899792,2
T8-P8-0,8,transicion,4.0,102.72804431448853,2
T8-P8-0,8,transicion,4.5,117.33530996620718,2
T8-P8-0,8,transicion,5.0,65.2764724927845,2
T8-P8-0,8,transicion,5.5,157.45792880759905,2
T8-P8-0,8,transicion,6.0,138.06327626690143,2
T8-P8-0,8,transicion,6.5,87.50975251007652,2
T8-P8-0,8,transicion,7.0,71.04424970870235,2
T8-P8-0,8,transicion,7.5,102.5463159141234,2
T8-P8-0,8,transicion,8.0,163.0670857187765,2
T8-P8-0,8,transicion,8.5,62.910085409833016,2
T8-P8-0,8,transicion,9.0,35.94892057026374,2
T8-P8-0,8,transicion,9.5,66.4138667981784,2
T8-P8-0,8,transicion,10.0,96.24725450563871,2
T8-P8-0,8,transicion,10.5,70.16994598442446,2
T8-P8-0,8,transicion,11.0,51.06087540146693,2
T8-P8-0,8,transicion,11.5,32.66013873771171,2
T8-P8-0,8,transicion,12.0,13.34915808270561,2
T8-P8-0,8,transicion,12.5,8.938252556332348,2
T8-P8-0,8,transicion,13.0,7.9100038642992825,2
T8-P8-0,8,transicion,13.5,9.465493539879574,2
T8-P8-0,8,transicion,14.0,13.877036425148592,2
T8-P8-0,8,transicion,14.5,14.758117310867808,2
T8-P8-0,8,transicion,15.0,8.901738176077517,2
T8-P8-0,8,transicion,15.5,4.785392665792833,2
T8-P8-0,8,transicion,16.0,3.905164442034863,2
T8-P8-0,8,transicion,16.5,3.4321482147601894,2
T8-P8-0,8,transicion,17.0,5.234223043313869,2
T8-P8-0,8,transicion,17.5,5.222733870968362,2
T8-P8-0,8,transicion,18.0,3.472117505887052,2
T8-P8-0,8,transicion,18.5,7.425096604236832,2
T8-P8-0,8,transicion,19.0,10.307991891852495,2
T8-P8-0,8,transicion,19.5,9.599594020732612,2
T8-P8-0,8,transicion,20.0,17.620057252115224,2
T8-P8-0,8,transicion,20.5,14.438847730690828,2
T8-P8-0,8,transicion,21.0,17.370992960748282,2
T8-P8-0,8,transicion,21.5,23.741612122015297,2
T8-P8-0,8,transicion,22.0,19.018530152785146,2
T8-P8-0,8,transicion,22.5,15.725159171642607,2
T8-P8-0,8,transicion,23.0,15.966864069353882,2
T8-P8-0,8,transicion,23.5,11.273953985876465,2
T8-P8-0,8,transicion,24.0,11.716110282674011,2
T8-P8-0,8,transicion,24.5,11.57802313810537,2
T8-P8-0,8,transicion,25.0,8.221729084870919,2
T8-P8-0,8,transicion,25.5,4.3276619695773935,2
T8-P8-0,8,transicion,26.0,11.49610357706563,2
T8-P8-0,8,transicion,26.5,19.194526219963258,2
T8-P8-0,8,transicion,27.0,23.778493151543614,2
T8-P8-0,8,transicion,27.5,17.843080886987607,2
T8-P8-0,8,transicion,28.0,17.588911650663967,2
T8-P8-0,8,transicion,28.5,13.161786492576372,2
T8-P8-0,8,transicion,29.0,8.109874444738061,2
T8-P8-0,8,transicion,29.5,6.846850919562867,2
T8-P8-0,8,transicion,30.0,11.240640850885836,2
T8-P8-0,8,transicion,30.5,24.079112368074533,2
T8-P8-0,8,transicion,31.0,22.939788817253742,2
T8-P8-0,8,transicion,31.5,13.948130656756057,2
T8-P8-0,8,transicion,32.0,11.961458836806873,2
T8-P8-0,8,transicion,32.5,5.129135995770908,2
T8-P8-0,8,transicion,33.0,3.7671305994390694,2
T8-P8-0,8,transicion,33.5,4.951518901008535,2
T8-P8-0,8,transicion,34.0,11.547346793431803,2
T8-P8-0,8,transicion,34.5,10.506673649404954,2
T8-P8-0,8,transicion,35.0,7.7694439048776465,2
T8-P8-0,8,transicion,35.5,7.530890897453812,2
T8-P8-0,8,transicion,36.0,4.223765799691075,2
T8-P8-0,8,transicion,36.5,5.869520212490425,2
T8-P8-0,8,transicion,37.0,8.432333776614254,2
T8-P8-0,8,transicion,37.5,4.412886450142169,2
T8-P8-0,8,transicion,38.0,5.188143748421744,2
T8-P8-0,8,transicion,38.5,2.1179987899992785,2
T8-P8-0,8,transicion,39.0,7.630627842140191,2
T8-P8-0,8,transicion,39.5,10.2204414045012,2
T8-P8-0,8,transicion,40.0,8.082291218818666,2
