channel,window_s,state,rms_uv_median,rms_uv_iqr,ll_uv_per_sample_median,ll_uv_per_sample_iqr,power_uv2_median,power_uv2_iqr,entropy_median,entropy_iqr,delta_uv2_median,delta_uv2_iqr,theta_uv2_median,theta_uv2_iqr,alpha_uv2_median,alpha_uv2_iqr,beta_uv2_median,beta_uv2_iqr,high_30_40_uv2_median,high_30_40_uv2_iqr,delta_rel_median,delta_rel_iqr,theta_rel_median,theta_rel_iqr,alpha_rel_median,alpha_rel_iqr,beta_rel_median,beta_rel_iqr,high_30_40_rel_median,high_30_40_rel_iqr,n_epochs,n_epochs_total,n_flagged,quality_flag_percent,excluded_flagged
C3-P3,2,ictal,60.13624653550078,13.277497085597219,4.443554529378594,1.0556026283414441,3293.091660568362,1903.0547297890917,0.4957143622016435,0.10016355496105922,2886.429602649309,2085.905802644307,307.85083715156907,238.8919165629016,62.024129357286576,32.347214656752215,31.851113604804254,15.98756421818608,7.070073143427729,7.2132910517967,0.863129622842137,0.20914110614433656,0.1071611829910667,0.18432540425142974,0.018934542127314245,0.021782610513591025,0.010560834360689378,0.009105343906617058,0.002976239351844544,0.003211715727883232,39,39,0,0.0,False
C3-P3,2,sin_crisis_anotada,23.688070299944165,14.913215072939611,3.139398401602263,0.8573851871153217,535.9873940538386,810.7162688350538,0.5816778051727167,0.13698513117088396,336.1582473793876,743.8785425948158,74.31216952937199,86.48833747334973,27.453822416437525,37.367048809724295,21.00174538392745,13.291822546137562,6.558527039607156,7.3994820695885455,0.6938159725521795,0.2982956287616363,0.13134618022278544,0.11261898519333452,0.05484073739117691,0.12336534282945784,0.03848618716093327,0.05941567683007046,0.009856185533515117,0.010846898806754416,238,238,0,0.0,False
C3-P3,2,transicion,37.968472480152855,5.784128941644241,3.607238151827267,0.050310290096923005,1443.821037055668,274.55277855570534,0.5461237164094342,0.051044576941420394,1229.7936297639992,376.9788939289517,73.13075354972219,27.247999866423967,85.8826435198369,68.66142710713778,45.610497941214525,11.459665574909579,9.403512280894779,4.942977175225092,0.8322058815102431,0.10284824297388939,0.05627438077131,0.029573116316245096,0.07109671116973493,0.061074900864989304,0.03434118416753773,0.014467259148402967,0.006081842381173951,0.002267033355748048,2,2,0,0.0,False
C3-P3,4,ictal,60.32766316571612,8.234677506699725,4.421336139870973,0.9714624971345867,3381.664737449646,1041.703907626203,0.5287393693080716,0.07122894386748724,2985.569176098495,1607.7037188013578,321.74027556460493,274.40942379721423,57.4794635837498,18.63514498346907,31.061783311539152,16.323152176414037,8.100011674359319,8.092526119568362,0.8646365355738912,0.1857487924472282,0.10869574551659121,0.17186591352777444,0.01567333047645985,0.013881297653037986,0.009846183793551204,0.006228968149707642,0.0022995203283447574,0.003058265612879727,19,19,0,0.0,False
C3-P3,4,sin_crisis_anotada,24.395116438931957,14.458971842518576,3.168292817438741,0.7017212223367282,553.6342344704473,761.3145585976439,0.6190838366859226,0.1497931047998251,360.3183355530873,730.1583746549552,81.26089191873237,86.16040580161801,32.79312288178991,39.984382135920896,24.186302336823744,11.718187971916393,6.784439562649581,7.210887664283337,0.7001873763455172,0.2787821538712467,0.1297427282812577,0.09866503442686869,0.06521430822783403,0.14661154640426166,0.046475216291765105,0.06246649299289793,0.009072476231473593,0.0077399198858181684,118,118,0,0.0,False
C3-P3,4,transicion,35.72864331234219,8.195041748706934,3.5910517744643338,0.28917204042647704,1353.8766795447389,475.7731296182217,0.588995412801073,0.05736920973144821,1130.2803863212753,533.2756660984908,112.55374623345571,16.863206976029048,69.73667498340333,38.313705512616195,33.28715699030086,6.56168183544208,8.018715016303622,4.236057843818299,0.7945503234108378,0.11467068931444435,0.09984112860600469,0.04754120827250451,0.07011200523239305,0.05293769716894854,0.029993724537210623,0.01538684456432373,0.005502818213553904,0.0011950606913324422,2,2,0,0.0,False
C3-P3,8,ictal,62.08953296619231,3.0540786840563356,4.780360402864603,0.9899257927710634,3402.5721545991946,1107.501059356723,0.5415810677453438,0.09491091200962132,2881.855650015705,1470.7044826026677,344.9202034113598,260.65201802247276,60.463961531986776,12.442559228722452,33.13893774255553,12.085706682660408,9.57087494842814,3.2914037200398223,0.8564917627302565,0.1762144241939606,0.11716539923367754,0.11075272470889234,0.018697206099876483,0.007155155750918943,0.011189416051269966,0.006122298768136602,0.0029384131004195598,0.0009865089070974298,9,9,0,0.0,False
C3-P3,8,sin_crisis_anotada,23.44589215285294,18.899025052521534,3.111837885558597,0.5842364477657971,509.03571160030344,1077.7693264737304,0.639074455282285,0.15526101530670788,336.97237529799906,1046.3351491238159,85.10683004319979,77.10240858899284,40.359146940158055,42.76196247797097,26.039183300268817,10.464651208188801,6.79526041490669,7.636924969366955,0.6925818432297312,0.2627422262642498,0.11860431733049313,0.07309791947606838,0.0873468667060123,0.15241127701672696,0.0507601833305872,0.061696481255091896,0.008774372317659346,0.004654281809255468,58,58,0,0.0,False
C3-P3,8,transicion,38.48436426544515,13.80217175744341,3.546474802981514,0.37051394919781844,1575.6746790422912,974.6479847130377,0.6010424890671238,0.06813989473442805,1343.0240472962255,950.6350355794738,133.8862183190354,43.124650351689525,58.82980981709305,20.168588944010473,32.183346464830166,3.178774989454361,7.7512571451071635,4.235662715338881,0.7761124410496609,0.12324790871028113,0.1102090605459811,0.04080181604850333,0.07329921494960451,0.058139870046887664,0.03510454690226475,0.023731644215250702,0.005274736552488762,0.0005745783996394249,2,2,0,0.0,False
C4-P4,2,ictal,65.8243125971729,52.155238787655094,6.699155003237635,1.1836890696215763,4386.805136550652,5929.902857954061,0.5303221621427426,0.09815415716473241,3461.2822226951657,5143.01339523553,466.24669227240474,620.295955000098,90.96136349037369,102.95292203678223,83.06270317050478,49.46488832426566,21.448788473470223,25.599035980264546,0.8594434964074134,0.147209114431881,0.09298910209822725,0.13102010073852535,0.019651165734060106,0.016455375060518265,0.017685277205026224,0.022759857552324417,0.004076672353206123,0.005568702512138693,39,39,0,0.0,False
C4-P4,2,sin_crisis_anotada,25.75254740700956,18.16108539395197,4.5637838682500504,1.8886755217566549,587.9399922993229,1070.8307498170766,0.5935594266027385,0.11859992874576797,329.63998001604136,865.5514201555297,88.7477417068744,102.59358257735153,32.21871137969187,54.15632519013621,49.208176288562505,35.68614032284887,17.49727181733411,28.2147315279423,0.6599816626612118,0.26898794120419744,0.13047790268981846,0.10081289033013176,0.055098772159521726,0.12239361173662533,0.06478113785296809,0.06837306859388595,0.01661710445607369,0.02269475014525426,238,238,0,0.0,False
C4-P4,2,transicion,47.279195922360685,9.650757759668238,4.876401453047633,0.6413468564167291,1131.1677649923072,184.39112658666386,0.5857953794666316,0.017945851035616744,825.0561723632536,185.4319454965863,152.75841697769704,10.975265255639755,91.40164050466997,40.28674594276467,40.414360323527724,15.146947015089808,21.537174823158885,13.123714762112861,0.7218432441921409,0.04626233004560665,0.1371064737559206,0.012647064693040083,0.08897271068319382,0.05011858192537305,0.03446091203062449,0.007773082733328097,0.01761665933812029,0.008730233839478754,2,2,0,0.0,False
C4-P4,4,ictal,75.71348066639128,46.47377541099054,6.672418025647973,1.084091731724385,5330.87506013042,7202.721548079138,0.555080256223116,0.09903952355446499,4311.653242851337,6979.896274281324,570.17090831679,432.0274775082421,91.61115520378921,105.0528305942724,101.7276785102744,41.00627082085957,30.54599490394852,12.426262118612556,0.875855641351755,0.08832174033815465,0.08887490683095711,0.07060424299550713,0.01718501262371509,0.010828317264510223,0.01796566045890681,0.020304083108673848,0.005667339268404952,0.005172968364127069,19,19,0,0.0,False
C4-P4,4,sin_crisis_anotada,26.3791770763958,14.436302808009984,4.545624857517331,1.396206753544654,646.4081867459198,1010.828430431643,0.6330045762941345,0.11219833792403877,369.0164273900159,963.2219653471745,96.36541588245463,104.29328857685462,41.550149974469804,73.7546654209575,52.56071415227645,23.908350246539364,17.824379333425437,28.391479332833757,0.6776055720417647,0.2471431798432997,0.12225419049918576,0.05473008471531174,0.0695838109181293,0.16972860885262972,0.07057534840380994,0.054859422758566506,0.015513955962540273,0.01723908551483934,118,118,0,0.0,False
C4-P4,4,transicion,44.91795141802099,10.303821316670216,4.897719605484365,0.6632329411072115,2532.9294173652493,1134.2015883873914,0.6005620374800972,0.10043360716855587,2009.810275839348,1345.4164055193048,312.3570072777643,129.73130887892853,140.51326408259632,101.60974059426982,49.34412059509989,6.026170455571005,20.9047495704401,14.100061885713664,0.6949723169031226,0.21997363842143436,0.1829326382658378,0.1331319362695496,0.09185550434319238,0.08124679594763781,0.02303430556350405,0.00793522921095179,0.007205234924342994,0.0023403230067049014,2,2,0,0.0,False
C4-P4,8,ictal,91.65748666180029,38.056745644665945,6.866475733949336,0.9164994270918294,7855.2309425100375,7231.158011850745,0.5343266099534233,0.06888270746051112,6796.6830740544,6615.250283843272,563.2203096756408,423.8767280018486,105.18563779625256,62.22696014756528,90.01958696604449,12.811527599217698,26.9315079437074,2.682194847720936,0.8724583147108571,0.06114328547373826,0.08470700092385805,0.041552644305071273,0.014544923680055577,0.014899128062253212,0.01064228711511131,0.01682548005706211,0.0034284807335151096,0.004709614603954528,9,9,0,0.0,False
C4-P4,8,sin_crisis_anotada,26.99743650688521,21.936767323919725,4.548242431924422,1.5300116171079385,677.9026844322066,1355.9547321255857,0.642287888893419,0.12615160935862968,469.086332679938,1329.7346929534153,95.26763159353959,100.6114626245342,48.59759873351313,69.82434294311162,52.2151173277808,14.721477340202966,18.059161271043454,28.44444645656607,0.665158516167705,0.24956085212895607,0.12280391908034873,0.04991813210483048,0.07369407494169546,0.20357504298687878,0.06560750107306934,0.05131840085067439,0.012418116726448644,0.01230463499078222,58,58,0,0.0,False
C4-P4,8,transicion,42.5936431960696,10.546014961441372,5.0005642358025035,0.936027782730803,1979.2560377908849,993.6117987323541,0.6479877163805561,0.08496682183700177,1491.773845055066,1030.1635167118545,291.8732880953187,20.71026529231159,124.14038768624404,81.81182024440984,49.9926075483667,8.460573194716758,21.475909405889,16.089263777880074,0.6583258177066739,0.1899922039637143,0.19012896536782123,0.08498350631061807,0.1115950827152653,0.09735678832430529,0.030899580995528326,0.011237361227479599,0.009050553214711163,0.0035854518986885107,2,2,0,0.0,False
CZ-PZ,2,ictal,78.24048747300787,31.388372560036174,5.7630487100069505,1.3826025057755542,5501.6343098569505,6059.619887144494,0.4948807726666421,0.0888869375784872,5235.337175091486,5758.263856476561,657.7556908905132,844.4863363286586,122.12479777910026,110.34158814347285,43.81317862323494,34.64108061445551,3.2201555903023507,1.4883816976873345,0.8526371369529893,0.25423162615488315,0.12077591425237963,0.1869403653444609,0.01613475538761916,0.018793408307350917,0.006467365884025067,0.010442503188091503,0.0005915223462665178,0.0006414457572605008,39,39,0,0.0,False
CZ-PZ,2,sin_crisis_anotada,34.33264580099945,19.343307674183414,3.4842456845948977,1.2869998090396373,1123.3187154243737,1493.571529532736,0.5651578458824855,0.12531635744535097,683.1451028038516,1259.5136333876383,159.07804162329478,143.95611353662824,58.07190937871751,92.26451348456985,23.975740321146294,28.82631833322674,2.497197616158817,2.2954278598617464,0.7054910553984242,0.28904634171946564,0.1329538464054542,0.12183370220517797,0.06045752739177206,0.13244976676718673,0.025087491662265253,0.049117166370214196,0.0019131363327545424,0.002541829937765525,238,238,0,0.0,False
CZ-PZ,2,transicion,63.66818813460672,4.884909861029705,4.572962034625945,0.7859396438270716,2357.4920516502248,735.631060771876,0.5057214340166364,0.032668679174167825,1892.4944264710282,544.9701463097822,236.60094311921006,21.15856157534992,179.17912516153754,149.0929154474017,46.681722961669,20.09715029344609,2.53583393677991,0.31228714589561113,0.8094388390983188,0.02141182426924204,0.10808480824806016,0.024751718899179098,0.06234003191574608,0.043789607506165756,0.01899043264293799,0.0025990323825337107,0.0011458880949369772,0.00022509672027834883,2,2,0,0.0,False
CZ-PZ,4,ictal,78.4102624757853,21.251350656174125,5.721554967869055,1.4099165378505658,6357.094181920015,2715.1904016729095,0.5174244495497707,0.08008090343584873,5359.765011941638,2669.851564299568,688.901483694431,530.0892511834146,132.61191740823156,87.39701784683837,47.02069540603132,22.888704710827206,3.55864434057375,1.2645234063179651,0.8693852264138361,0.19064686312536172,0.10646696635023489,0.1749315178007595,0.015262618996521914,0.012039118160418324,0.0067521475660642745,0.002909046816465674,0.000574696844472811,0.0003961086078389437,19,19,0,0.0,False
CZ-PZ,4,sin_crisis_anotada,34.607188620493446,14.597456071245674,3.6121731036428257,1.1317628910286954,1233.3645974253818,1195.402252618815,0.6047082376569259,0.12529737735661817,770.4196117275771,1132.1708679409817,176.8842896310989,153.05472529143066,62.743888755088065,130.6081053949785,27.801260334630335,53.28453150438064,2.7327185330863726,2.1811863240848535,0.702240274206363,0.20031029673446943,0.13930597501975617,0.0797159680329424,0.0635403374867021,0.14897228525384915,0.03162063044879447,0.05931742565942115,0.0017916602485628253,0.0015801353543811964,118,118,0,0.0,False
CZ-PZ,4,transicion,55.32637091318563,6.917386392178329,4.313079085979942,0.5368841649506848,3665.229301485764,970.6907915254242,0.5433535269331808,0.05086335330240255,3141.64926071459,1214.4594601839349,273.30234528660446,68.58182073529309,201.36754867187543,151.0095702005029,46.54024185555477,24.265816968620378,2.3699049571395068,0.08853924590505624,0.8274317417957839,0.11221101163853686,0.08552002372564321,0.04136039188472028,0.07081856769504107,0.05995600374634642,0.01554118364628123,0.01073643627358301,0.0006884831372506066,0.00015817973388721548,2,2,0,0.0,False
CZ-PZ,8,ictal,86.05687427036139,20.818173877092377,5.960021444002794,0.6660318349358088,6749.237025409906,3669.4709196463245,0.5472715048340824,0.08911784635445702,5467.957454371907,3278.380941047144,772.6948392350787,543.1951154544727,115.20305677536489,24.643071004388233,49.24443484301569,12.4898165292648,3.520987949920831,0.5560693894028028,0.8442161516441575,0.15344188224743593,0.1300607864961755,0.0987092126877187,0.016253288263256584,0.010783420609311926,0.005860939706440221,0.0044593835407762995,0.0005460982301061487,0.00038753497795542284,9,9,0,0.0,False
CZ-PZ,8,sin_crisis_anotada,35.385418158560505,16.933154984877127,3.6733777409663246,0.9073237381093229,1223.903706618853,1232.4553524081643,0.6297782780733289,0.13018318726369948,843.4334382575464,1297.2069721497064,183.50921540515017,121.68460184653068,75.65024803733775,136.87519605496792,34.621898482321356,56.522014795470454,2.8342437927508137,2.226745758599904,0.6826603166955556,0.2380066365070539,0.12344377310610555,0.061204425220276734,0.09623005777658572,0.15696559748871236,0.03786181346486142,0.06600542036654813,0.0017527499004107079,0.0012545209794501068,58,58,0,0.0,False
CZ-PZ,8,transicion,52.14599217788886,11.440782671788703,4.201974394100902,0.32715509273566035,2833.540900601871,1235.6115141602245,0.581138702253326,0.0625406010923133,2384.7640662418003,1338.5046122430347,253.0295782377455,10.207633762468163,147.79994128649187,93.51301471604155,45.17118500904762,20.342968899316702,2.7761298267857546,0.7552517700805521,0.7848790421237339,0.13011953718175928,0.10832564598723682,0.043634726314324065,0.08217856095407408,0.0688374714501499,0.023550487178457848,0.01744891771655739,0.001066263756497214,0.00019842170072777664,2,2,0,0.0,False
F3-C3,2,ictal,86.19906718531894,22.73688580231206,8.144396363851387,2.054961722567498,6881.445503136248,5852.002755639413,0.5584569320559205,0.08872726917722973,4249.220125038245,5327.650004628626,1337.3543740082894,1330.9464500209872,95.64218582423166,59.98099254611493,79.58157482950185,50.485667971112065,46.08889488447393,44.062069488983326,0.6931483661068616,0.20268753649897975,0.2261434527749319,0.2029458887765787,0.011717874988594768,0.011727493063118254,0.014393677935980152,0.015692129232125474,0.006760508747065725,0.007930825581236586,39,39,0,0.0,False
F3-C3,2,sin_crisis_anotada,33.66115213821445,15.808052950162129,5.280787833314893,1.6048062710865487,1028.7254140587554,1334.7890201287987,0.5846783158581085,0.10023780416290595,692.1811844407921,885.9325973564439,139.5162068285225,186.45018096545388,34.33657172520256,78.00087749666997,68.23555698703296,43.67697999819784,21.863294693897913,35.4651580489772,0.6652157608348768,0.22439382371976968,0.13720352489863802,0.1122954637382039,0.038963272030819285,0.0914309492950657,0.059411687731124166,0.07462351149955208,0.01747544576605539,0.03044386123253993,238,238,0,0.0,False
F3-C3,2,transicion,61.87608377868321,1.3653306920906303,6.330339132976993,0.3308998745864713,3653.0394814304045,352.5036164261469,0.5343539616088546,0.006010379855070025,2810.8908416201166,524.7286475730052,584.3409368941107,274.31277694079796,109.44489653900352,76.90140424638301,121.77470324727004,43.31818551759855,26.588103129903807,18.13184397004166,0.7627074063842657,0.07004346102696757,0.1687778157374143,0.09137803438960776,0.028191084635458316,0.018331021414306644,0.032493474158868725,0.008722631805192234,0.007830219083993051,0.005719079856858718,2,2,0,0.0,False
F3-C3,4,ictal,87.6081135379563,22.782417202931214,8.081934887011936,1.7175716465546067,7573.430506962666,3802.8031996175732,0.6003122133274597,0.04852325476736086,5520.699814285841,3284.8288906879507,1453.9616248378052,451.48595450340736,83.98966268877373,52.365104844385186,87.09192941684105,51.50182372803722,50.32097394319267,37.53340338336241,0.7051377911641764,0.16572981838659195,0.26323519369122506,0.1599119235469456,0.01188916202056387,0.005403906524316465,0.014136301331780935,0.00742381604697458,0.0076478042925853034,0.004923872943933229,19,19,0,0.0,False
F3-C3,4,sin_crisis_anotada,34.09489110203554,12.601386183883122,5.165516642670612,1.2449023403797383,1097.3385626503477,905.8025158300759,0.6206879584712446,0.06833402700951008,759.0254672868236,687.1275827174197,145.2231771951887,147.15273052930584,43.68396106035519,141.50884793201018,68.73057474614586,27.42784238872948,23.669298321913093,35.442070836929204,0.6852751061620184,0.14701552227873382,0.1455293942024309,0.07535364214418627,0.045947636705557515,0.13994156707354757,0.05596081619901695,0.04904947067770918,0.01325980859169757,0.030639108971184544,118,118,0,0.0,False
F3-C3,4,transicion,55.50074671577015,6.396026298608838,5.77357220957115,0.7918422009308852,2971.520325609664,203.37312513814277,0.6095054025409844,0.00588197699348858,2125.731522501698,96.09882643693754,630.8600531460681,158.7814894203533,99.83507124488031,61.443369437367494,88.18057509143625,8.478319632417097,26.913103625581357,18.414498350636325,0.7165111929579921,0.016698621794285717,0.2096269445486208,0.03908739966990127,0.0351772573278619,0.023084976940162556,0.030011089519275697,0.004907174476001957,0.008673515646249415,0.005603373540548752,2,2,0,0.0,False
F3-C3,8,ictal,89.9776084765515,19.01236175891178,7.989652652815988,1.6476557108432752,7390.326577760344,2506.396674165965,0.6077533340157105,0.05081015829272506,4852.549496833561,2615.784553987669,1358.496329823788,433.5149745025433,97.1576773055801,20.392986080219686,100.26434684976387,31.982606423002963,47.319794341824185,15.3462074739693,0.7348336147810589,0.1498545929439271,0.2266521580971413,0.13203317489408478,0.011087481903588072,0.0053248475750646874,0.015010153731490623,0.002551469051279868,0.007097187954337762,0.0022328201740048383,9,9,0,0.0,False
F3-C3,8,sin_crisis_anotada,33.95529690024352,12.28128398548402,5.124588497999958,1.2963531717444798,1150.644773135684,885.5176902412009,0.6331966085901537,0.06383718083126244,786.0753673188456,751.3958505946139,155.18895026644708,124.40447991404626,62.59080633573347,151.0518304819323,65.68773451598271,25.901697191853422,25.07086213261821,34.93010953923555,0.6853388558461369,0.1115688122068832,0.14693253920499674,0.057244539194232835,0.07019052356196123,0.1373076472671564,0.05184402959618489,0.03792260596378129,0.011796761379117756,0.031150968409475416,58,58,0,0.0,False
F3-C3,8,transicion,53.570569363519034,13.199444151167185,5.864806581695941,1.0088669607079899,2859.1493463024885,1308.162502147702,0.6402635162600969,0.01968374531192285,1871.7591608507569,842.6132219627973,797.1394359088467,484.83468461330153,83.51648122699598,36.93038312718136,79.27442626778281,1.102286718909781,27.459842048105482,18.747265417693505,0.6574455882220482,0.0060970735139348475,0.254492445746859,0.05313370922853841,0.044418572021353867,0.03323963946387324,0.03529067921383447,0.016532270342190993,0.008352714795904269,0.0027352740914604367,2,2,0,0.0,False
F4-C4,2,ictal,100.16233157577143,32.29716481441318,9.662328679334852,4.659975657745851,10631.359775903797,7036.209949133508,0.5130374833099582,0.08210549821269941,7102.033259876908,7270.278626527279,1826.0582881736552,2151.906071152394,99.17419169125391,80.02589712466963,106.09949579820257,70.10289616707006,45.56145988586391,92.05386460995618,0.7313371495886557,0.2809728530759438,0.24653329219043346,0.2735217774969425,0.008976689550410467,0.010532401149224074,0.009914262855164047,0.00983085927945993,0.0031535650801570395,0.008677459158290378,39,39,0,0.0,False
F4-C4,2,sin_crisis_anotada,29.792419074440154,16.93551354413098,3.1807265142899195,2.4817709031168667,784.1846670617642,1139.7764078704581,0.5756282417383991,0.09714100898003597,507.91159289516963,767.5130722680492,107.95606383034765,179.45575391847916,30.97029901239186,97.16012607908019,20.20718364778987,49.73044742640614,2.286102384027452,2.6985234885541294,0.6861274658759001,0.23922310046999795,0.15508088672955272,0.16248619198739295,0.042561433181484074,0.11166571118453333,0.033566746020594423,0.04308298327030528,0.002677195884915563,0.005664902755524054,238,238,0,0.0,False
F4-C4,2,transicion,66.64090216200788,22.220091137981868,6.064477760066165,0.34616657505639736,4265.513335958544,1915.2318802959644,0.5945533356806958,0.06597716242549911,3202.2783850863316,1960.0684560807522,773.3604773816636,75.04277186134755,218.50519188721978,96.4148917953886,65.21172237718528,28.28446818158598,6.1575592261435865,4.8200123308386935,0.6818835777454801,0.15334690992950495,0.2171932058658782,0.07992767888511423,0.07687291410791496,0.05711958407729818,0.022877705961617485,0.016903142554848073,0.0011725963191092544,0.0006034955877554355,2,2,0,0.0,False
F4-C4,4,ictal,111.19608480025215,36.413411880589706,9.16361680017852,4.433334857348594,11026.96050343468,5665.897366773754,0.5604759282260783,0.06086393724801176,6896.122300198995,5268.901078609475,1847.6102851524624,1904.722739919047,108.19900903007385,53.95371549807098,107.62974173864325,75.99054226626424,45.345862481766815,71.38996129485687,0.7334496213593277,0.2697663900266869,0.23887616991018973,0.2364956764469204,0.009110022973944849,0.004569652077774258,0.012045837717895849,0.0053991977208339825,0.003581639151301705,0.007174532953353014,19,19,0,0.0,False
F4-C4,4,sin_crisis_anotada,31.003133517922983,14.329589131422601,3.5296146995123205,2.2454522421235836,967.4009460987954,1035.5993336190013,0.6166662473661209,0.07180365087464291,597.641995235336,669.9088605533941,131.74221683378647,159.98974614604793,42.29230512411259,138.1752180566539,26.518028253885536,63.96414180519743,2.1816871689552495,2.5721679629423058,0.68534755353392,0.16493870423004575,0.15712312067289577,0.11046579541241565,0.04392275859487476,0.11827318028611879,0.04160547391252423,0.05444937784925198,0.002413526096915272,0.004836045214072928,118,118,0,0.0,False
F4-C4,4,transicion,61.55587219631953,18.187948406109946,5.827260005108302,0.1963305965698714,4714.321324494078,2561.391458624466,0.6271203197427183,0.09320666310948655,3578.5487527497844,2763.827729700537,792.0888158234094,5.921675256329991,293.28496682711585,204.2584732819709,42.7534463440546,10.268013949899014,7.645342749713187,6.168540899468166,0.6250716201056328,0.2466472989212708,0.23742146833318986,0.1277400508738144,0.12166837300716737,0.10943225316586352,0.01454624884500781,0.010081334772323435,0.001292289709002135,0.0006063398907304141,2,2,0,0.0,False
F4-C4,8,ictal,119.11138974996533,21.336237018945297,9.584504123629902,3.1490398071958854,14054.908783908932,4334.380276704658,0.5553807196089297,0.07191056696922138,10980.380199101855,6068.295031469087,1943.2506437696657,1505.8201372325495,100.29449524127567,32.21586253523053,110.53910736504113,58.62424631587017,35.68063290097435,60.2800998705923,0.7855593107064772,0.2023416344860921,0.19019854536051983,0.15995347575689922,0.00958755839349973,0.0031719213472264597,0.010237555087146528,0.005429357240616844,0.004415805426819227,0.0041428055401385895,9,9,0,0.0,False
F4-C4,8,sin_crisis_anotada,31.02270195914597,11.587245818521161,3.7115250230596306,1.7830202631181606,934.8348652131006,761.8980006716223,0.6378698452224689,0.0575017922941522,612.9594968200877,420.9654702628519,148.41508849463364,146.93716958491964,54.95321267492248,166.67224329507098,41.64545109433268,65.60965073623429,2.3483740079963233,3.0669346139003073,0.659951371546001,0.13783064578830606,0.1604058363800001,0.08142714973563628,0.06704254289167638,0.14869702175891503,0.048266118298404076,0.060850835787145924,0.001971488644610147,0.005293356324255665,58,58,0,0.0,False
F4-C4,8,transicion,58.86988589710855,16.585536733156644,5.615136736681361,0.539717776427743,3924.0626619745017,2201.680228449507,0.6469751691688269,0.07351007963234601,2783.079826959076,1956.8791543873137,908.9413180834372,369.73635904061894,183.34530473014323,116.77659642309101,42.53332212434244,12.551710352469684,6.162890077503665,4.393021797136342,0.6267309018585479,0.1470461021936581,0.2608980064083305,0.052159621530484396,0.09255758130307032,0.08169053880752014,0.01843812290925582,0.013543759513961983,0.0013753875207956564,0.0003478176583086453,2,2,0,0.0,False
F7-T7,2,ictal,70.09850529782686,27.10666919344287,6.149141795584311,2.6973010531302277,3835.92029963401,4021.0610255352076,0.5219856304730738,0.08340345736758636,2979.2222006279535,3855.6658846016417,596.5212452533976,592.4085841212733,63.73879149612087,55.87979733989568,55.9067814202098,67.80262778337548,9.478254940612223,20.998975300912427,0.8022380465763052,0.15050437185496213,0.1481621815339645,0.12252434466462576,0.01406073876656374,0.01612251865187181,0.013531844607874165,0.020650615326363104,0.0026329383220352063,0.006650687350301228,39,39,0,0.0,False
F7-T7,2,sin_crisis_anotada,23.396040436262943,12.436873961986418,2.63851314717502,0.9978687170382847,466.9230214455322,640.1594248650474,0.5739112622214554,0.10924132713350654,340.0616209417357,473.15705475149167,72.07902031776865,88.82555637082315,18.64165373057086,32.02582375538737,15.383573131931573,12.666565413383186,2.683200897162017,5.773671082316101,0.7200988278562741,0.20693536995975814,0.15707145327588257,0.11346945528445121,0.04324571664416761,0.08520876983654985,0.0337686775825881,0.03598005018405528,0.004782482116076785,0.008470258565434525,238,238,0,0.0,False
F7-T7,2,transicion,48.41398560232064,13.074038601570251,3.734490467393851,0.356235201511645,2483.658834528296,1082.519587747061,0.5110257606652217,0.035426769235399336,2046.154756909752,908.2790831384079,319.2911739651809,207.39160658221215,86.56802591291469,32.25827940710856,28.260429730455016,3.3636831328816186,3.3844480099930445,2.4708605664306664,0.8202834164283017,0.008175928621270923,0.11377578018161832,0.03391250632070128,0.05001801869667404,0.03478890223784177,0.014775818726748978,0.007794466800535391,0.0011469659666569708,0.0004949340964048775,2,2,0,0.0,False
F7-T7,4,ictal,69.93413079389843,26.544707018540343,6.2067614824734685,1.8213803629628753,4969.841347186692,3592.4373735558047,0.5508853967619078,0.0707618079318233,3874.0888018788078,3367.2537328922012,642.496416649625,162.86334932484522,68.56966507211303,50.160362611356376,69.65247297707808,67.87540051636395,14.371241785788937,21.936818529172427,0.804916248634626,0.1308708310846931,0.15778887373739806,0.11348476838381136,0.014653728634940246,0.010418371574539518,0.012938152825878745,0.01346676592758119,0.0032696598204014888,0.0057016448089939895,19,19,0,0.0,False
F7-T7,4,sin_crisis_anotada,23.415075338367277,9.910158029268807,2.5904601567159924,0.8240398948727852,539.5791465816388,470.8870538744425,0.606234786596191,0.08848804406597077,356.08497746838657,416.23814545548976,77.82463442361028,84.4330822995496,23.96313661150471,43.30849952209152,16.917709743034454,9.07808665092948,2.9822926551714968,6.087563160497206,0.7346784561590141,0.15702354712952815,0.1549021657670868,0.06428637765659594,0.04829843835169851,0.11620989059435982,0.034023783764243365,0.02815728285539844,0.0036268534245424144,0.008059588360624011,118,118,0,0.0,False
F7-T7,4,transicion,43.1993678148824,13.959213106639723,3.5999356214935214,0.7335343442624263,2042.9462161074937,1044.8519863633176,0.5634433523619293,0.047192585599870385,1682.8863625253907,944.2890732558913,272.7488580662813,107.60457546227502,55.53437832663772,15.834870824402316,27.1804751108034,5.223565169629914,4.596142078380254,3.569643299923488,0.7954162107668188,0.055408637074291556,0.14431955446985772,0.021140056138586272,0.04218121028105866,0.029324311967409655,0.01624652840624418,0.00575230625969844,0.0018364960760205644,0.0008080372914027335,2,2,0,0.0,False
F7-T7,8,ictal,76.44749893135061,25.226073833998967,6.161854504223351,2.0564026671124545,5484.539869563681,4271.820711372688,0.5832580275272277,0.06592370188632535,4266.402295457665,4081.6152187618663,661.5528043289394,204.8505917178452,77.94435106205815,32.90798284498432,71.687688585239,44.06663998289868,18.012465080353643,12.929352880570903,0.8221788543573861,0.1249492081969904,0.13848459545437025,0.10316298637502166,0.014263880921421706,0.0059709559964088044,0.017817618255532453,0.008368204061188506,0.004267024158998636,0.004489970845509023,9,9,0,0.0,False
F7-T7,8,sin_crisis_anotada,23.262793192806818,8.902673242110545,2.5492726849356204,1.0467837204646582,513.1792153596878,410.24422901899925,0.6338381440335494,0.07130797885256746,339.21588659610813,372.32024678712764,82.64979273322236,57.80376388780681,34.7665214465333,39.597367828412985,18.612371955957958,7.0421305180942575,3.179998072898825,8.182498198976438,0.7065506864932297,0.13198799884254164,0.1524315408631347,0.059950768428519666,0.056818855804888074,0.11270050611159882,0.03544907803735482,0.025172247807907146,0.0036269314362260222,0.012344025020310666,58,58,0,0.0,False
F7-T7,8,transicion,41.33980779073831,15.479588578855882,3.5946399428741866,0.6431837392034385,1788.4136540946552,1158.5768402111403,0.6093497554223346,0.04469696127717426,1377.186303622433,950.2849909031827,333.05635151402123,204.03918780841616,45.49682485015414,5.722687034483464,27.183088020404846,7.412300708541135,5.491086087642141,2.563047825483868,0.7337878640793246,0.05599116609494259,0.19354721056326252,0.011294997547910524,0.047409202157433265,0.03391267480435132,0.021564779710751925,0.009825553270832448,0.0036909434892276696,0.0009579404718483174,2,2,0,0.0,False
F8-T8,2,ictal,103.37648204201206,59.14693703475905,16.93318063641683,4.759444332437289,9810.795012329041,10054.594481010767,0.5702604106969837,0.1711600404732142,6616.629915069014,9514.530176663524,1189.646373323651,1618.0671051231002,168.7181773321927,135.63725718536932,571.9858808975974,557.4174204844942,210.59766303132815,223.89247409598443,0.7363444208482832,0.3859822411331104,0.1617222659900466,0.26978955368711555,0.018169714255159765,0.021204992916408462,0.04847788777764072,0.06130815938692255,0.020152294522645598,0.03290713037812078,39,39,0,0.0,False
F8-T8,2,sin_crisis_anotada,27.277166271817862,15.440627570675264,5.113901581504107,2.2827406566976105,733.127743078888,911.8954032565736,0.6032777911591944,0.1127791572408603,433.99572378713503,761.0587622102229,82.46102269695514,151.19601796579576,25.29859967937625,61.461983698930716,64.62029489331512,56.853595222799456,20.603851762489413,37.34558594104283,0.664577825588253,0.246733545647703,0.12187889264302715,0.10188433378959173,0.030513948345847218,0.1145597574315119,0.07261040342787986,0.07493079449135734,0.028662077795215072,0.03917619499921996,238,238,0,0.0,False
F8-T8,2,transicion,63.95806868595808,26.93129895015828,7.965252713680639,2.908259936983521,4108.814347176332,2375.198632177685,0.6105183438425188,0.02951052677658872,3042.4160319355174,2031.9264071115877,622.6438922845106,269.05342603460366,231.70488030996506,89.00452222575234,140.15480403504066,100.34902430694466,71.8947386112979,62.87429695030044,0.682736356240402,0.0998565310971935,0.17074185845847256,0.033219413460536806,0.10350127415100907,0.08149324323888872,0.03002647505535955,0.007065342790746311,0.012994036094756847,0.007790782811485531,2,2,0,0.0,False
F8-T8,4,ictal,110.09191524478146,58.59293636961387,17.686772888585047,3.5625581576010177,11160.10423172129,11258.26373790365,0.6057837982030707,0.1469868116977613,7003.397050018769,12159.302112814345,1236.4377188390235,1163.437943280735,185.19136832904383,110.23849436857444,715.9982314051318,373.5099565940139,310.716471804736,220.55848316546565,0.7188818883836839,0.3444837825699292,0.16563780415051818,0.22540199655268642,0.01581893560150376,0.017425055888618556,0.04850836640228332,0.04021038624049166,0.021668698906793557,0.02753316956337262,19,19,0,0.0,False
F8-T8,4,sin_crisis_anotada,26.864231768446103,12.75421750319586,4.944635788006067,1.9561852238261692,711.3992107856307,803.6691930735401,0.6365086088148051,0.09344562052928995,450.89897153076777,716.9198598208246,95.07364271505321,102.50151802282593,41.676682630187614,75.04293211615546,64.60707688938648,53.56152520037614,24.19645523760665,37.69692609224874,0.6693113501664378,0.19559862349033175,0.1263995708382582,0.06972908865605948,0.031054535430817466,0.13335093723800817,0.06887759657737932,0.054030535619605385,0.0246850371926036,0.029832675006625682,118,118,0,0.0,False
F8-T8,4,transicion,56.35024517213177,25.13072004520869,7.699076255158575,3.1044345277185332,4405.189279284503,3286.221589191254,0.6502060219716387,0.07127847326240055,3510.9823919972882,2976.3636861478653,471.8368279136811,180.7876758366686,166.1889425797941,74.65343257387221,187.06375853676616,145.09523802566002,69.11735825697312,58.62842175493177,0.6606159135607794,0.1828374123737876,0.17247806629176535,0.08762698826325749,0.11356861156068737,0.10166760775641892,0.04034608383375979,0.0028396206153189704,0.012991324753008095,0.0036175630305697523,2,2,0,0.0,False
F8-T8,8,ictal,128.78085053898312,54.06440156774592,17.260469062964816,3.381628009439744,15277.67234998755,12998.76689942297,0.5898962349234589,0.12980108457862094,12175.377772698566,13007.296487896476,1588.1588487155745,956.923710495292,195.32436021138835,67.79740881069424,618.0955139850535,175.28200058842287,317.2301056718982,95.51520314766171,0.7969393173108918,0.18572539288424583,0.11112479448266249,0.12057435647096076,0.013336797475923787,0.018230490651117502,0.04415765398170295,0.04823712406250242,0.01988932952379986,0.012962926446499028,9,9,0,0.0,False
F8-T8,8,sin_crisis_anotada,27.61890082094597,14.880920568054925,4.980728543313087,2.100674884553043,727.0002721454638,849.4672260743682,0.660523616937164,0.1007139308869035,489.53682550302096,787.1752869265997,94.35567968886191,71.03324064693513,66.34228547643991,69.26832493682255,62.58982866219145,56.43495773525897,25.906011210690416,40.205461158331744,0.6554571672815973,0.15873977564564468,0.1286518232709153,0.05346581845025203,0.06100095605236047,0.1519855020112854,0.06869995534373961,0.04218202251639823,0.023070385716417483,0.028279188154509055,58,58,0,0.0,False
F8-T8,8,transicion,57.283249483153014,24.60975252038847,8.1915723463585,3.6021489498726016,3638.665860934739,2708.276523262245,0.6721727848604737,0.05730877435521198,2751.6837986923138,2286.5860747398137,522.5436269231101,296.84070259033103,132.84036229705822,56.361166115524284,160.79047951108802,121.69714231843939,70.80759351116862,59.51376972918538,0.6468531797354133,0.14695737792408703,0.18584441169860472,0.05674534636698997,0.1077035698193875,0.09565379978020194,0.043262963273743044,0.001244707464356433,0.016335875472851254,0.004197060758748438,2,2,0,0.0,False
FP1-F3,2,ictal,109.86968257088645,59.98423431098139,13.040929252080502,13.752079130822958,11893.1372562837,10750.578956816864,0.5451526039742145,0.11176992766644595,9164.482000503758,9449.187291385428,1850.0615717691348,1562.1282276245665,154.1429570660388,151.09957209682614,274.64254623729914,590.6764521636966,99.33887073151396,505.3420124615074,0.7689660618841462,0.17737719511145622,0.1318033604005161,0.11799955824473526,0.010210074040898428,0.017067336198223846,0.026960454746167765,0.04492936542448839,0.004397916855310642,0.03289395699859321,39,39,0,0.0,False
FP1-F3,2,sin_crisis_anotada,31.101374247837732,19.97081401503211,4.46343784956507,2.0642945910129176,815.9721438022951,1389.6362314989003,0.5982372275470667,0.11244189937330817,430.6235796557992,801.7835208169197,108.71532303919008,144.9006896578994,32.72928421021794,148.78428696054402,48.56072535005052,36.414890742045074,13.35345857928882,18.687674158942915,0.6309210602431985,0.3435020268007424,0.1303122827140919,0.13593764513098316,0.04497205803934982,0.18828317507199996,0.060606475992605685,0.0918853716369235,0.010307640660715992,0.027277223264505147,238,238,0,0.0,False
FP1-F3,2,transicion,68.75952366341596,23.28465075821982,6.451073793792272,0.07454711625171218,3139.9649934017875,497.22231347724755,0.6334903738701619,0.06420335190826143,1686.8069305073132,470.5062803402286,857.2584025621921,484.7486407497702,427.67441553715315,381.53631114179245,153.80781113073363,86.1902133618998,14.417433664395494,9.693916890940836,0.526684292518339,0.06644249167762512,0.25496205327581556,0.11400630883570279,0.15944310480085194,0.146757999387639,0.054702312468676725,0.03611168403418609,0.004208236936316798,0.002420882908496907,2,2,0,0.0,False
FP1-F3,4,ictal,104.0341623612637,53.588642256519734,13.35215565188889,13.249944873494812,11647.492393143932,11197.081170212205,0.585234448770981,0.09996814611759874,9212.148448422566,10843.300391530835,1906.8012474104926,397.5924099194797,155.95311380074705,92.43796142035582,262.6363641491777,587.3054814144704,116.22745760564824,584.0107256049884,0.773502848750636,0.1370542744404628,0.14652796817353952,0.08975567242363351,0.009836371930123551,0.01171324885178152,0.022982557707081595,0.04203529335647372,0.0076400750115856115,0.0390083443423266,19,19,0,0.0,False
FP1-F3,4,sin_crisis_anotada,34.19654681556116,16.78333880651458,4.897700710907629,2.031366689215112,1087.9373244129638,1199.9898367150577,0.6476360281448019,0.08397764207501546,532.28888822563,614.2662611558857,125.20490094585077,151.8337834826765,43.61984847469045,372.8701048304349,55.52664276891338,41.53916681519632,12.510431236621944,19.511113918700786,0.6251240514264051,0.31919994751318753,0.13531057172442124,0.07573843686851613,0.05641883972233319,0.31361088327780723,0.06511555014336093,0.06226414716844468,0.006938048751295143,0.027065177882660916,118,118,0,0.0,False
FP1-F3,4,transicion,70.7252321800542,26.9439181025392,6.74264337236932,0.590654642041935,5217.1356133151685,3299.1596128888314,0.6436696420049901,0.08515038949696818,3804.714152179939,3006.7193288096487,930.7891661047607,611.5480409489925,374.77636764091363,305.2494029903699,91.6751892205481,24.589524116010793,15.180738169006764,10.731170236570444,0.6079363545610557,0.19187545328131683,0.1737755629428241,0.007328680872972476,0.1813589197348398,0.1731949279046113,0.03424788489820123,0.02637055522342436,0.002681277863079225,0.0003613489737462781,2,2,0,0.0,False
FP1-F3,8,ictal,121.29719797609083,56.910413780376146,14.398505148076467,11.630339527364297,14183.942523117714,11039.33330124825,0.583735035570749,0.12352384684313977,10440.193645011448,9606.303172401633,1786.2878068476027,413.67768723584913,168.58321058239687,52.54015594366905,299.68004568151997,498.7520208381898,141.4849379357894,598.5133464217971,0.7857598175723239,0.1255285933683692,0.1283665348951471,0.04124880875230029,0.0104930568151212,0.00998384513910189,0.026569308389198187,0.02613411747777597,0.007547548000929947,0.02759029478793837,9,9,0,0.0,False
FP1-F3,8,sin_crisis_anotada,35.65810060788938,11.214867176587163,4.9251643703406005,1.1029727332498984,1238.0912676393336,844.3919427985309,0.673994595656587,0.08085466993829515,528.2086108652277,636.7821900813242,142.8958241746193,118.20448577267689,111.41954446026037,387.4874942072302,63.834306621457614,49.66226171131951,12.69163908200023,20.987700402184835,0.5645773084427046,0.32866363106431695,0.1275817341212131,0.03920592218100627,0.10772657201772076,0.3227241279800397,0.06720349721486893,0.054284736843321704,0.005122786082068473,0.027764074879848357,58,58,0,0.0,False
FP1-F3,8,transicion,70.32310208285895,25.69442290306467,6.420359223931837,0.44529573527306887,4667.2294642784,2969.3530109276244,0.6494219707157538,0.0681195026030389,3424.802470636718,2539.6896355843883,900.4487732943558,613.487614519534,254.51734419477773,178.7612592700199,73.23915204323202,14.399515817031016,14.221724109316456,9.336535910753174,0.6511739276109134,0.12986813218301207,0.1836298476032432,0.014618045708882144,0.13255434482700454,0.12263418942100741,0.029660801941616268,0.021955832288340367,0.0029810780172226424,0.00010384381745368217,2,2,0,0.0,False
FP1-F7,2,ictal,98.34432222229682,51.46999141417925,11.905570142861881,10.487953346248709,9566.881700970122,9998.402838092852,0.527505923974558,0.09844973826900338,7862.898543948375,9199.633584512547,1041.1626654306335,927.0031482857751,98.67480578175767,96.25493638687854,193.99933876316,391.15182351650753,103.64970283258641,288.8620533471041,0.7895239085876306,0.19270208985934212,0.11841953647904394,0.11681008524153096,0.007207412677823125,0.015160385762972102,0.023903778070277867,0.03892947247885889,0.006823105255413359,0.0417760729120409,39,39,0,0.0,False
FP1-F7,2,sin_crisis_anotada,24.878109862312236,14.409699426233544,3.852455304003744,1.504201908418068,568.7711827226335,867.9894452602034,0.605735466983734,0.11153390127465701,286.5192142895537,497.1091833401446,64.26175388509813,108.99284317158443,21.0601023188979,88.3619428404785,35.14525981950408,25.191863301150846,12.031650673789889,18.059742113923082,0.6399954536921885,0.30536041074388726,0.1183225923638949,0.11200357775587833,0.0382160972337205,0.1519915157240125,0.053881261337161354,0.09719196598271185,0.014051334516081905,0.04502286269725138,238,238,0,0.0,False
FP1-F7,2,transicion,73.3591320913984,18.65122199091668,5.9367381820366605,0.08543105847141952,3134.9314863732616,169.1170900263919,0.5054549871285734,0.03493804138500123,2603.2477230591307,419.24532947004536,305.12371985846937,133.24559170004295,169.5578163040022,118.17224995403134,43.98645736936259,7.637322525194293,13.015769782296026,8.92692473561506,0.825588412178019,0.08919627776825256,0.099913929656975,0.04789346924784925,0.05628391857319284,0.040731615039579394,0.014203833508617807,0.003202441124799671,0.004009906083195101,0.00263124764397605,2,2,0,0.0,False
FP1-F7,4,ictal,99.41315038918151,43.013931638062914,11.323726479249833,9.843859243345651,9846.744370820914,9275.547887944525,0.5716969735226638,0.10630549801405431,8366.481599495582,9027.262487102336,1136.7212135918994,384.19409236607726,97.71190869586717,45.979377376274215,227.41623153808615,361.86777001719105,121.84752193591757,350.0435683241084,0.8225316218178419,0.16252359311943243,0.10677896077488903,0.06366907735232222,0.008784997881160474,0.012198124870170891,0.02298585722537035,0.0454891079539514,0.009678510248687952,0.035709135213382745,19,19,0,0.0,False
FP1-F7,4,sin_crisis_anotada,25.5954893206476,15.49431838482668,3.902225118214092,1.1000711682398818,635.9012107417917,716.7418818183462,0.6349698608774933,0.09207233269261206,350.20509586100525,510.83654138465386,79.43959550232637,101.13971260537852,29.08363228609994,136.02851344740006,35.71411615364875,20.475154174438394,12.364246731083878,18.917109476340123,0.6365949842916443,0.24686540508441046,0.12126838734765032,0.08453284382235107,0.050857186696419796,0.2548724625559918,0.04538899337068254,0.0717421020211493,0.009604638670483247,0.040857722019442155,118,118,0,0.0,False
FP1-F7,4,transicion,71.74970545487307,23.93602872179325,5.813071908024715,0.7879024393054106,5711.554580270036,3334.3648815520364,0.5807862484961696,0.07296679667256156,4843.978998889911,3355.01060624152,607.7056017821187,94.67574702757076,197.13743540060597,132.75778625359962,47.95226059345087,7.3630269287506565,14.780283603950872,10.073287607795944,0.7663654742794723,0.14000890145258305,0.14672990173539358,0.06908369321296962,0.07294614286966922,0.0658291605199238,0.011594702493019755,0.005479758870576794,0.0023637786224454563,0.00038371115088718134,2,2,0,0.0,False
FP1-F7,8,ictal,106.88140671253846,49.92876065797236,12.203106851730094,9.703458182314025,11669.801971751458,9884.999160131478,0.5790572476103806,0.10704092353469175,8561.855448438078,9246.440464192972,1230.8352782644126,498.4525916708636,121.30349473627405,69.12699569951177,236.34283465618805,356.856010109201,102.479263906543,347.3510776043071,0.8205539355081297,0.1318540883718753,0.11292570639667887,0.04185134860183576,0.009012208437841054,0.007586796441236987,0.027075823514340975,0.027915118190387982,0.018967811142190923,0.019826767442524443,9,9,0,0.0,False
FP1-F7,8,sin_crisis_anotada,26.714852208209628,14.768720098820545,3.816128092751267,0.9085205194124555,691.6795572590114,787.715504870701,0.6619993378936517,0.08882061501398542,359.01563084154816,591.0516874924264,95.59979218000947,78.69977508987682,45.940106625674886,148.16673087107193,38.15650248840585,28.484181084180253,12.375913112512773,20.49815646458119,0.6263240596150245,0.18794914321514866,0.13225821294389603,0.06100558483483792,0.08596015214198746,0.2572629530696668,0.03862644617762611,0.06170784624627529,0.009931994226641296,0.03539071330000794,58,58,0,0.0,False
FP1-F7,8,transicion,67.36836433358461,24.334925567077093,5.576500575046138,0.7558104580694227,4644.59554501308,2841.2398768279663,0.6007258122241932,0.055204869047855154,3841.83900643031,2649.1410105667665,602.1905231235767,255.41136245920086,139.60589715588785,78.23028749183223,45.28205116226235,5.72559615304656,15.678067141042824,9.192195140785305,0.7642393191668118,0.10286230025413767,0.15342994093524914,0.038866657446462366,0.06449690429999869,0.05629800515175091,0.014374402186257032,0.007560513763531833,0.0034594334116833506,0.00013712389239236861,2,2,0,0.0,False
FP2-F4,2,ictal,109.38957822903276,34.949728431988575,16.62830931694677,20.93346214746658,9862.85759776295,7164.458150832919,0.6057936954965891,0.11775436251046312,6530.687188931608,6210.428756934061,1806.782101092297,1508.9861857732817,178.25269746422998,222.28607889951672,426.4460277168291,1162.9249543752971,214.88513635100028,1168.7156654275725,0.616429939514839,0.26442116651000713,0.23227572014602507,0.20631504155736075,0.014458872808458215,0.022433769746515054,0.03589864955725393,0.08379008276806454,0.01712348942081846,0.09206327562983421,39,39,0,0.0,False
FP2-F4,2,sin_crisis_anotada,31.36375067616788,24.000874022911383,3.856200443735545,3.099982150731953,822.6377080498178,1636.9163662811602,0.5888708051465372,0.10863119233927787,439.0252178867322,542.268853748275,114.76070682647973,184.1856311174201,38.05960675383942,219.8123792986038,26.289802408392468,48.45643510778234,4.25183689440109,7.221321671580373,0.6393067726230275,0.348845836918806,0.13796527438424117,0.12701944391483574,0.05470175165854259,0.21636338608464042,0.042737827729319416,0.06657704752520063,0.004189729435767235,0.01140788237596762,238,238,0,0.0,False
FP2-F4,2,transicion,63.406449880150134,22.23956918804471,6.487715186450558,0.5100937335093674,3400.9480703943727,2237.4078953398257,0.6206193170651496,0.09925170941331274,2160.642173684391,1972.6150786474946,885.7972442611192,524.4067129167381,289.07834955918554,241.0739873324096,56.57124891467887,26.062772074958147,8.859053974998647,7.522863182961247,0.4473299286622615,0.28573078574647703,0.2803523653122608,0.030243297039869832,0.23207561097048987,0.22356171746704465,0.03821518202819045,0.03280430037667201,0.002026913026797429,0.0008785291371094261,2,2,0,0.0,False
FP2-F4,4,ictal,106.91478299017439,28.79777473494846,16.67286558120654,19.52816700857673,10496.327318150074,6208.982738442148,0.6265103487469594,0.14249848094164874,6825.390998538149,3070.5437060950944,1860.3164145222354,1441.5982411944883,221.35809756279588,141.1522135767209,548.7298206923765,961.0351919998373,269.9701370498529,1230.2511653439906,0.6499483854374576,0.29184872624119573,0.1777274705412363,0.15788161702090509,0.01449289076524325,0.017878240027834547,0.02637501348873404,0.08112292794017098,0.020413846661776744,0.10002847263014707,19,19,0,0.0,False
FP2-F4,4,sin_crisis_anotada,34.305350797592276,17.434667534944413,4.1418123313312405,3.1361083149753712,1031.0011155623674,1328.1461381831398,0.6353806536354469,0.11222838366416199,491.0335504634169,543.76615838008,142.43161043923908,171.7186257346022,52.56237441045655,333.3108050749942,34.49153298005156,67.41185986184718,4.425193388240186,7.876223209796552,0.6232476354604877,0.38999878632774077,0.13947619090208296,0.08802723450944105,0.06098827946159986,0.3035822545089659,0.052686174960546825,0.0675357551846803,0.0032945003680610336,0.010751432006441956,118,118,0,0.0,False
FP2-F4,4,transicion,58.264690952914094,16.13715956072349,6.046984914818477,0.3890069422427791,3861.2664463821293,1993.6712304051152,0.6104576118383471,0.0978208678911523,2568.1348815543724,2268.995447821784,771.6202019862217,158.74434152756123,462.33745006522395,421.8894703585579,50.841154349914035,17.86944967426507,8.332758426396996,5.690361088592873,0.49316807842428445,0.3329944866451383,0.24353283306585738,0.08463028023385216,0.2401829156714758,0.2332745620835242,0.021211193303025684,0.015579757667703704,0.001904979535356607,0.0004901133399418907,2,2,0,0.0,False
FP2-F4,8,ictal,117.46422817665277,23.42734785973073,17.330050464482618,15.086956056543032,12824.954661107327,5735.359317089284,0.6648335825789615,0.1112234703781384,6764.40655130501,3401.8849198724874,2009.3786189578632,1354.2131452730928,191.59133553181059,123.1091203215477,618.7950116927269,952.3222768220481,299.2447970135899,1210.494647890116,0.6288679757662452,0.16456726991373682,0.20878078025889965,0.035066214416233005,0.012585027206268902,0.016186995056743887,0.03725251320742881,0.06484647703396673,0.016854167760873066,0.07707744698071249,9,9,0,0.0,False
FP2-F4,8,sin_crisis_anotada,34.28548117181289,15.223401096251262,4.753129369600169,2.7648832294529577,1234.3062868267398,1083.4618826139765,0.6533984827118964,0.11310969460482012,526.6900569948967,624.8036019966235,162.5808359641714,127.51470475560129,70.54600346815931,506.2434281199209,60.9614799794273,106.01910161346339,4.7660935204148815,7.878573568649047,0.5995303812684238,0.39396286647953516,0.13707767148279015,0.05583613861966576,0.09830551161925366,0.366269826601292,0.06361489000601703,0.04578150944410732,0.002409497536645308,0.011843282714922078,58,58,0,0.0,False
FP2-F4,8,transicion,65.5748348469266,16.587274082653444,6.243711318043909,0.12951180082125102,3712.717117980807,1633.45429239645,0.6591257436019679,0.08656590017636501,2355.0331147708753,1613.9450377811008,988.2946614437531,302.607066146105,321.0755513863734,274.7216393437309,40.72926378087482,13.172668033731249,7.584526598930833,4.7964958467070735,0.5494075076910102,0.19298884436907116,0.285618606264622,0.04415576706643687,0.1476064991356469,0.13893601169997163,0.01553901605169668,0.010384561839163486,0.0018283708570242822,0.00048749623650091957,2,2,0,0.0,False
FP2-F8,2,ictal,101.58081413072081,33.45087335940205,18.409502385829587,14.616001813792721,9073.221797209373,5527.799606142362,0.5660988466602137,0.24486104361543592,6662.108263377603,7772.3059302837855,1021.3768179681764,840.378904325227,131.89217391224858,85.51090319278842,507.634396257425,860.7250815744412,365.18570496735975,722.4234428879657,0.7343876203863655,0.3487052637837127,0.11864708700339212,0.1632975035000177,0.013587300918598737,0.014839818141946858,0.05373114458957744,0.11087694535420062,0.024982677555444366,0.11028033221915591,39,39,0,0.0,False
FP2-F8,2,sin_crisis_anotada,25.14283358463026,16.541952889057388,3.780543716838296,1.951434932802262,625.4979927285017,898.9845589826441,0.5954929295506401,0.11581045033447435,304.47281675903673,506.47442074833157,74.70475914217204,121.26230877629403,27.60264109754501,127.0925086761632,30.891917491638267,23.425173530389877,7.431898944686667,13.33722557426974,0.6666230646071362,0.3720187870298548,0.12255600372531167,0.0832810831004254,0.03967850117705127,0.22382276186946748,0.0486768712485311,0.07220212722391904,0.009467348920815122,0.023964205193646344,238,238,0,0.0,False
FP2-F8,2,transicion,67.91063612929551,19.850290727006467,6.248233367063935,0.6107482323995814,4966.188570464055,2399.3721228918794,0.5461559217001069,0.04940276479069139,3978.033048249994,2259.2610301606346,711.2316522393069,284.90307667736806,220.2513187932351,152.40554760283362,42.27649870727185,4.264616335380367,14.39605247424877,11.878179992092136,0.7582154990628359,0.08860313947434251,0.15066728150610972,0.01542506840273622,0.07719686535042158,0.06798564925772121,0.011646301343642099,0.006485542515576247,0.0022740527369907357,0.001293120701691459,2,2,0,0.0,False
FP2-F8,4,ictal,103.99722684090487,24.933828765857882,17.50863574366867,14.586612827347661,10321.492436663726,5346.117118968686,0.6006841931727449,0.16227202521915463,7481.878997805284,6699.681607189888,1056.6198411055927,442.87831471685433,152.01581422622323,60.115350219902865,603.6008093807054,793.6375282792796,351.40286189076005,769.5610234045045,0.7944636535717852,0.2645655021048994,0.10654846577278429,0.09561237470376588,0.0120566511346293,0.011506163561092422,0.050822341844204484,0.09562780963401342,0.027667918272936937,0.07928208713283592,19,19,0,0.0,False
FP2-F8,4,sin_crisis_anotada,26.714483088279042,13.300694429932737,3.9434619968473053,1.6282317194584914,684.0411820880734,871.7168387836878,0.6451938935922747,0.11644059602386347,331.63144847128666,547.8180419676748,90.10275393181138,88.70910547424144,49.79989078425035,169.79047228498132,32.78302113743465,21.392348786266748,7.8412166083780335,14.233924106191425,0.6647344386896086,0.33140865332841707,0.12202617659290398,0.07601253536234379,0.04542087896261793,0.2725321059000766,0.05235344153051895,0.049873895934743985,0.0073343697994611035,0.02364793515646859,118,118,0,0.0,False
FP2-F8,4,transicion,65.97301733263696,23.829853351697786,5.784379583086999,1.1412158086839481,4898.518411962448,2961.9545677981696,0.5943163107209578,0.080914170543543,4064.8569049931284,2888.154975690108,557.003502456178,179.62082483327845,199.1632908436094,145.07518254559307,60.18581738120456,25.547740890126036,17.308896288327922,13.706208930249236,0.7460887494507469,0.13846513154166418,0.14429239132582442,0.05057992272677969,0.09231919154272453,0.08543816689735217,0.014396640118994922,0.0034897190606718483,0.002903027561709361,0.0010426771431392892,2,2,0,0.0,False
FP2-F8,8,ictal,106.08894632802118,24.926943927017334,17.95351167033857,10.080189943267863,11201.829312813103,5362.742498951475,0.6208255345615962,0.09910592274453878,7834.9360526500805,6661.267443226364,1042.763504108229,240.61777509171134,152.74810131774507,39.84194921432733,577.4881380245552,615.6010011366861,343.7786739711397,549.3114034833361,0.7528376739706668,0.15023030704332363,0.0912047307747886,0.05657370100381516,0.013424685467722403,0.0106934775089306,0.04490412201846956,0.0468275160263688,0.02562929100867779,0.04603336373502237,9,9,0,0.0,False
FP2-F8,8,sin_crisis_anotada,27.536465719689513,10.327648814634504,4.008644703489515,1.1160809026288754,754.8953774097606,468.4050893711563,0.6801375214966248,0.11218386259562085,352.6645959344223,464.2143085816285,97.38750105642067,63.49075572955833,68.82696240207983,216.51786710995776,35.49315386239509,19.91159932368021,8.1808628844705,15.491621785529668,0.6013142454947717,0.35211752011758984,0.12548100691558894,0.0456003607428479,0.09919350788582872,0.35089920671872515,0.05106855644399513,0.03523636778166545,0.006766179345521133,0.024111087705676132,58,58,0,0.0,False
FP2-F8,8,transicion,61.168642834930296,22.826286061150093,6.108108743610464,1.683523045645158,3993.14006607804,2482.4156390687504,0.6168205691621376,0.062304697358983474,3225.2935390304333,2318.129886732314,550.1836036201621,232.8788917989333,153.56308812188175,99.92941822185622,48.7637265742612,20.09436522446569,15.33610873130159,11.24191353489461,0.7282681240546871,0.12778557668899093,0.16548036019920734,0.04455444571796596,0.08803890656891808,0.07975642513533282,0.014805384682746454,0.004171842955354893,0.00340722449444109,0.0006971371196628409,2,2,0,0.0,False
FT10-T8,2,ictal,63.85008269173171,26.9545974848033,11.521630329964584,4.409558022488172,3572.7415553578994,2721.077661396026,0.6283965527264332,0.1501985251411847,2265.5695182553654,2895.3926041763966,483.74852635323685,653.3340756975666,88.86643166128705,85.26818725751993,301.6866968981686,278.05508009121354,104.84632587285861,100.30691924843981,0.6598175428181932,0.40614740917043224,0.16377272619350308,0.32276932921392854,0.020952327299806946,0.020260549553722237,0.07199243321704589,0.10380591519856752,0.030109980194005716,0.040132820543128125,39,39,0,0.0,False
FT10-T8,2,sin_crisis_anotada,16.3686885718437,15.819150157901683,2.801937183155989,1.523917538009452,277.67414512604216,601.5374047246315,0.613489946920326,0.1394071311274777,157.48416565929347,523.4727622092456,42.4410518236992,60.91266399772669,13.589998515677607,23.594884245055596,22.122858696614657,20.22416770678229,6.666807895267145,13.186653779373106,0.6676038369485121,0.2861847080901625,0.13219042212434268,0.11863240151010407,0.04101202774992975,0.10213583303123604,0.06806311999682073,0.0658365434764864,0.020172935019444577,0.020096302284040156,238,238,0,0.0,False
FT10-T8,2,transicion,38.982301609431836,14.308299361776928,6.504315523243873,2.699321413490881,1486.308514138012,909.9525437231075,0.6787577862753763,0.020604762154380785,845.4108802214555,592.7271789096931,334.5977839636946,190.97829972610856,123.97889065246576,31.747441104154092,123.23719678029812,100.81246999580696,59.08376252009829,57.18203619565318,0.5192876066553961,0.08087156816123142,0.2342585574426348,0.014926827301793066,0.15434048452670895,0.11585075101218255,0.06620373123145723,0.02729595906359339,0.025909620143803012,0.022610051089150724,2,2,0,0.0,False
FT10-T8,4,ictal,67.7864127110684,21.06064190847904,12.068399022002094,3.6318941817940384,3949.8217824040157,2878.887244451783,0.6573756349820592,0.11413193514163278,2607.2546017610166,2696.183631846848,620.1745465095848,553.6973735261395,89.01006285612524,46.78280165510132,307.19383416829874,202.62200638047278,175.17062808063162,109.25969350347441,0.6809777337310853,0.4180427562930944,0.15442128762419102,0.28804457988377524,0.021388888513481464,0.014716587521365568,0.0936871645266652,0.06939194945208198,0.03307100484757064,0.03441700093089077,19,19,0,0.0,False
FT10-T8,4,sin_crisis_anotada,17.046134657600007,15.435578646716955,2.6600159049888825,1.6687555426447074,289.4384315781278,702.2054833869248,0.6559194379995574,0.15062339542521197,192.98140696108368,617.9561367107915,44.66596526201117,46.18983887173108,19.772265956511117,22.3105395056763,22.385146711364392,21.756121066659823,7.09567388871621,13.729997507445798,0.678796634050514,0.26375915365862146,0.12689109458203088,0.10248897174418038,0.05309981967891701,0.12576565251185673,0.06654321703641171,0.057802191287665707,0.018838547419587178,0.013794537317556605,118,118,0,0.0,False
FT10-T8,4,transicion,39.48117843544642,17.010684151224243,6.279840625707317,2.77051159542697,1901.0212866935785,1362.8532749589726,0.6573917216354997,0.0688197006716027,1336.6476031798725,1182.6857347346902,238.7500808971036,99.73183898255016,133.35675806294384,81.11011907574908,136.68990929830287,108.58046392614509,55.57693525535603,52.96535639133633,0.5289846880178743,0.2428995527291059,0.18101155170322192,0.07730599761836301,0.2072602089390899,0.19125265779081863,0.06368936285722318,0.011457634550748191,0.019054188482590696,0.014201468129327521,2,2,0,0.0,False
FT10-T8,8,ictal,66.47321962768385,12.558138840398684,11.609528864026027,2.35602554489671,4002.581505094295,1473.7147452376485,0.6656463076981709,0.07318080987874276,2752.4101486783384,2496.8380358514178,717.3916609388318,697.5340430762046,79.01509624640889,35.51486469163174,394.962776275013,215.76145434175118,163.10578010678663,69.62946967393128,0.6821951093632643,0.1436141140996624,0.2025211965289512,0.13709490246327732,0.02072106267223536,0.011890409821310007,0.07592533693287619,0.048814156873756544,0.028884196627301302,0.019255100965636603,9,9,0,0.0,False
FT10-T8,8,sin_crisis_anotada,18.837644664358617,16.520426812923297,2.6713573798583097,1.7264896742946787,320.7826625747494,738.084626291366,0.6734896200612152,0.14299246844077884,219.5173409004255,691.8045414699834,43.91286716714155,40.06249508389705,23.02623204254747,23.47193327959466,22.790613316350026,20.122195732209192,7.40594406366126,14.9825216559138,0.6655094614543422,0.24171200204467969,0.13170401209630164,0.11056144881442719,0.05258161150864893,0.13768450130688342,0.07456722034194267,0.04677232380593779,0.01828411328803972,0.014045211594579658,58,58,0,0.0,False
FT10-T8,8,transicion,38.583222348973734,15.432998066789231,6.427876381443642,3.182100341878985,1534.5603437303146,1078.6006917970694,0.679497558189718,0.0679440922879303,1060.7611698406406,910.4357956901133,212.80234533327385,77.41515145888087,94.87451179826468,52.67391197490987,114.56653026886114,94.70922654128557,51.55578648927429,48.71443008169972,0.5420121833354155,0.2123221032742616,0.20399397484873127,0.092934039067321,0.16987449557273446,0.1537252421399708,0.061817930599013166,0.018267358430222293,0.022301415644105666,0.016069819502808134,2,2,0,0.0,False
FT9-FT10,2,ictal,116.42975294517741,80.95888878090213,13.392897967101321,3.09663322207809,13271.116931689994,17498.407807155552,0.5501127931586463,0.12727843456470345,7937.434005111285,18467.55062953665,2735.6069802961783,4004.540661060483,289.1367823781763,212.71040025591964,279.33124367471055,150.9337552248466,87.87181074900977,84.61630785558008,0.7627332412095734,0.38114739746603377,0.12347024278895892,0.3280144583476517,0.018353349868194407,0.02137851933171909,0.020148245999096766,0.030843499632388537,0.006432176235989908,0.009002800450605832,39,39,0,0.0,False
FT9-FT10,2,sin_crisis_anotada,32.048093657172934,24.490363167416355,7.7881671789155,4.819889293886131,979.1944643240199,1682.2593129485517,0.6469835069927687,0.10743911039474696,415.2026190750007,1321.1562306989574,140.9965834336066,230.9787466920282,46.8591651645734,106.28802171264044,167.21104751649787,193.3196505485442,81.09140758848395,128.41431870452794,0.5229908252007153,0.27811038262753024,0.1322383779040784,0.1055414068159977,0.04367236235925288,0.10714447575627266,0.13800080836905115,0.11630275085638829,0.06053505127807128,0.06521491778262062,238,238,0,0.0,False
FT9-FT10,2,transicion,60.24854849795306,8.468949982751369,9.94614444885237,2.3912581614653146,4326.14222140601,1431.922886183871,0.6297532584273395,0.02357435998337354,2156.544468593898,1013.4351200818487,1358.8091204750126,283.04360125278845,433.9056402502538,149.28289656372868,220.34601643486857,163.141935288419,156.53697565197794,121.5851261245437,0.47274577072306445,0.07778284078869152,0.3284170986334146,0.04327743955529395,0.12546571481407073,0.0760354394753367,0.04318254248394362,0.023417599153531157,0.03018887334550674,0.018112439088407983,2,2,0,0.0,False
FT9-FT10,4,ictal,119.60168511109966,69.93985752454827,13.579263165626127,1.667325105875502,15311.770433454056,20792.265183700372,0.5639972391008368,0.1118662450066894,10564.572264392576,21804.481892936914,3198.0807977826853,3216.4441598154317,322.89857757889473,94.86776427333717,293.16503269799165,136.6258489526117,101.81423299929475,49.7544252143542,0.8073686691646573,0.32561002400249706,0.10474405811574945,0.282829572200893,0.015888862979014994,0.017001887371928547,0.023240163580127926,0.0264350154362748,0.006724682370923944,0.006049073125205272,19,19,0,0.0,False
FT9-FT10,4,sin_crisis_anotada,33.06482647245828,25.245737533726235,7.51350567214847,4.851841025441345,990.6691235332046,2079.5001816809163,0.6793041168117055,0.13127923302332223,473.2324292952721,1746.3125242501628,156.230106824856,191.40399810251995,70.99572148245765,95.14789271269031,155.36409353066006,190.19306456752622,88.72665368789788,130.04722592066992,0.5211819369285365,0.2795814220254451,0.1383656615892444,0.0815943692731433,0.0530758592483732,0.1440811171619737,0.12684288463230842,0.09864731992317581,0.055872262436270796,0.049355893486499415,118,118,0,0.0,False
FT9-FT10,4,transicion,62.58609185501063,14.773441382280978,9.455161198174249,2.7841234034115843,4123.43425271763,1822.8133974225157,0.6723696645819792,0.036845911055433334,2493.154089146738,1653.9320235269756,936.2932640086822,9.356368026425457,345.8364205022273,62.31615169606596,225.29090279443903,151.90036767932972,122.85957626554321,88.65352593870038,0.5311048926767844,0.1663242015480368,0.28346354068583696,0.12757751801733783,0.11254514277444086,0.0648646078408716,0.04766690610687628,0.015766588874598093,0.025219517756061394,0.010351335435574253,2,2,0,0.0,False
FT9-FT10,8,ictal,141.213644364919,52.520624523553565,13.452470103028832,0.904629677277466,19879.338466182697,14234.21956591796,0.5602622711661907,0.07763260680931039,16048.914075850704,14902.57484261637,2986.618845656798,2116.6295091920597,295.5336602631191,100.87167280084526,295.30208580973516,92.68565974192637,93.66000146023404,18.4650988012296,0.7944289819843584,0.10912445896680845,0.13508213968659838,0.11699738961101364,0.017333038372203433,0.010830592781682795,0.016218401319332533,0.017496683908041048,0.0046826751150345425,0.004999453008289666,9,9,0,0.0,False
FT9-FT10,8,sin_crisis_anotada,33.23168413441673,30.73561925341037,7.35792961318276,4.8489963590404095,1078.5762795099756,2111.9147701610045,0.6779891404161428,0.15520381692833363,564.8918388465854,1714.1571688118263,154.95091494973678,178.70081369437062,95.67147464456393,85.19470509414958,155.89195051157367,186.18101734978316,89.03881477480633,130.77795433047777,0.5540425187450353,0.2757508918172149,0.14044253793728037,0.05979278942117451,0.06984327011411481,0.15529877764448546,0.12661010000161838,0.08656782244352472,0.053583812059049704,0.04161783781055141,58,58,0,0.0,False
FT9-FT10,8,transicion,64.1435531349801,18.944554660941648,9.516250855588616,2.9512175724925545,4511.562468235737,2772.189799692166,0.6784422274140705,0.06087008835962093,3098.1938099324107,2442.1199681246326,766.9338821606765,148.33344880546588,308.5953669949222,47.661536392011385,226.45360354248692,148.86013213335673,111.38580560523904,80.53778702072097,0.5689149922766191,0.19172506991390392,0.2406522402641405,0.11499347301085511,0.12032164298490566,0.08449754834183762,0.048068779379140815,0.003458746801072568,0.022042345095193712,0.004307204637715976,2,2,0,0.0,False
FZ-CZ,2,ictal,91.82777208938084,30.89732960523962,7.4917339319634415,1.9274574737915469,8238.841411115129,6523.375018806628,0.5128658586107417,0.044321810319802535,5715.107548803868,6586.497179776992,1930.9468225624705,1586.8541099190015,83.6189857894485,59.86367466192134,33.345999721102906,21.39826922833182,5.119291217993497,6.330717530360562,0.7466993559632451,0.32252582510410144,0.2432675571372779,0.3007495455324084,0.009313242610104648,0.01041612477837433,0.003416510319409375,0.0032100711476640955,0.0008066621480937866,0.0014300318416834421,39,39,0,0.0,False
FZ-CZ,2,sin_crisis_anotada,32.835925329768656,22.76986655152931,3.3609877137735973,2.3649994226673705,917.2025004096852,1573.26759516413,0.5733327840139804,0.09536262937374318,606.9657047038078,1052.9463851521614,138.00418489477227,208.2089674505003,32.366875578937325,148.19218457346912,20.65408348490549,47.97144667299874,3.078678761331989,3.322272861941835,0.6845779951180039,0.21181821480026297,0.1746795787891769,0.16008014565958567,0.045477792809332174,0.08888480273527019,0.03235094412546921,0.0483082424788099,0.002537668489994504,0.006284411229930708,238,238,0,0.0,False
FZ-CZ,2,transicion,63.91585945529459,1.351546593360169,5.503651817643507,0.7682552075954145,4277.489359468307,1470.508410948868,0.5476667024193993,0.009402842176713055,3149.4919046638115,1352.6396661446129,907.750398743693,14.733239710356884,169.7241904528803,98.69900837359435,46.67064201417471,34.979046949728726,3.852223593747498,1.076070808711,0.7116945491755633,0.07155759368002979,0.24200025585143192,0.08663882484507937,0.03600080376284765,0.01069775276895022,0.009185038645224903,0.005019853601623952,0.0011193525649321238,0.0006363752055245869,2,2,0,0.0,False
FZ-CZ,4,ictal,104.49155716084731,35.69411730819343,7.256041486040319,1.7167136170989963,9982.661492322333,5194.024491243228,0.5551375911126495,0.04387836621362018,6718.696618460068,5693.062478238089,2569.392647656128,1290.9042455243098,87.7551504602003,32.44708289547657,34.16177266720103,12.01661797610145,5.377993643037805,7.227157095878124,0.7244027542751688,0.16596203097676643,0.2643299828159495,0.1593522241406728,0.009095888940804283,0.004445869043538193,0.003458122798903114,0.002083959786859568,0.000859846310436093,0.0008723846895523945,19,19,0,0.0,False
FZ-CZ,4,sin_crisis_anotada,33.75417272588095,22.692322864777026,3.5392113759128794,2.335937954364389,1035.0178657369502,1723.0316530213909,0.6106078295663452,0.06690330748204831,657.1624179074445,1183.1849482477362,176.86462332677246,209.09731260471114,40.85805735173844,202.0207893616576,24.794608791134067,85.3571402417002,3.2207508923982857,3.127847713415324,0.6971353563636635,0.1451568905450875,0.17550249077308105,0.1144032630803496,0.04977075012971041,0.09336079227579636,0.036348011198288094,0.04174029623716519,0.002149160262663443,0.006435833322177425,118,118,0,0.0,False
FZ-CZ,4,transicion,59.19547746794771,2.6147786929652383,5.256358362124834,0.4625087327316555,3904.257063717907,58.2427027765857,0.605522544650525,0.06040578829403509,2712.6023497271035,436.1913566292915,910.4367033266423,168.80594889781582,241.59150284842656,185.1056358502883,36.28929270229134,25.174057005894962,3.3372151134427304,1.1369879012926325,0.6932683122585201,0.10137998853924668,0.23388780643722262,0.04672545990542065,0.06260019442556794,0.048345085194833604,0.009393078730520473,0.006587971764866389,0.0008506081481687846,0.0002785283258741047,2,2,0,0.0,False
FZ-CZ,8,ictal,101.5827829332054,21.970312889184598,7.346003830537346,1.236693079454131,11154.51352588006,4838.268685755153,0.5595008593037065,0.04042117400989653,8444.130231907773,5027.689481678964,2545.324750971111,1122.6093429992452,84.78481284751594,24.67917598209125,34.93504002444165,9.211958761335417,5.596650674323545,7.166522289322821,0.7607781853666473,0.1286261301457884,0.22744341447103053,0.09314367775035745,0.007501864124278957,0.0030751071689909043,0.0032310935267787187,0.0018529344271742444,0.0005459514065705636,0.0006788665826924933,9,9,0,0.0,False
FZ-CZ,8,sin_crisis_anotada,35.81623661337447,20.86085528886248,3.930286392381171,2.051335311357779,1180.7847726006607,1448.9239823821456,0.618758226968841,0.05135532527004827,708.8173478748272,999.0406499966641,193.3212674229424,189.5142412070736,44.751263427285785,223.53920805423513,33.26367026807828,90.68665712898569,3.046306661374567,3.252525471224678,0.6946083814699582,0.10121565062037385,0.16270554408436158,0.09367058951697282,0.0490098191707265,0.1067891487380696,0.03862560103712571,0.03913905054154022,0.0017302665074487842,0.007068851890177667,58,58,0,0.0,False
FZ-CZ,8,transicion,53.95802100718011,6.5217358923985955,5.202915999192571,0.32716700441206825,3010.434410545982,783.4095149336799,0.6371405600678658,0.05651796398863418,1910.5201696792064,694.4992504040611,889.2383901170452,232.29631953705825,153.83663330929684,109.19609675004196,53.31921233069919,35.52291253938292,3.520005109733562,1.3329542819854536,0.6163365680950348,0.07030723466865185,0.2953030144500851,0.0003166082027645234,0.06493802084029388,0.053171449142537255,0.022291787957480682,0.017600951923927653,0.0011306086571053614,0.00014855819504853898,2,2,0,0.0,False
P3-O1,2,ictal,64.17222137325015,20.634237033731857,5.4971902081590605,1.3571122952981156,4073.013815419999,3344.9775886313837,0.5128665329176418,0.059570495662801703,3240.261945976102,3369.7282787630056,311.23721238934047,313.642710297496,76.181335508395,61.38609537138619,58.797088230731475,38.158252260279454,12.176402540659955,10.477362671012864,0.8530151549317252,0.07095237431889045,0.10419904102319576,0.10306036137788296,0.02174114377238111,0.016331838211515994,0.015260695429696906,0.014608750045676265,0.0037535824738760756,0.00845855361061865,39,39,0,0.0,False
P3-O1,2,sin_crisis_anotada,28.900336442757954,14.733997790774776,5.7519898640034395,2.8882082889164424,765.5481328106798,855.6346550092594,0.6193718752829903,0.11305566503089326,433.7498998471399,737.122325584545,109.97395701551932,105.34729688138864,48.64261870958264,59.68589490476158,76.59307907530636,59.2556639615172,28.955013258237468,55.14855591450638,0.626896802872769,0.26672532793768977,0.14041352492670411,0.1234042973448327,0.06886076271469496,0.10775225674777952,0.07307303843856838,0.07087120315821033,0.02982515640117883,0.034968020015394556,238,238,0,0.0,False
P3-O1,2,transicion,48.878079440207685,12.6380434482761,5.27100058935562,1.2788297941899014,1799.9438722534128,496.75738126177794,0.5301901455182787,0.021682375562538714,1457.0941270025323,388.57059583384716,155.9199139872614,99.84728834467919,66.48360417868071,48.32394497239863,83.60593986798877,28.84647548029136,36.84028721694958,27.81696657535916,0.8117734520118083,0.008157953473843182,0.07719508745268693,0.03416776478613991,0.04800220179115543,0.04009535749502069,0.04549112350152053,0.0034714549688692614,0.017538135242828882,0.01061409121385472,2,2,0,0.0,False
P3-O1,4,ictal,64.2498813760816,12.040070354028373,5.4590928094121205,0.6743555158243497,4251.945773342405,1732.2201314340214,0.5330658857210524,0.037439416293207906,3502.9299638577327,1471.7943804051988,464.088979837931,398.5790486508374,77.1070989623435,46.594931537705286,55.573018825642826,20.684924346068897,10.744053790608627,13.102848388333578,0.8706918184361512,0.0689840588683146,0.11369284116800064,0.08436784021597718,0.017593100832926974,0.010574433470032858,0.015005283372779494,0.009698433940495244,0.003218521845715516,0.006158443477276534,19,19,0,0.0,False
P3-O1,4,sin_crisis_anotada,28.291319473486624,12.380460911466855,5.213560234726145,2.6895085343014595,850.5755461043918,707.2016810457225,0.6402111767834573,0.10292250406733872,512.2182282568493,640.8951151550556,121.01869079522602,92.24109584918503,62.981564783158845,44.495086964740985,80.48187850067849,41.553821184019725,30.78053407014965,56.253783275463334,0.655515479021529,0.22180970027568936,0.13640366565879128,0.09091025676909126,0.08349364884459279,0.11448455331108331,0.07437500135694616,0.051456379118738696,0.025666230667725262,0.035373624533106586,118,118,0,0.0,False
P3-O1,4,transicion,48.175450410679744,16.856622411881098,5.317404764916003,1.3836236484792765,2258.3237782998867,1203.8789017581144,0.5546653927108557,0.0448456846032399,1920.4998476813757,1143.5684939318173,143.04103195608062,54.71490854564972,82.9821449910329,47.02600126748917,75.15062396563822,23.90339920144617,36.65012970575972,28.718101346689977,0.8109105013193083,0.07409497778275931,0.0704420268638267,0.01332349315094268,0.06684034198164379,0.05645500436676408,0.038605629219952066,0.009995512389522898,0.013201500615269273,0.005679032124470445,2,2,0,0.0,False
P3-O1,8,ictal,67.43886304166057,10.392869151601978,5.367140529058522,0.39287056270953613,4326.36539443723,975.3376292088033,0.5493971729757036,0.02432370314692134,3969.8940718047925,924.6103792014474,452.4540960272324,180.53469485513335,81.64310184255295,22.645112098862896,55.06328090595028,13.147535024333777,11.614105930655613,8.513433435446224,0.8654053956355219,0.04946485404241108,0.10754212288141972,0.04772245907911704,0.017367021568861697,0.0028987874090438126,0.013767549579249744,0.005753481193803702,0.003330515623962064,0.0020284911392358415,9,9,0,0.0,False
P3-O1,8,sin_crisis_anotada,27.97171984043506,12.435903278045771,5.182089604659129,2.6880512494110835,827.0013826824227,627.3440204478173,0.6647412421490878,0.09494863808189691,441.21964095552573,590.2341143657698,122.148378040724,74.54089204675668,65.14975972968494,40.129562621366276,79.48984607243639,37.53751213066039,32.88974234533007,54.66347487119238,0.651204662835491,0.19831190579335123,0.135662276338714,0.0887669243125522,0.0950564129737167,0.11283114413302037,0.07958405032607856,0.037063140533504096,0.022082696805756214,0.034511377896494805,58,58,0,0.0,False
P3-O1,8,transicion,45.05801844064162,16.066235167407434,5.2665288573131335,1.4138331106017192,2315.709272040299,1556.2438772771802,0.5741265735068463,0.07594092023129762,1992.7170738214456,1485.7572597473093,135.04165384404502,44.46069218603847,79.47453238684865,29.997891568918277,71.78934639163177,27.08451491874051,36.686665596328396,28.93930199401123,0.7829495579631693,0.11542761743780783,0.08281450559586918,0.036454867679866804,0.07846113536756733,0.06568292269041967,0.04219973330062241,0.01666381964221437,0.013575067772771964,0.003373992574693169,2,2,0,0.0,False
P4-O2,2,ictal,76.5199921976878,29.65148239870406,6.0741878231532205,0.7055088047242766,5048.462282278814,5799.234948448109,0.5074314267134907,0.09759991613795627,4198.8181496869365,5761.571075423934,585.5197579315521,589.7744308680815,108.25927614798488,95.61723281580424,55.61527363467812,30.02020251706709,9.860405524240061,15.260976127864236,0.8563656539891035,0.1474082411849037,0.11907307839810861,0.12884479900320742,0.015841714359227092,0.01732737783580011,0.01058266844122832,0.015584097078053777,0.0024422671900421133,0.004110631293883603,39,39,0,0.0,False
P4-O2,2,sin_crisis_anotada,37.54200533981104,26.851504399734466,4.958503253587185,1.8010371283652118,1305.5802649523046,1881.5011162573326,0.5412491546026788,0.14922397433397339,844.4373792247618,1786.2115208958176,142.87296788940267,152.7339376149917,69.67224118730397,84.36855950829901,39.884987844693974,27.392257587126046,16.4667912717591,30.21343392534338,0.7527079803936695,0.2992946417439595,0.11232685463259208,0.11003575302478667,0.062326257116935985,0.10387456578888685,0.027793184928689815,0.05051830356765836,0.010053878028199612,0.010945118431287235,238,238,0,0.0,False
P4-O2,2,transicion,58.13707009053809,26.58743891743938,4.838790425966735,0.8947509343900135,2832.4334821472958,2166.000341929035,0.6122561463212548,0.10582001409957142,2341.1495626026117,2003.5131095471668,322.0010764296038,183.73915861513814,95.09094299826005,39.789168850685456,54.06862316048433,2.8135176479094923,20.123276956336287,15.723724969506467,0.687918473774161,0.18128632618188056,0.15432264491236025,0.05314290484884174,0.10672744184002754,0.09566362143268345,0.044144795841451034,0.03276480306563287,0.006886643632000223,0.0002850031652777184,2,2,0,0.0,False
P4-O2,4,ictal,77.25481143017274,29.934093131862,6.028116246376968,0.7798724925093641,5495.243796603271,5875.760991778427,0.5248944537565694,0.067300871210283,4630.948323881364,5205.070190740167,646.0759542170983,369.0739646081124,124.58165422590967,79.33144637407598,55.854153189466835,22.782945160332332,11.909880445338015,8.032990036900003,0.8489406342661617,0.08618255865653768,0.12156163640499398,0.07718962558770817,0.014069905817185369,0.011591600889061918,0.011716339951830636,0.009070493908458951,0.002845967917885612,0.0031424298449854323,19,19,0,0.0,False
P4-O2,4,sin_crisis_anotada,36.3912675760106,25.930831087624817,4.827603980664772,1.6093254619136461,1295.1386579850014,2107.5514375649723,0.5725472857877936,0.1459678320272405,901.106542871172,2031.7240966374375,168.80302654347682,132.58415913401186,86.69484118840046,70.09814895585583,43.01880589203781,39.40551417301121,18.221122100432765,30.283494835939255,0.7701327741229924,0.260101303012667,0.11372327005145669,0.0821770400101569,0.06522632181932839,0.10318530930248061,0.02876573991073731,0.0642899966350858,0.0090009484376686,0.007988993870854647,118,118,0,0.0,False
P4-O2,4,transicion,56.12086530993253,24.588687072016583,5.172446824240143,0.6952915807543683,4321.39709046263,3354.591652968634,0.5660625803513774,0.1266857740112981,3902.442873108022,3366.4097589709554,214.19343376425377,46.49801291867689,134.92972405661902,72.53591170716099,48.34827465679156,3.093763598385472,21.48278487694405,17.313556384547333,0.7506986022185784,0.19626118042822494,0.10370752919845641,0.0697455921247449,0.11135862873905299,0.10323018894647881,0.029551928499983265,0.02365633477635611,0.00468331134392916,0.0003709354193547733,2,2,0,0.0,False
P4-O2,8,ictal,91.09803987615541,19.69543810068552,6.373249491283155,0.6786848096938938,7338.151080602021,3355.483584289934,0.5302660356626194,0.04280086127299809,6431.305942803419,2205.5739498589974,704.1641204081697,249.92842189069302,120.44492034932068,44.43341237546747,55.56144166730135,19.277363052082585,10.483816702480816,2.877015076219969,0.8729059341012372,0.06579299373313441,0.09781375467049208,0.06399091586668415,0.017082133572559468,0.0038175865108763737,0.00981119315016548,0.0029445109055555394,0.001727977640409272,0.002206249850904762,9,9,0,0.0,False
P4-O2,8,sin_crisis_anotada,35.75376254287963,26.361729751973222,4.859344629117027,1.6166480801843166,1247.769812247138,2082.728753426337,0.5965081160487333,0.1500275102578934,855.0282729262004,1996.8104332667945,169.16403575637224,124.9038019616954,99.73279994541706,50.19945428628321,47.023615741231104,24.027883348948592,18.402668481929005,30.5402432551125,0.7353374361990029,0.26203057975297883,0.10891761092186099,0.0665063698426702,0.08712010580849497,0.10132422685108422,0.03461931682829014,0.06689944875332969,0.00787219556277179,0.00775276310284456,58,58,0,0.0,False
P4-O2,8,transicion,55.383279495494975,17.486714209626456,5.238336518333573,0.5926463780532192,3355.538420299708,2217.3284231616335,0.5920090802414553,0.1216501554656001,2891.7068420279065,2303.1746435097543,248.3260763572241,15.069135433202973,147.5127981294508,90.48345552777448,45.88098279570017,2.138755578315042,22.111720989426686,17.56761503454246,0.7246210935901507,0.20755289000912147,0.13663380718312274,0.09477798190035966,0.10966517854307815,0.0994317844564082,0.023523710402191467,0.014907007415584698,0.005556210281457055,0.001563883763231095,2,2,0,0.0,False
P7-O1,2,ictal,46.79378509998672,18.127372601266046,4.039123143951069,0.7270939598009063,2124.109798808417,2252.6951542808665,0.5206328107463924,0.09866085276235181,1747.2121215068164,2066.102505275293,289.555802318568,288.95359977917104,48.14219015628741,27.770473090402206,28.252851511824836,18.254049397247382,6.408153890932089,7.826419012099588,0.8157556063052193,0.1960397751104469,0.16163179383203452,0.1644292700967602,0.022642876098261436,0.016570940469143453,0.015670935533349886,0.0177279136007283,0.00584012194186861,0.007467224468920528,39,39,0,0.0,False
P7-O1,2,sin_crisis_anotada,21.300604463205005,12.957117566707637,3.6806369708352973,2.1681276341628113,412.76437266862024,543.9256293136228,0.6294163827302681,0.11800344979764699,236.4223745611843,425.5942436419946,82.71300384876074,68.3206650140425,34.73338010942693,35.23892721079448,25.962387749131356,28.072867901390435,13.698108746511545,25.239236974446403,0.6206770255352663,0.27565768771373345,0.17906851669609125,0.14841443839978716,0.07990590680049833,0.1000239419292304,0.047608573478144796,0.04235501452379582,0.020409321351234907,0.025885463938835167,238,238,0,0.0,False
P7-O1,2,transicion,39.782836599679854,23.122760063222863,3.680917806441764,1.117850507769779,1064.7921211201124,759.7438968250981,0.5477337620041913,0.08981214157570105,900.3649700477342,725.521970211755,85.30788046599923,18.78599882791569,32.79120434150418,8.612919926921077,29.250277653787144,10.826278618135646,17.077788611087634,13.222569094212979,0.7321443112680838,0.15897919863694976,0.13756114861441704,0.08050890175817507,0.07449075532329995,0.06123901122135965,0.041181172977720906,0.019215831719587267,0.014622611816478271,0.001984546062172342,2,2,0,0.0,False
P7-O1,4,ictal,48.588374174942054,14.913325630343465,4.055989691213421,0.6407438658397329,2194.0468907137442,1411.939123544947,0.5506854289090602,0.09461398538468213,1646.6072884122775,1427.9914787892908,381.2149717351037,189.76984672646802,47.378079753047054,28.91927202097689,29.216702580072095,12.999975700178268,6.854369388231137,8.167794775808616,0.8054236515837039,0.19603757051371828,0.14530845247466626,0.18269009776753486,0.023810842691884406,0.012860357662836594,0.0132125893767317,0.012037030526379711,0.0048911235664867965,0.004718960339618947,19,19,0,0.0,False
P7-O1,4,sin_crisis_anotada,20.785008296438605,11.965347072671122,3.4437931686504495,2.1668834651417206,426.4390869870015,532.7651961418272,0.665836218050321,0.12024588056616792,250.22985205044756,406.3603658891996,83.76520523479883,56.95659248433407,39.09082830779386,25.07770768687341,26.980701131495046,24.29746711392591,14.02557094671558,25.017891746601343,0.6266978677916487,0.22211466488373233,0.19540884366336886,0.11351637568616477,0.0970976514218361,0.08315847323184587,0.046304836594923626,0.03202824417751408,0.017668751939380906,0.023686968083976256,118,118,0,0.0,False
P7-O1,4,transicion,38.42364570243275,19.939525317623186,3.5456063872040415,1.0751045686256178,1909.5147822995477,1562.1576433849625,0.546849443938553,0.12263595220167572,1728.458987196639,1528.8067884784853,93.78748768381232,13.304019139416837,41.24398038683479,4.684928197596129,29.49790614956204,11.391660727320229,16.5264208826996,13.34010323733656,0.7565080517499971,0.18173305405735407,0.13127479874106887,0.10042756038098255,0.07137727713745474,0.060846602665185004,0.031951896526283545,0.02017383631116401,0.008887975845195654,0.00028505470002241143,2,2,0,0.0,False
P7-O1,8,ictal,48.44293286124738,8.756119772908747,4.076030041594164,0.5057296149814805,2298.2059130524704,878.9436470716219,0.569719102605433,0.04755221126195108,1782.8431374490774,1131.875202080794,353.654144448762,179.46706160131313,47.11053861434518,25.51411001029141,30.718422057475657,6.8244478027822595,6.945629671672667,4.914868479510929,0.8095177897542744,0.06975925352949841,0.1474922303190097,0.0561480090365076,0.02060575742805928,0.0072693171197720785,0.013366261866707817,0.0022134074025057186,0.0036625902605748545,0.002417105623593053,9,9,0,0.0,False
P7-O1,8,sin_crisis_anotada,20.385098781109694,12.655673107667482,3.358611622684448,2.1535829649881095,431.44681163276414,595.444176765777,0.6854851563323796,0.09821315901323835,236.53220169537866,519.1470694036539,91.85949809466437,64.66359621672116,38.26926086233742,21.21668487075528,23.539020411346357,24.689205077564864,14.795339607952238,24.591868676819384,0.5928341978372687,0.20170649545084218,0.20431839077279912,0.1275595433124521,0.09178975718502946,0.07880991633121587,0.048062483382285894,0.026684442711241256,0.01732460208503534,0.020707798647295876,58,58,0,0.0,False
P7-O1,8,transicion,34.43586501264079,16.945219151310035,3.5597870910399463,1.1480806431067618,1481.743015517357,1192.4318847140748,0.5803681171163143,0.10696511523715446,1326.2884549035357,1157.184314482467,73.57548598175126,9.871264889160088,40.21989168057722,0.8301091763723818,25.37259395334803,11.82819623043396,16.286588998144605,12.717999935641172,0.7565968277711044,0.17209065978667448,0.12569872417131409,0.09449405208210647,0.07575038929230378,0.060399859731429875,0.030363577679793023,0.016452449361087126,0.011590481085484595,0.0007442986120511502,2,2,0,0.0,False
P8-O2,2,ictal,77.32017806790337,69.37914742913554,7.325645175981704,1.7345579363159231,4963.447200381073,9732.670269055212,0.5036035889030106,0.129241208916956,3873.6246028469905,8789.581700706087,900.266935005053,1051.6152376054242,112.17252851477055,83.4263875761761,83.98510406278537,56.418323633574346,27.083502165480347,25.80338666911812,0.8046936650204463,0.2749244529432252,0.13619106626520153,0.21167269615430345,0.01653626352405093,0.01724829641346294,0.018278186151420565,0.024263031415945567,0.0056326104926446375,0.008842052577011155,39,39,0,0.0,False
P8-O2,2,sin_crisis_anotada,34.20288367923343,33.20154733167111,4.865121555774772,2.1313164074042987,1084.0616241813918,2402.5953935575253,0.5730852792507237,0.15445886016555965,720.645490840587,2286.7442320864657,169.7535320305702,192.79456994707766,64.09089154332588,63.16139219982295,46.69807141567747,37.35840024705038,20.860937146901655,26.575298791806325,0.717964891556939,0.27313653788865855,0.1361760857288867,0.14776936058366275,0.059557315504524616,0.08470375555261457,0.03808260760510748,0.044265019906002796,0.0163284805610137,0.013975782968002236,238,238,0,0.0,False
P8-O2,2,transicion,52.27426566708348,25.795126882598495,5.208511668228979,1.2354676681663932,2695.70751996484,1822.4112646811705,0.5730307858623427,0.08584530773161259,2223.064817701474,1636.0898699234058,274.5787209483459,160.17091103178558,102.00617264568328,24.720202322910936,69.84365027574614,32.47586749659873,26.21415839359078,18.394818552291582,0.7631440178682682,0.09100676292561027,0.1136152330191787,0.017391638044750954,0.08110924124619874,0.06400345585042419,0.03271792053372462,0.01007143365514613,0.009413587332629638,0.0004597646247110343,2,2,0,0.0,False
P8-O2,4,ictal,94.14931739577057,60.58310993857185,7.461017942333063,1.2859767303096055,7648.447666794822,10966.448216487124,0.4958004367358555,0.11540361412162314,6095.611761674653,10795.114566724442,943.0532286546481,806.613090425051,117.5558283220833,97.43426791651729,102.255547308448,52.49425483499812,31.726288065807612,21.37121279733973,0.839121014871125,0.16128926316137482,0.13382543682124717,0.1324509725474314,0.015615109648727612,0.014303088559779964,0.013910362383781955,0.02609663127192254,0.004787985012254105,0.005916421358885109,19,19,0,0.0,False
P8-O2,4,sin_crisis_anotada,33.03380683364401,32.080577130248194,4.629191109018456,2.1687559103249536,1059.6003680296658,2680.63997148238,0.6067131972084112,0.16947814657451454,786.893595253032,2526.9212859569084,181.51197606108485,172.60089110728222,70.82053502220965,45.825408025448574,51.91496963945772,33.970682769414964,21.344120812260947,27.021091897748903,0.7197202612164179,0.2665222385311362,0.12963174750353418,0.12256331617305107,0.06225970152429448,0.08272288670199038,0.03769702740398366,0.03822928690950937,0.014995369339062545,0.009948309311800293,118,118,0,0.0,False
P8-O2,4,transicion,49.686257534330565,20.022038237454638,5.417954335280118,1.1235473799902813,3243.1465307564804,2402.5600704054214,0.5842532843366152,0.1276002188808918,2794.2848744801568,2376.8367385986617,223.62842952213342,27.06235079153413,124.10211408017216,56.527278854341134,75.55189518416837,40.400810097687,25.579217489848734,14.787449771878691,0.706277062715104,0.2096617166778223,0.1391238830941914,0.09472009132398594,0.11342710457867558,0.10145786139981043,0.03117777196858785,0.010639562409842446,0.009994177643440993,0.002844201544183576,2,2,0,0.0,False
P8-O2,8,ictal,106.96984714879241,54.24507328198516,7.764817685175444,1.5491463401110908,10500.651664893228,9126.70935272049,0.513685925580169,0.08320796754933335,8402.096186651195,7982.738874935963,1002.8003200213263,559.7200632785862,120.24169853237689,43.03405918706953,102.33186990728255,24.684392735990386,30.16140868806868,15.524712618023546,0.88793868019464,0.10652910018385342,0.10246228263290262,0.08938630437335872,0.011342734611788844,0.012154888306023702,0.009055935580280915,0.01901597816527405,0.003941778261492337,0.004814215664653527,9,9,0,0.0,False
P8-O2,8,sin_crisis_anotada,33.751052072685475,30.60059761906446,4.6435650527891665,2.129867769403372,1082.4223888585377,2617.5439515194207,0.6187101462700619,0.16256546717992815,725.2116460034908,2434.6877665671796,200.73719497144032,166.89996027051302,76.8376210465979,41.61538820248022,49.71862294541211,29.868350470677434,22.411140852810558,28.439318429062318,0.7182298577308647,0.2401868224890873,0.14080947746427808,0.1005302731447883,0.06768902726246608,0.08504981258888994,0.03632929931106141,0.03846671021872032,0.014605916377224852,0.006710037830494947,58,58,0,0.0,False
P8-O2,8,transicion,50.36369757523127,15.078498813917655,5.663631690346863,1.0904906695634216,2731.2850117726125,1786.1988783102522,0.600031715248882,0.1177541095363398,2235.162881719478,1800.5005409079963,261.8271251463518,10.823560348776198,133.2468485581248,75.44054909335337,72.75367912236892,33.41784403949526,28.294477226288997,16.89748210733792,0.6766307043820814,0.2167124753217532,0.16297128781261508,0.10261674264341764,0.11680461304997469,0.10400848563230479,0.03256189327738959,0.0090595353841074,0.011031501477939173,0.0010277116619232599,2,2,0,0.0,False
T7-FT9,2,ictal,45.81264301941492,8.832108210665282,4.6890142624913524,2.3063296324158724,2147.404173432754,1330.9574898714868,0.5443827158571447,0.09285145911555992,1505.1039168769837,1275.7882906539098,267.40057978542046,216.40958195921309,28.555042029144303,22.43547752622529,43.06802009389994,74.74183807336343,22.07162514053339,38.21666235243891,0.7903718171157835,0.18401946961526383,0.14717523388939055,0.13233955339544137,0.0143421895003534,0.01652536483025682,0.02586313546502416,0.04495466800102826,0.01821410350813846,0.01857423409754847,39,39,0,0.0,False
T7-FT9,2,sin_crisis_anotada,18.5731714518394,13.575446283767356,4.7657639253214885,3.248170523866167,349.75335270753885,474.4346263752659,0.6339051283296231,0.09653951354682444,154.6039763302391,307.9131377379143,48.118443571655895,47.51951657849011,11.0761992644703,13.337330465903824,74.75463907462492,79.20217553464126,33.33254326342036,52.29049924785361,0.5460644151043084,0.2688336464783998,0.133029968437835,0.10722119391807644,0.031738024596381156,0.07021826275465326,0.1419842313366329,0.11066621959310217,0.076386155655429,0.061173957844729523,238,238,0,0.0,False
T7-FT9,2,transicion,31.584495523075926,14.303117967518496,4.95550734406343,1.6509966530864473,999.8575660578631,622.327412842483,0.5735462018403429,0.1018370095016824,767.1005480411364,562.4743158956766,61.81033168078373,14.160742424779606,40.76830625284547,30.877901298218966,78.80022229796447,37.31196193992365,51.37815778513303,39.258293880322135,0.6808163553790446,0.13880340514796452,0.0865232776256108,0.039690718396106064,0.09793654232915645,0.0918395773817119,0.09073577291489038,0.01915812563782167,0.04398805175129784,0.011885016267675075,2,2,0,0.0,False
T7-FT9,4,ictal,45.58739341791912,3.9912489540584772,5.170015534248987,2.258802370429102,2101.2138612307135,625.3559742710786,0.5524025679004341,0.06604874300744812,1721.7107304724623,637.4781276404278,286.37647116812235,114.09899974721156,26.08461969585001,19.752773980026326,39.171381335257976,74.07439901831884,20.070647410082675,33.645435730351295,0.8046561753761889,0.061103620768500067,0.14664274308028782,0.08741610686542173,0.013694422794809593,0.007940426009097609,0.026423237855804943,0.025014486623557052,0.01246699173378485,0.01553219462137146,19,19,0,0.0,False
T7-FT9,4,sin_crisis_anotada,18.493465322217403,13.340182480113189,4.687376137719143,3.2458686778681054,333.00643014895064,498.10147216986235,0.6665141374915089,0.09859262797064161,172.26001663033747,338.88539499760145,49.95104297504674,36.77461104210426,13.738949181499258,11.041508779307554,67.9094912575386,79.10483250857457,35.23429869812806,53.57601000825851,0.5566072399647374,0.18987319862847535,0.1300839950646403,0.08593029039489367,0.03689539492302356,0.0755617134629807,0.13751597332760845,0.07656303779610707,0.07268459483171467,0.04592453340524045,118,118,0,0.0,False
T7-FT9,4,transicion,29.57514785579467,13.440016432656783,5.000239596411395,1.635662424070924,991.5137151913021,696.1121863710715,0.6177819063667724,0.12153274707542183,751.6513174187571,613.8787306366742,88.42396162481326,38.63519470353961,40.76105834417192,26.62525594589416,68.58085484865018,39.44824319933166,42.09652295490961,30.775273777420104,0.6377667645351168,0.17137585812269385,0.12191738413054215,0.046628686433544383,0.11824691828356493,0.10987077142234936,0.08131642476910814,0.01730395734491748,0.040752508281667765,0.002427557078117426,2,2,0,0.0,False
T7-FT9,8,ictal,45.80905656314841,6.117741025578347,5.887336379180856,1.9951950304709136,2020.3825292162062,960.2996420555171,0.5712422145736687,0.0338286171983877,1625.7115237937073,911.598922908832,311.1569426364827,145.75688822677748,28.68298586159846,14.0913528414588,78.98376753342797,62.93038658057046,31.942949634400257,28.355800502037177,0.793102463218006,0.03355463306355,0.1615330972008101,0.0870627750571604,0.013628731172226287,0.0021788473862489333,0.03434572087966233,0.019748813951937224,0.01478603518105599,0.00951555905402134,9,9,0,0.0,False
T7-FT9,8,sin_crisis_anotada,18.87406984250617,13.656753054344016,4.650497907266724,3.4812903116569593,352.443758424463,540.8649637986559,0.6895713128977967,0.09450314436498575,181.4427312737224,347.05336487763543,47.6886998289127,38.900773694640804,15.103401935940946,8.21417911292571,62.876915589678916,80.06843098616517,35.96783244436906,55.89973904096634,0.5528789207088464,0.16494447788046035,0.13311277067193195,0.0908090443284389,0.04367883078258385,0.08006389701047763,0.13989781921594538,0.07647856436179133,0.06737118241018286,0.04187401037256673,58,58,0,0.0,False
T7-FT9,8,transicion,29.431941066508234,13.572113171088628,4.977709775004782,1.5240864043592204,1026.301758382409,796.1707704569926,0.6608618638352344,0.12951250978577633,768.5980181558597,686.1445866179997,114.63425296774007,59.776632124975464,31.421072251165302,16.908998562984884,71.00346744018114,40.25082854415655,40.644947567462545,26.907721732845594,0.5782569199053849,0.2199677895228982,0.16703789095744556,0.07133774605387053,0.10898699386465859,0.10102414479092134,0.09733841121565891,0.03629260985305219,0.048379784056852004,0.011313288825054217,2,2,0,0.0,False
T7-P7,2,ictal,56.583874815084464,20.00340948843761,4.940430795476551,2.0872876218467438,2975.0606170955652,2009.8886812649425,0.543108009107039,0.07738740912477893,2168.685482478728,1918.3819989438784,507.15058453701954,366.8901275625685,61.34081864652601,31.15709377612439,31.49155314239404,29.084119055823244,6.108679649286474,7.43259128731992,0.7691199563194155,0.29005522900846503,0.17147863785828532,0.2940463391928606,0.022331532750833345,0.021604072644110996,0.011290353300074617,0.01310964467478302,0.0021615750396383705,0.002919400220022827,39,39,0,0.0,False
T7-P7,2,sin_crisis_anotada,21.40271455341548,12.361526687058369,2.526780156892678,0.8875600378024249,446.264552626198,620.1760691279064,0.5958189064318089,0.12239793542199173,267.4272920849986,449.4022697919587,101.97225916202396,117.6103073578537,27.757808512855657,31.41145452825623,14.798070894709742,10.849859495370387,2.1920116236743823,3.460023026146752,0.6609950366489605,0.2494958642722268,0.19224844998913115,0.17623838223546595,0.06413615978409856,0.09293888175263866,0.030437105757946375,0.03336003425150538,0.004098155640865277,0.004209818593311383,238,238,0,0.0,False
T7-P7,2,transicion,32.949844021099,5.39887638685844,3.3118296622519434,0.1422547502424214,937.9688719853626,151.55000688654286,0.5835980477853968,0.04459536862572255,547.7444362754393,74.06663346155767,309.86451224593384,113.37627191909357,46.80634762351315,28.482882429271882,28.25336579341861,11.282283925514808,5.300210047057723,3.8722678606783503,0.5865216589536837,0.015800874031788648,0.3191588275754598,0.06930693687577527,0.05627737377398984,0.03945943188278232,0.03292484665032018,0.017348171296630334,0.005117293046546436,0.003301540335426083,2,2,0,0.0,False
T7-P7,4,ictal,58.50490329436715,13.696086835209968,5.058549226780343,2.129944734762306,3037.1596335660356,1228.097898043925,0.5839595378828204,0.05035385494088451,2237.1171257892847,1644.4140033795206,490.4680768992004,226.40396766061457,67.17334451454688,28.174121218472536,34.329098488597666,29.799732999697277,6.859219287261924,7.103333993807805,0.7648295854347387,0.25879448008733696,0.17397992303715396,0.25780824112774925,0.021486479765629025,0.010107794225846255,0.010685038838876119,0.010468980360236805,0.0022059326229139143,0.002173466102746646,19,19,0,0.0,False
T7-P7,4,sin_crisis_anotada,21.154112737442816,13.262466169053972,2.4951261535576412,0.8946416980152634,422.1227295080583,572.0755774675628,0.6274993232918633,0.10476781075203401,266.3606847920071,495.8605455774892,112.69138944508035,94.59974873714306,34.41787107986405,24.590036601908842,15.047042926889471,8.918838776701953,2.346468768749588,3.7936885118459456,0.6785824832040275,0.1996379387339028,0.20372387589394553,0.14288100523637037,0.0662422246823109,0.09507810756123519,0.031234044955270227,0.028312756032265598,0.0037998803326858743,0.0031334805993622193,118,118,0,0.0,False
T7-P7,4,transicion,36.57885359569148,11.475689737378882,3.2627731247260687,0.3434445795288492,1243.778653932591,603.9050488118634,0.599629126702179,0.062333005938639774,920.0442341523029,613.9784299320487,253.37035233828047,1.7364416404893177,44.94456072374793,6.690314790036275,21.76012395888452,3.834196578838725,3.659382759374988,2.1875718891789413,0.6542816146367577,0.17595933071865855,0.2674359740079368,0.13124712830668006,0.050699661414799854,0.029995768277196938,0.024850431507086074,0.01514859382057104,0.002732318433419558,0.00043215968578946265,2,2,0,0.0,False
T7-P7,8,ictal,58.16267715659432,7.467269019375102,5.512294198254323,1.849804873986872,3323.3409605423353,725.4034089500228,0.597397085921122,0.046345183248276856,2487.3687796960776,831.4210518750447,462.40288938353274,328.938708349374,68.83457348811949,12.585970428609663,32.42503807242073,57.3161188841777,8.944455328038876,16.664207118018908,0.7961855287913809,0.18594823943725536,0.17427346372392488,0.1916300862138759,0.020186737493775978,0.0036365363820873783,0.010356343273609219,0.007915085003527026,0.0016435026487003053,0.0026214119094093978,9,9,0,0.0,False
T7-P7,8,sin_crisis_anotada,21.301752778038203,13.8047036932631,2.519616117221325,0.8663572808602034,417.4546839705979,694.6952794617737,0.6482773187000803,0.09397347391715172,277.0330741108203,524.0466005687621,106.39431241721482,101.59821246042313,36.51273361564369,17.751316783245308,15.73668750633255,6.922721380315377,2.2867059362616953,4.6878307628574385,0.6709041190216689,0.1565373896302802,0.21438740903162937,0.094295506357021,0.07280669580491061,0.07207383321158978,0.031872813929953836,0.02856072458296477,0.0036112111648792192,0.004236718194731791,58,58,0,0.0,False
T7-P7,8,transicion,35.994946419229024,13.00197642200715,3.305620514178835,0.3958567195138003,1365.0140294158555,865.6479413649043,0.6375076966606501,0.06608279899631897,1010.3075838893506,780.4297335624169,280.4250968813992,84.31393708446569,49.94049240938861,0.22746139771802376,20.810465491758727,1.0516078912227336,3.5303907439583146,2.1833400069626068,0.6315611220182739,0.17122179216077893,0.2781158932642372,0.11460432640939827,0.061374750379281154,0.03908852697884796,0.02631874824120966,0.017460903413371337,0.002629486096997995,6.8035359161171e-05,2,2,0,0.0,False
T8-P8-0,2,ictal,100.2555572286224,31.108913069273783,15.317173020256396,7.846959012909618,9123.390021620502,7013.65015109611,0.5970123632539491,0.0852802515222566,5086.612659407001,8886.133334659931,1918.0284093569194,2207.0679254347688,182.08152499671212,112.84167898674116,480.7780896619782,489.9522204224869,159.2761511546219,280.481377000385,0.7007999686900842,0.4004898101025323,0.18262314724709935,0.23530926850370792,0.019677816905872017,0.018959060500065246,0.04803320813687983,0.04559435201390008,0.01904720705309054,0.027800418046279807,39,39,0,0.0,False
T8-P8-0,2,sin_crisis_anotada,29.305040588738343,30.058851773188096,3.007263290447781,1.391831312629967,731.9983906425905,1727.735000405763,0.5742146378377093,0.14734971910475525,479.7048340717413,1552.6843145581552,138.7615862824253,189.66620826886316,46.97286551589547,47.17279161234433,19.4173080995487,24.565672371011722,1.543233158863091,3.323908243933899,0.7107079136917972,0.28297386232112076,0.15466776412379046,0.12928377512931555,0.054098451822484864,0.10421679524043075,0.031097835380781348,0.0445340296677915,0.002426958636797343,0.002434286708209162,238,238,2,0.8403361344537815,False
T8-P8-0,2,transicion,49.63038637768741,9.661129320532837,9.085883839852112,2.72896201661443,3046.179038706983,1274.055299239401,0.6058823804319621,0.01664775234867011,1900.1087611437838,1569.8057326257233,446.46803460277016,174.90121542698228,454.0367225541483,316.1929263209155,126.38567371189947,79.28705967896826,119.17984669438086,116.05664868260631,0.4947828107112777,0.308394568647946,0.206747321234096,0.14388804140510492,0.2332715246475244,0.20136496925017142,0.03709217198586828,0.010514674611400765,0.028106171421233516,0.026343767395929453,2,2,0,0.0,False
T8-P8-0,4,ictal,103.49404873614687,24.98102698380481,15.344787547992226,6.290882839245988,9312.749714932084,4809.756746652765,0.636562497696631,0.09779878215432347,6842.503506902446,7518.7652526454885,2264.011128477043,1506.4784250472653,199.209925345869,70.56370093976727,559.9600667244048,474.6025821464639,249.8109288555711,204.03021448197083,0.7029542666974056,0.29806251353824287,0.1823467179537263,0.2125826336028146,0.018177482908973537,0.007191875195144571,0.06246454298553197,0.043441331347317924,0.02605484754286967,0.02005096553193629,19,19,0,0.0,False
T8-P8-0,4,sin_crisis_anotada,28.70210697640956,27.005749197973643,2.97533516523737,1.2301617431478342,838.1830121275957,2017.0306662150829,0.6236784125980617,0.13485504897030454,568.6474285985266,1807.5724655358924,149.6214677413622,189.98650372626966,54.30468104478149,49.645724568930426,21.207946214532782,18.670151952823705,1.5617731750017698,4.830204726335522,0.7126374784605601,0.23457034981016378,0.15277974137926595,0.10485830098838518,0.05979447940953154,0.10230005315445345,0.03673442286718542,0.045435377601353494,0.0023262569521205036,0.0021658500695120775,118,118,2,1.694915254237288,False
T8-P8-0,4,transicion,52.569085316160304,12.120122418429318,8.623457641415003,3.0594459170109367,3259.7607174800296,1546.8278048179877,0.6647809405710068,0.0365919717002986,2057.5157197028207,1722.3716188422372,566.140857374286,241.99606196644334,317.81051968148967,201.84155432924024,212.0975346509953,164.4812429800558,106.19608607043739,103.81255929137843,0.49102611846167116,0.29537099479442747,0.2696115526647065,0.20217395239912977,0.16374843003150485,0.139621345964653,0.05307223983229722,0.02527413325208107,0.022541659009820147,0.021150170317274238,2,2,0,0.0,False
T8-P8-0,8,ictal,106.32754080334257,32.66089693643043,15.527147112706201,5.76483995937558,9647.773816450866,7463.853034107049,0.6386209409835768,0.0235961198099246,7463.902266338251,8552.988825757211,2311.3054161296673,1763.9881084673161,199.98098696232043,35.39721848541399,671.4986189111631,332.8275879004767,267.95645917343194,132.0453367930947,0.7442446051967507,0.19239747721250666,0.15240446703722368,0.19420699210539208,0.0182817072520911,0.011770994333051203,0.05207182631433644,0.030614720357603945,0.021812306723090587,0.012800555561908369,9,9,0,0.0,False
T8-P8-0,8,sin_crisis_anotada,29.23402437711694,30.15322063818906,2.9470873615845585,1.2673118231921467,783.9184798587103,2100.5640788113974,0.6559360921237285,0.13628347159960807,563.5665438541818,1648.5340821489501,145.15813161980134,172.1741606029157,58.99220222630531,38.44708886516325,24.154250773521483,19.81514393165192,1.6723934305531003,4.805213594861881,0.6894152821713295,0.21104093407771363,0.16305729785071402,0.09244925118943556,0.061690576203839324,0.10338947862770384,0.04911591808711713,0.043146769267430815,0.0023762392377253685,0.0023148681802053995,58,58,2,3.4482758620689653,False
T8-P8-0,8,transicion,52.857802035782306,12.726885635602528,8.944767208353756,3.8316525958580296,2910.953212138511,1514.9953838736183,0.6868775263057478,0.0358851070148426,1922.8596779720353,1469.507847244997,436.0654353415135,70.88045323297615,261.5935214190464,135.0253279881004,199.49066966635098,162.41995594983786,90.94390773956526,88.97336189986024,0.5456164122047731,0.2208560064477222,0.2228313581042821,0.14032136636204257,0.15635817890353995,0.12776132770084264,0.05416296875444979,0.027607214013212214,0.02103108203295514,0.01961947360195094,2,2,0,0.0,False
